channel_number,channel_name,channel_state,channel_type,programme_count,total_duration_seconds,total_hours,source_count,source_ids,source_names,largest_source_programme_share,largest_source_hours_share,on_air,holding,live,audio,special,thin,healthy,empty,target_programmes,target_hours,target_status,home_sources,reuse_sources,programme_types,earliest_known_year,latest_known_year,known_gap_classification,known_gap_reason,generation_2_effect,generation_3_effect,notes_from_existing_configuration
1,One,ON_AIR,curated/video,210,254105,70.58,24,src_nfb src_royal_institution src_time_team src_kexp src_buzzr src_hollyoaks src_tms_anime src_red_green src_bh_photo src_noclip src_sesame_street src_lol_network src_atk src_clover_chaos src_rick_steves src_missouri_star src_glitch src_harvard_chan src_its_anime src_vevo src_antiques_roadshow_pbs src_wild_commons src_mst3k src_sky_history_uk,National Film Board of Canada Royal Institution Time Team Official / Time Team Classics KEXP BUZZR Hollyoaks Official Anime! on TMS Official Channel The Red Green Show B&H Photo Video Event Space Noclip Sesame Street / Sesame Street Classics LOL! Network America's Test Kitchen Clover Chaos Rick Steves' Europe Missouri Star Quilt Company GLITCH Productions Harvard T.H. Chan School of Public Health It's Anime / REMOW Vevo Official Music Network ANTIQUES ROADSHOW PBS Wild Commons Mystery Science Theater 3000 Sky HISTORY UK,0.171,0.207,true,false,false,false,false,false,true,false,20,6,MEETS_TARGET,,,unclassified:210,1997,2016,NONE,,,,category main; route CURATED_AGGREGATE; source policy curated; general-entertainment mix
2,Two,ON_AIR,curated/video,202,251372,69.83,23,src_nfb src_noclip src_royal_institution src_time_team src_mst3k src_sesame_street src_lol_network src_buzzr src_kexp src_red_green src_bh_photo src_tms_anime src_hollyoaks src_atk src_rick_steves src_glitch src_harvard_chan src_its_anime src_sky_history_uk src_vevo src_wild_commons src_antiques_roadshow_pbs src_missouri_star,National Film Board of Canada Noclip Royal Institution Time Team Official / Time Team Classics Mystery Science Theater 3000 Sesame Street / Sesame Street Classics LOL! Network BUZZR KEXP The Red Green Show B&H Photo Video Event Space Anime! on TMS Official Channel Hollyoaks Official America's Test Kitchen Rick Steves' Europe GLITCH Productions Harvard T.H. Chan School of Public Health It's Anime / REMOW Sky HISTORY UK Vevo Official Music Network Wild Commons ANTIQUES ROADSHOW PBS Missouri Star Quilt Company,0.099,0.154,true,false,false,false,false,false,true,false,20,6,MEETS_TARGET,,,unclassified:202,1975,2013,NONE,,,,category main; route CURATED_AGGREGATE; source policy curated; general-entertainment mix
3,Three,ON_AIR,curated/video,197,224795,62.44,24,src_nfb src_tms_anime src_royal_institution src_time_team src_sesame_street src_hollyoaks src_noclip src_buzzr src_kexp src_mst3k src_lol_network src_atk src_harvard_chan src_sky_history_uk src_glitch src_red_green src_vevo src_antiques_roadshow_pbs src_its_anime src_rick_steves src_bh_photo src_missouri_star src_black_white src_clover_chaos,National Film Board of Canada Anime! on TMS Official Channel Royal Institution Time Team Official / Time Team Classics Sesame Street / Sesame Street Classics Hollyoaks Official Noclip BUZZR KEXP Mystery Science Theater 3000 LOL! Network America's Test Kitchen Harvard T.H. Chan School of Public Health Sky HISTORY UK GLITCH Productions The Red Green Show Vevo Official Music Network ANTIQUES ROADSHOW PBS It's Anime / REMOW Rick Steves' Europe B&H Photo Video Event Space Missouri Star Quilt Company &Black&White Clover Chaos,0.127,0.186,true,false,false,false,false,false,true,false,20,6,MEETS_TARGET,,,unclassified:197,2005,2013,NONE,,,,category main; route CURATED_AGGREGATE; source policy curated; general-entertainment mix
4,Four,ON_AIR,curated/video,193,220873,61.35,23,src_nfb src_royal_institution src_mst3k src_hollyoaks src_noclip src_buzzr src_tms_anime src_kexp src_sesame_street src_harvard_chan src_its_anime src_lol_network src_red_green src_atk src_sky_history_uk src_vevo src_antiques_roadshow_pbs src_rick_steves src_bh_photo src_missouri_star src_time_team src_glitch src_clover_chaos,National Film Board of Canada Royal Institution Mystery Science Theater 3000 Hollyoaks Official Noclip BUZZR Anime! on TMS Official Channel KEXP Sesame Street / Sesame Street Classics Harvard T.H. Chan School of Public Health It's Anime / REMOW LOL! Network The Red Green Show America's Test Kitchen Sky HISTORY UK Vevo Official Music Network ANTIQUES ROADSHOW PBS Rick Steves' Europe B&H Photo Video Event Space Missouri Star Quilt Company Time Team Official / Time Team Classics GLITCH Productions Clover Chaos,0.124,0.2,true,false,false,false,false,false,true,false,20,6,MEETS_TARGET,,,unclassified:193,1976,2012,NONE,,,,category main; route CURATED_AGGREGATE; source policy curated; general-entertainment mix
5,Five,ON_AIR,curated/video,191,205177,56.99,22,src_royal_institution src_nfb src_mst3k src_hollyoaks src_buzzr src_sesame_street src_lol_network src_tms_anime src_kexp src_noclip src_atk src_bh_photo src_time_team src_red_green src_rick_steves src_glitch src_vevo src_harvard_chan src_sky_history_uk src_antiques_roadshow_pbs src_its_anime src_wild_commons,Royal Institution National Film Board of Canada Mystery Science Theater 3000 Hollyoaks Official BUZZR Sesame Street / Sesame Street Classics LOL! Network Anime! on TMS Official Channel KEXP Noclip America's Test Kitchen B&H Photo Video Event Space Time Team Official / Time Team Classics The Red Green Show Rick Steves' Europe GLITCH Productions Vevo Official Music Network Harvard T.H. Chan School of Public Health Sky HISTORY UK ANTIQUES ROADSHOW PBS It's Anime / REMOW Wild Commons,0.126,0.153,true,false,false,false,false,false,true,false,20,6,MEETS_TARGET,,,unclassified:191,1985,2013,NONE,,,,category main; route CURATED_AGGREGATE; source policy curated; general-entertainment mix
6,Six,ON_AIR,curated/video,194,248550,69.04,23,src_nfb src_royal_institution src_harvard_chan src_mst3k src_tms_anime src_time_team src_noclip src_glitch src_hollyoaks src_buzzr src_red_green src_lol_network src_kexp src_bh_photo src_atk src_missouri_star src_sky_history_uk src_wild_commons src_vevo src_sesame_street src_rick_steves src_antiques_roadshow_pbs src_its_anime,National Film Board of Canada Royal Institution Harvard T.H. Chan School of Public Health Mystery Science Theater 3000 Anime! on TMS Official Channel Time Team Official / Time Team Classics Noclip GLITCH Productions Hollyoaks Official BUZZR The Red Green Show LOL! Network KEXP B&H Photo Video Event Space America's Test Kitchen Missouri Star Quilt Company Sky HISTORY UK Wild Commons Vevo Official Music Network Sesame Street / Sesame Street Classics Rick Steves' Europe ANTIQUES ROADSHOW PBS It's Anime / REMOW,0.124,0.262,true,false,false,false,false,false,true,false,20,6,MEETS_TARGET,,,unclassified:194,1985,2005,NONE,,,,category main; route CURATED_AGGREGATE; source policy curated; general-entertainment mix
7,Seven,ON_AIR,curated/video,210,236431,65.68,24,src_nfb src_noclip src_royal_institution src_kexp src_lol_network src_time_team src_buzzr src_hollyoaks src_atk src_tms_anime src_bh_photo src_red_green src_antiques_roadshow_pbs src_harvard_chan src_sky_history_uk src_sesame_street src_rick_steves src_mst3k src_missouri_star src_vevo src_glitch src_wild_commons src_its_anime src_black_white,National Film Board of Canada Noclip Royal Institution KEXP LOL! Network Time Team Official / Time Team Classics BUZZR Hollyoaks Official America's Test Kitchen Anime! on TMS Official Channel B&H Photo Video Event Space The Red Green Show ANTIQUES ROADSHOW PBS Harvard T.H. Chan School of Public Health Sky HISTORY UK Sesame Street / Sesame Street Classics Rick Steves' Europe Mystery Science Theater 3000 Missouri Star Quilt Company Vevo Official Music Network GLITCH Productions Wild Commons It's Anime / REMOW &Black&White,0.148,0.241,true,false,false,false,false,false,true,false,20,6,MEETS_TARGET,,,unclassified:210,1981,2002,NONE,,,,category main; route CURATED_AGGREGATE; source policy curated; general-entertainment mix
8,Eight,ON_AIR,curated/video,222,284901,79.14,23,src_nfb src_noclip src_mst3k src_hollyoaks src_time_team src_tms_anime src_royal_institution src_kexp src_bh_photo src_buzzr src_atk src_red_green src_antiques_roadshow_pbs src_lol_network src_harvard_chan src_missouri_star src_sky_history_uk src_sesame_street src_vevo src_rick_steves src_glitch src_clover_chaos src_its_anime,National Film Board of Canada Noclip Mystery Science Theater 3000 Hollyoaks Official Time Team Official / Time Team Classics Anime! on TMS Official Channel Royal Institution KEXP B&H Photo Video Event Space BUZZR America's Test Kitchen The Red Green Show ANTIQUES ROADSHOW PBS LOL! Network Harvard T.H. Chan School of Public Health Missouri Star Quilt Company Sky HISTORY UK Sesame Street / Sesame Street Classics Vevo Official Music Network Rick Steves' Europe GLITCH Productions Clover Chaos It's Anime / REMOW,0.149,0.277,true,false,false,false,false,false,true,false,20,6,MEETS_TARGET,,,unclassified:222,1989,2004,NONE,,,,category main; route CURATED_AGGREGATE; source policy curated; general-entertainment mix
9,Nine,ON_AIR,curated/video,200,220404,61.22,22,src_nfb src_mst3k src_royal_institution src_tms_anime src_buzzr src_sesame_street src_lol_network src_atk src_kexp src_hollyoaks src_noclip src_red_green src_rick_steves src_its_anime src_glitch src_time_team src_vevo src_sky_history_uk src_harvard_chan src_antiques_roadshow_pbs src_missouri_star src_black_white,National Film Board of Canada Mystery Science Theater 3000 Royal Institution Anime! on TMS Official Channel BUZZR Sesame Street / Sesame Street Classics LOL! Network America's Test Kitchen KEXP Hollyoaks Official Noclip The Red Green Show Rick Steves' Europe It's Anime / REMOW GLITCH Productions Time Team Official / Time Team Classics Vevo Official Music Network Sky HISTORY UK Harvard T.H. Chan School of Public Health ANTIQUES ROADSHOW PBS Missouri Star Quilt Company &Black&White,0.14,0.275,true,false,false,false,false,false,true,false,20,6,MEETS_TARGET,,,unclassified:200,1984,2017,NONE,,,,category main; route CURATED_AGGREGATE; source policy curated; general-entertainment mix
10,Prime,ON_AIR,curated/video,213,247499,68.75,24,src_nfb src_royal_institution src_time_team src_tms_anime src_noclip src_mst3k src_lol_network src_hollyoaks src_kexp src_atk src_buzzr src_glitch src_red_green src_sesame_street src_sky_history_uk src_harvard_chan src_rick_steves src_vevo src_clover_chaos src_bh_photo src_its_anime src_missouri_star src_wild_commons src_antiques_roadshow_pbs,National Film Board of Canada Royal Institution Time Team Official / Time Team Classics Anime! on TMS Official Channel Noclip Mystery Science Theater 3000 LOL! Network Hollyoaks Official KEXP America's Test Kitchen BUZZR GLITCH Productions The Red Green Show Sesame Street / Sesame Street Classics Sky HISTORY UK Harvard T.H. Chan School of Public Health Rick Steves' Europe Vevo Official Music Network Clover Chaos B&H Photo Video Event Space It's Anime / REMOW Missouri Star Quilt Company Wild Commons ANTIQUES ROADSHOW PBS,0.127,0.15,true,false,false,false,false,false,true,false,20,6,MEETS_TARGET,,,unclassified:213,1972,2012,NONE,,,,category main; route CURATED_AGGREGATE; source policy curated; general-entertainment mix
11,Select,ON_AIR,curated/video,176,219933,61.09,23,src_royal_institution src_nfb src_sesame_street src_kexp src_vevo src_tms_anime src_lol_network src_glitch src_time_team src_mst3k src_red_green src_bh_photo src_atk src_harvard_chan src_noclip src_its_anime src_hollyoaks src_missouri_star src_buzzr src_antiques_roadshow_pbs src_rick_steves src_wild_commons src_sky_history_uk,Royal Institution National Film Board of Canada Sesame Street / Sesame Street Classics KEXP Vevo Official Music Network Anime! on TMS Official Channel LOL! Network GLITCH Productions Time Team Official / Time Team Classics Mystery Science Theater 3000 The Red Green Show B&H Photo Video Event Space America's Test Kitchen Harvard T.H. Chan School of Public Health Noclip It's Anime / REMOW Hollyoaks Official Missouri Star Quilt Company BUZZR ANTIQUES ROADSHOW PBS Rick Steves' Europe Wild Commons Sky HISTORY UK,0.114,0.187,true,false,false,false,false,false,true,false,20,6,MEETS_TARGET,,,unclassified:176,1982,2004,NONE,,,,category main; route CURATED_AGGREGATE; source policy curated; general-entertainment mix
12,Plus,ON_AIR,curated/video,210,254027,70.56,24,src_nfb src_time_team src_royal_institution src_tms_anime src_mst3k src_noclip src_buzzr src_lol_network src_kexp src_atk src_its_anime src_rick_steves src_harvard_chan src_vevo src_bh_photo src_hollyoaks src_glitch src_sesame_street src_sky_history_uk src_red_green src_missouri_star src_antiques_roadshow_pbs src_wild_commons src_clover_chaos,National Film Board of Canada Time Team Official / Time Team Classics Royal Institution Anime! on TMS Official Channel Mystery Science Theater 3000 Noclip BUZZR LOL! Network KEXP America's Test Kitchen It's Anime / REMOW Rick Steves' Europe Harvard T.H. Chan School of Public Health Vevo Official Music Network B&H Photo Video Event Space Hollyoaks Official GLITCH Productions Sesame Street / Sesame Street Classics Sky HISTORY UK The Red Green Show Missouri Star Quilt Company ANTIQUES ROADSHOW PBS Wild Commons Clover Chaos,0.138,0.227,true,false,false,false,false,false,true,false,20,6,MEETS_TARGET,,,unclassified:210,1982,2012,NONE,,,,category main; route CURATED_AGGREGATE; source policy curated; general-entertainment mix
13,Variety,ON_AIR,curated/video,235,263869,73.3,10,src_tms_anime src_hollyoaks src_buzzr src_mst3k src_lol_network src_red_green src_its_anime src_glitch src_clover_chaos src_black_white,Anime! on TMS Official Channel Hollyoaks Official BUZZR Mystery Science Theater 3000 LOL! Network The Red Green Show It's Anime / REMOW GLITCH Productions Clover Chaos &Black&White,0.157,0.212,true,false,false,false,false,false,true,false,20,6,MEETS_TARGET,,,unclassified:235,1991,2005,NONE,,,,category main; route SOURCE_ROUTED; source policy curated; general-entertainment mix
14,Encore,ON_AIR,curated/video,225,275842,76.62,24,src_nfb src_royal_institution src_tms_anime src_mst3k src_time_team src_hollyoaks src_lol_network src_buzzr src_noclip src_sesame_street src_kexp src_bh_photo src_atk src_red_green src_rick_steves src_its_anime src_vevo src_glitch src_missouri_star src_antiques_roadshow_pbs src_sky_history_uk src_harvard_chan src_black_white src_wild_commons,National Film Board of Canada Royal Institution Anime! on TMS Official Channel Mystery Science Theater 3000 Time Team Official / Time Team Classics Hollyoaks Official LOL! Network BUZZR Noclip Sesame Street / Sesame Street Classics KEXP B&H Photo Video Event Space America's Test Kitchen The Red Green Show Rick Steves' Europe It's Anime / REMOW Vevo Official Music Network GLITCH Productions Missouri Star Quilt Company ANTIQUES ROADSHOW PBS Sky HISTORY UK Harvard T.H. Chan School of Public Health &Black&White Wild Commons,0.12,0.212,true,false,false,false,false,false,true,false,20,6,MEETS_TARGET,,,unclassified:225,1968,2017,NONE,,,,category main; route CURATED_AGGREGATE; source policy curated; general-entertainment mix
15,Choice,ON_AIR,curated/video,224,288578,80.16,24,src_nfb src_royal_institution src_time_team src_mst3k src_tms_anime src_kexp src_buzzr src_atk src_hollyoaks src_noclip src_lol_network src_harvard_chan src_bh_photo src_sesame_street src_its_anime src_missouri_star src_red_green src_rick_steves src_vevo src_glitch src_sky_history_uk src_clover_chaos src_antiques_roadshow_pbs src_wild_commons,National Film Board of Canada Royal Institution Time Team Official / Time Team Classics Mystery Science Theater 3000 Anime! on TMS Official Channel KEXP BUZZR America's Test Kitchen Hollyoaks Official Noclip LOL! Network Harvard T.H. Chan School of Public Health B&H Photo Video Event Space Sesame Street / Sesame Street Classics It's Anime / REMOW Missouri Star Quilt Company The Red Green Show Rick Steves' Europe Vevo Official Music Network GLITCH Productions Sky HISTORY UK Clover Chaos ANTIQUES ROADSHOW PBS Wild Commons,0.134,0.205,true,false,false,false,false,false,true,false,20,6,MEETS_TARGET,,,unclassified:224,1968,2013,NONE,,,,category main; route CURATED_AGGREGATE; source policy curated; general-entertainment mix
16,Mix,ON_AIR,curated/video,211,297701,82.69,22,src_nfb src_royal_institution src_noclip src_hollyoaks src_time_team src_mst3k src_tms_anime src_kexp src_buzzr src_lol_network src_sesame_street src_atk src_harvard_chan src_red_green src_rick_steves src_glitch src_its_anime src_sky_history_uk src_antiques_roadshow_pbs src_vevo src_bh_photo src_missouri_star,National Film Board of Canada Royal Institution Noclip Hollyoaks Official Time Team Official / Time Team Classics Mystery Science Theater 3000 Anime! on TMS Official Channel KEXP BUZZR LOL! Network Sesame Street / Sesame Street Classics America's Test Kitchen Harvard T.H. Chan School of Public Health The Red Green Show Rick Steves' Europe GLITCH Productions It's Anime / REMOW Sky HISTORY UK ANTIQUES ROADSHOW PBS Vevo Official Music Network B&H Photo Video Event Space Missouri Star Quilt Company,0.147,0.243,true,false,false,false,false,false,true,false,20,6,MEETS_TARGET,,,unclassified:211,1999,2003,NONE,,,,category main; route CURATED_AGGREGATE; source policy curated; general-entertainment mix
17,Classic,ON_AIR,curated/video,206,236400,65.67,22,src_royal_institution src_nfb src_tms_anime src_hollyoaks src_buzzr src_bh_photo src_lol_network src_kexp src_mst3k src_harvard_chan src_time_team src_noclip src_glitch src_rick_steves src_its_anime src_vevo src_missouri_star src_antiques_roadshow_pbs src_atk src_red_green src_sesame_street src_sky_history_uk,Royal Institution National Film Board of Canada Anime! on TMS Official Channel Hollyoaks Official BUZZR B&H Photo Video Event Space LOL! Network KEXP Mystery Science Theater 3000 Harvard T.H. Chan School of Public Health Time Team Official / Time Team Classics Noclip GLITCH Productions Rick Steves' Europe It's Anime / REMOW Vevo Official Music Network Missouri Star Quilt Company ANTIQUES ROADSHOW PBS America's Test Kitchen The Red Green Show Sesame Street / Sesame Street Classics Sky HISTORY UK,0.117,0.166,true,false,false,false,false,false,true,false,20,6,MEETS_TARGET,,,unclassified:206,1973,2017,NONE,,,,category main; route CURATED_AGGREGATE; source policy curated; general-entertainment mix
18,Retro,ON_AIR,curated/video,235,309780,86.05,23,src_nfb src_royal_institution src_mst3k src_time_team src_noclip src_tms_anime src_sesame_street src_buzzr src_lol_network src_hollyoaks src_kexp src_atk src_glitch src_harvard_chan src_red_green src_rick_steves src_its_anime src_antiques_roadshow_pbs src_vevo src_missouri_star src_sky_history_uk src_clover_chaos src_wild_commons,National Film Board of Canada Royal Institution Mystery Science Theater 3000 Time Team Official / Time Team Classics Noclip Anime! on TMS Official Channel Sesame Street / Sesame Street Classics BUZZR LOL! Network Hollyoaks Official KEXP America's Test Kitchen GLITCH Productions Harvard T.H. Chan School of Public Health The Red Green Show Rick Steves' Europe It's Anime / REMOW ANTIQUES ROADSHOW PBS Vevo Official Music Network Missouri Star Quilt Company Sky HISTORY UK Clover Chaos Wild Commons,0.17,0.194,true,false,false,false,false,false,true,false,20,6,MEETS_TARGET,,,unclassified:235,1991,2013,NONE,,,,category main; route CURATED_AGGREGATE; source policy curated; general-entertainment mix
19,Archive,ON_AIR,curated/video,26,47941,13.32,4,src_bbc_archive src_dick_cavett src_thames_tv src_johnny_carson,BBC Archive The Dick Cavett Show Thames TV Johnny Carson,0.269,0.31,true,false,false,false,false,false,true,false,20,6,MEETS_TARGET,,src_bbc_archive src_dick_cavett src_johnny_carson src_thames_tv,unclassified:26,,,NONE,,,,category main; route SOURCE_ROUTED; source policy curated; general-entertainment mix; film sources: 
20,Documentary,ON_AIR,curated/video,324,553581,153.77,4,src_nfb src_time_team src_sky_history_uk src_wild_commons,National Film Board of Canada Time Team Official / Time Team Classics Sky HISTORY UK Wild Commons,0.58,0.695,true,false,false,false,false,false,true,false,20,6,MEETS_TARGET,,,unclassified:324,,,NONE,,,,category main; route SOURCE_ROUTED; source policy curated
21,World,ON_AIR,curated/video,191,387351,107.6,2,src_nfb src_wild_commons,National Film Board of Canada Wild Commons,0.984,0.993,true,false,false,false,false,false,true,false,20,6,MEETS_TARGET,,,unclassified:191,,,NONE,,,,category main; route SOURCE_ROUTED; source policy curated
22,Science,ON_AIR,curated/video,133,301696,83.8,3,src_royal_institution src_harvard_chan src_numberphile,Royal Institution Harvard T.H. Chan School of Public Health Numberphile,0.594,0.814,true,false,false,false,false,false,true,false,20,6,MEETS_TARGET,src_chm src_computerphile src_numberphile,,unclassified:133,1976,2012,NONE,,,,category main; route SOURCE_ROUTED; source policy curated
23,Nature,ON_AIR,curated/video,300,1029921,286.09,1,src_free_documentary_nature,Free Documentary – Nature,1,1,true,false,false,false,false,false,true,false,20,6,MEETS_TARGET,src_free_documentary_nature,,unclassified:300,,,NONE,,,,category main; route SOURCE_ROUTED; source policy curated
24,Culture,ON_AIR,curated/video,392,544923,151.37,4,src_nfb src_time_team src_antiques_roadshow_pbs src_sky_history_uk,National Film Board of Canada Time Team Official / Time Team Classics ANTIQUES ROADSHOW PBS Sky HISTORY UK,0.554,0.716,true,false,false,false,false,false,true,false,20,6,MEETS_TARGET,,,unclassified:392,,,NONE,,,,category main; route SOURCE_ROUTED; source policy curated
25,Arts,ON_AIR,curated/video,253,411347,114.26,3,src_nfb src_bh_photo src_antiques_roadshow_pbs,National Film Board of Canada B&H Photo Video Event Space ANTIQUES ROADSHOW PBS,0.704,0.913,true,false,false,false,false,false,true,false,20,6,MEETS_TARGET,,,unclassified:253,,,NONE,,,,category main; route SOURCE_ROUTED; source policy curated
26,Ideas,ON_AIR,curated/video,143,321844,89.4,4,src_royal_institution src_bh_photo src_harvard_chan src_numberphile,Royal Institution B&H Photo Video Event Space Harvard T.H. Chan School of Public Health Numberphile,0.483,0.704,true,false,false,false,false,false,true,false,20,6,MEETS_TARGET,src_chm src_computerphile src_numberphile,,unclassified:143,1968,2017,NONE,,,,category main; route SOURCE_ROUTED; source policy curated
27,People,ON_AIR,curated/video,23,78175,21.72,6,src_timeline src_nfb src_national_gallery src_bbc_archive src_epic_history src_bfi,Timeline – World History Documentaries National Film Board of Canada The National Gallery BBC Archive Epic History BFI,0.435,0.54,true,false,false,false,false,false,true,false,20,6,MEETS_TARGET,,src_bbc_archive src_bfi src_epic_history src_national_gallery src_nfb src_timeline,unclassified:23,,,NONE,,,,category main; route SOURCE_ROUTED; source policy curated; film sources: 
28,Places,ON_AIR,curated/video,314,425580,118.22,4,src_nfb src_rick_steves src_national_rail_scenic src_wild_commons,National Film Board of Canada Rick Steves' Europe National Rail Scenic Railway Journeys Wild Commons,0.691,0.917,true,false,false,false,false,false,true,false,20,6,MEETS_TARGET,src_national_rail_scenic,,unclassified:314,,,NONE,,,,category main; route SOURCE_ROUTED; source policy curated
29,Life,ON_AIR,curated/video,48,54601,15.17,3,src_yoga_adriene src_missouri_star src_hasfit,Yoga With Adriene Missouri Star Quilt Company HASfit,0.438,0.423,true,false,false,false,false,false,true,false,20,6,MEETS_TARGET,src_hasfit src_yoga_adriene,,unclassified:48,,,NONE,,,,category main; route SOURCE_ROUTED; source policy curated
30,Comedy,ON_AIR,curated/video,182,215262,59.8,4,src_mst3k src_lol_network src_red_green src_buzzr,Mystery Science Theater 3000 LOL! Network The Red Green Show BUZZR,0.44,0.433,true,false,false,false,false,false,true,false,20,6,MEETS_TARGET,,,unclassified:182,1991,2005,NONE,,,,category main; route SOURCE_ROUTED; source policy curated
31,Drama,ON_AIR,curated/video,58,88871,24.69,1,src_hollyoaks,Hollyoaks Official,1,1,true,false,false,false,false,false,true,false,20,6,MEETS_TARGET,,,unclassified:58,,,NONE,,,,category main; route SOURCE_ROUTED; source policy curated
32,Crime,ON_AIR,curated/video,67,106454,29.57,11,src_nfb src_mst3k src_lol_network src_glitch src_royal_institution src_time_team src_buzzr src_bh_photo src_harvard_chan src_sky_history_uk src_wild_commons,National Film Board of Canada Mystery Science Theater 3000 LOL! Network GLITCH Productions Royal Institution Time Team Official / Time Team Classics BUZZR B&H Photo Video Event Space Harvard T.H. Chan School of Public Health Sky HISTORY UK Wild Commons,0.284,0.173,true,false,false,false,false,false,true,false,20,6,MEETS_TARGET,,,unclassified:67,,,NONE,,,,category main; route CURATED_AGGREGATE; source policy curated
33,Mystery,ON_AIR,curated/video,26,43728,12.15,9,src_nfb src_time_team src_lol_network src_royal_institution src_bh_photo src_buzzr src_glitch src_sky_history_uk src_mst3k,National Film Board of Canada Time Team Official / Time Team Classics LOL! Network Royal Institution B&H Photo Video Event Space BUZZR GLITCH Productions Sky HISTORY UK Mystery Science Theater 3000,0.192,0.348,true,false,false,false,false,false,true,false,20,6,MEETS_TARGET,,,unclassified:26,,,NONE,,,,category main; route CURATED_AGGREGATE; source policy curated
34,Action,ON_AIR,curated/video,50,270940,75.26,1,src_popcornflix,Popcornflix,1,1,true,false,false,false,false,false,true,false,20,6,MEETS_TARGET,,,unclassified:50,1986,2022,NONE,,,,category main; route CURATED_AGGREGATE; source policy curated
35,Adventure,THIN,curated/video,5,3508,0.97,3,src_nfb src_glitch src_bh_photo,National Film Board of Canada GLITCH Productions B&H Photo Video Event Space,0.4,0.848,true,false,false,false,false,true,false,false,20,6,BELOW_VIABLE,,,unclassified:5,,,NEEDS_DEPTH,0.97 h of distinct programming; the airing floor is 3 h.,,,category main; route CURATED_AGGREGATE; source policy curated
36,Sci-Fi,ON_AIR,curated/video,87,108858,30.24,4,src_mst3k src_royal_institution src_harvard_chan src_sky_history_uk,Mystery Science Theater 3000 Royal Institution Harvard T.H. Chan School of Public Health Sky HISTORY UK,0.92,0.856,true,false,false,false,false,false,true,false,120,5,VIABLE_BELOW_TARGET,,,unclassified:87,,,BELOW_TARGET,87 programmes / 30.24 h against the SHORT_FORM target of 120 / 5 h.,,,category main; route CURATED_AGGREGATE; source policy curated
37,Fantasy,ON_AIR,curated/video,8,54221,15.06,3,src_movie_central src_popcornflix src_filmrise_movies,Movie Central Popcornflix FilmRise Movies,0.5,0.539,true,false,false,false,false,false,true,false,20,6,BELOW_VIABLE,,src_movie_central src_popcornflix src_filmrise_movies,unclassified:8,2009,2010,BELOW_TARGET,8 programmes / 15.06 h against the LONGFORM target of 20 / 6 h.,"imported 1.0.7: 2 routed, 2 in today's pool (3.71 h)",,category main; route CURATED_AGGREGATE; source policy curated; film sources: 
38,Horror,ON_AIR,curated/video,68,138775,38.55,1,src_mst3k,Mystery Science Theater 3000,1,1,true,false,false,false,false,false,true,false,120,5,VIABLE_BELOW_TARGET,,,unclassified:68,,,BELOW_TARGET,68 programmes / 38.55 h against the SHORT_FORM target of 120 / 5 h.,,,category main; route SOURCE_ROUTED; source policy curated
39,Cult,ON_AIR,curated/video,79,102177,28.38,1,src_mst3k,Mystery Science Theater 3000,1,1,true,false,false,false,false,false,true,false,120,5,VIABLE_BELOW_TARGET,,,unclassified:79,,,BELOW_TARGET,79 programmes / 28.38 h against the SHORT_FORM target of 120 / 5 h.,,,category main; route SOURCE_ROUTED; source policy curated
40,Animation,ON_AIR,curated/video,253,243018,67.51,6,src_tms_anime src_sesame_street src_its_anime src_glitch src_nfb src_clover_chaos,Anime! on TMS Official Channel Sesame Street / Sesame Street Classics It's Anime / REMOW GLITCH Productions National Film Board of Canada Clover Chaos,0.289,0.476,true,false,false,false,false,false,true,false,20,6,MEETS_TARGET,,,unclassified:253,,,NONE,,,,category main; route SOURCE_ROUTED; source policy curated
41,Cartoons,ON_AIR,curated/video,265,262545,72.93,6,src_tms_anime src_sesame_street src_glitch src_its_anime src_nfb src_clover_chaos,Anime! on TMS Official Channel Sesame Street / Sesame Street Classics GLITCH Productions It's Anime / REMOW National Film Board of Canada Clover Chaos,0.325,0.511,true,false,false,false,false,false,true,false,20,6,MEETS_TARGET,,,unclassified:265,,,NONE,,,,category main; route SOURCE_ROUTED; source policy curated
42,Anime,ON_AIR,curated/video,126,149514,41.53,2,src_tms_anime src_its_anime,Anime! on TMS Official Channel It's Anime / REMOW,0.579,0.774,true,false,false,false,false,false,true,false,20,6,MEETS_TARGET,,,unclassified:126,,,NONE,,,,category main; route SOURCE_ROUTED; source policy curated
43,Family,ON_AIR,curated/video,77,71727,19.92,2,src_sesame_street src_nfb,Sesame Street / Sesame Street Classics National Film Board of Canada,0.818,0.684,true,false,false,false,false,false,true,false,120,5,VIABLE_BELOW_TARGET,,,unclassified:77,,,BELOW_TARGET,77 programmes / 19.92 h against the SHORT_FORM target of 120 / 5 h.,,,category main; route SOURCE_ROUTED; source policy curated
44,Kids,ON_AIR,curated/video,72,65978,18.33,1,src_sesame_street,Sesame Street / Sesame Street Classics,1,1,true,false,false,false,false,false,true,false,120,5,VIABLE_BELOW_TARGET,,,unclassified:72,,,BELOW_TARGET,72 programmes / 18.33 h against the SHORT_FORM target of 120 / 5 h.,,,category main; route SOURCE_ROUTED; source policy curated
45,Teen,ON_AIR,curated/video,131,161400,44.83,4,src_tms_anime src_its_anime src_glitch src_clover_chaos,Anime! on TMS Official Channel It's Anime / REMOW GLITCH Productions Clover Chaos,0.656,0.831,true,false,false,false,false,false,true,false,20,6,MEETS_TARGET,,,unclassified:131,,,NONE,,,,category main; route SOURCE_ROUTED; source policy curated
46,Games,ON_AIR,curated/video,56,133877,37.19,1,src_noclip,Noclip,1,1,true,false,false,false,false,false,true,false,20,6,MEETS_TARGET,,,unclassified:56,,,NONE,,,,category main; route SOURCE_ROUTED; source policy curated
47,Geek,ON_AIR,curated/video,290,437425,121.51,2,src_noclip src_glitch,Noclip GLITCH Productions,0.507,0.802,true,false,false,false,false,false,true,false,20,6,MEETS_TARGET,,,unclassified:290,,,NONE,,,,category main; route SOURCE_ROUTED; source policy curated
48,Screen,THIN,curated/video,3,991,0.28,3,src_nfb src_lol_network src_harvard_chan,National Film Board of Canada LOL! Network Harvard T.H. Chan School of Public Health,0.333,0.596,true,false,false,false,false,true,false,false,20,6,BELOW_VIABLE,,,unclassified:3,,,NEEDS_DEPTH,0.28 h of distinct programming; the airing floor is 3 h.,,,category main; route CURATED_AGGREGATE; source policy curated
49,Stage,ON_AIR,curated/video,161,435498,120.97,4,src_stratford src_royal_court src_lincoln_center src_rsc,Stratford Festival Royal Court Theatre Lincoln Center – Theatre and Dance Royal Shakespeare Company,0.497,0.515,true,false,false,false,false,false,true,false,20,6,MEETS_TARGET,src_rsc src_stratford src_royal_court src_lincoln_center,,unclassified:161,,,NONE,,,,category main; route SOURCE_ROUTED; source policy curated; film sources: 
50,Music TV,ON_AIR,curated/video,229,104030,28.9,2,src_kexp src_vevo,KEXP Vevo Official Music Network,0.725,0.83,true,false,false,false,false,false,true,false,120,5,MEETS_TARGET,,,unclassified:229,2012,2013,NONE,,,,category main; route SOURCE_ROUTED; source policy curated
51,Live Music,ON_AIR,curated/video,238,102311,28.42,2,src_kexp src_vevo,KEXP Vevo Official Music Network,0.714,0.73,true,false,false,false,false,false,true,false,120,5,MEETS_TARGET,,,unclassified:238,2012,2017,NONE,,,,category main; route SOURCE_ROUTED; source policy curated
52,Sport Mix,ON_AIR,curated/video,371,509128,141.42,8,src_fivb_archive src_top_rank src_fifa src_one src_world_rugby src_wwe src_fih src_icc,FIVB / Volleyball World historical free replays Top Rank Boxing FIFA ONE Championship World Rugby WWE International Hockey Federation (FIH) ICC,0.243,0.388,true,false,false,false,false,false,true,false,20,6,MEETS_TARGET,,,unclassified:371,1990,2026,NONE,,,,category main; route SOURCE_ROUTED; source policy curated; sport routing: any sport
53,Football Mix,ON_AIR,curated/video,90,63095,17.53,1,src_fifa,FIFA,1,1,true,false,false,false,false,false,true,false,120,5,VIABLE_BELOW_TARGET,,,unclassified:90,1990,2026,BELOW_TARGET,90 programmes / 17.53 h against the SHORT_FORM target of 120 / 5 h.,,,category main; route SOURCE_ROUTED; source policy curated; sport routing: football
54,Motor Mix,ON_AIR,curated/video,109,132906,36.92,2,src_hagerty src_motorweek,Hagerty MotorWeek,0.826,0.736,true,false,false,false,false,false,true,false,20,6,MEETS_TARGET,src_hagerty src_motorweek,,unclassified:109,,,NONE,,,,category main; route SOURCE_ROUTED; source policy curated; sport routing: motorsport
55,Fight Mix,ON_AIR,curated/video,141,247643,68.79,3,src_one src_top_rank src_wwe,ONE Championship Top Rank Boxing WWE,0.61,0.62,true,false,false,false,false,false,true,false,20,6,MEETS_TARGET,,,unclassified:141,,,NONE,,,,"category main; route SOURCE_ROUTED; source policy curated; sport routing: boxing, mma, wrestling"
56,Outdoor,ON_AIR,curated/video,29,43152,11.99,2,src_national_rail_scenic src_wild_commons,National Rail Scenic Railway Journeys Wild Commons,0.586,0.708,true,false,false,false,false,false,true,false,20,6,MEETS_TARGET,src_national_rail_scenic,,unclassified:29,,,NONE,,,,category main; route SOURCE_ROUTED; source policy curated
57,Travel,ON_AIR,curated/video,593,947077,263.08,2,src_kara_and_nate src_lost_leblanc,Kara and Nate Lost LeBlanc,0.503,0.554,true,false,false,false,false,false,true,false,20,6,MEETS_TARGET,src_national_rail_scenic src_lonely_planet src_kara_and_nate src_lost_leblanc,,unclassified:593,,,NONE,,,,category main; route SOURCE_ROUTED; source policy curated
58,Food,ON_AIR,curated/video,77,48937,13.59,2,src_atk src_rick_steves,America's Test Kitchen Rick Steves' Europe,0.987,0.998,true,false,false,false,false,false,true,false,20,6,MEETS_TARGET,,,unclassified:77,,,NONE,,,,category main; route SOURCE_ROUTED; source policy curated
59,Home,ON_AIR,curated/video,50,63097,17.53,2,src_bh_photo src_missouri_star,B&H Photo Video Event Space Missouri Star Quilt Company,0.58,0.692,true,false,false,false,false,false,true,false,20,6,MEETS_TARGET,,,unclassified:50,,,NONE,,,,category main; route SOURCE_ROUTED; source policy curated
60,History Mix,ON_AIR,curated/video,297,516704,143.53,3,src_nfb src_time_team src_sky_history_uk,National Film Board of Canada Time Team Official / Time Team Classics Sky HISTORY UK,0.599,0.727,true,false,false,false,false,false,true,false,20,6,MEETS_TARGET,,,unclassified:297,,,NONE,,,,category main; route SOURCE_ROUTED; source policy curated
61,Geography Mix,ON_AIR,curated/video,23,32694,9.08,7,src_free_documentary_travel src_schmidt_ocean src_arte_travel src_geography_now src_city_beautiful src_usgs src_geologyhub,Free Documentary – Travel Schmidt Ocean Institute ARTE.tv Documentary – Travel Geography Now City Beautiful USGS GeologyHub,0.217,0.264,true,false,false,false,false,false,true,false,20,6,MEETS_TARGET,,src_arte_travel src_city_beautiful src_free_documentary_travel src_geography_now src_geologyhub src_schmidt_ocean src_usgs,unclassified:23,,,NONE,,,,category main; route CURATED_AGGREGATE; source policy curated; film sources: 
62,Knowledge,ON_AIR,curated/video,113,400158,111.16,1,src_timeline,Timeline – World History Documentaries,1,1,true,false,false,false,false,false,true,false,20,6,MEETS_TARGET,,,unclassified:113,,,NONE,,,,category main; route CURATED_AGGREGATE; source policy curated
63,Discovery,ON_AIR,curated/video,58,358943,99.71,1,src_timeline,Timeline – World History Documentaries,1,1,true,false,false,false,false,false,true,false,20,6,MEETS_TARGET,,,unclassified:58,,,NONE,,,,category main; route SOURCE_ROUTED; source policy curated
64,Space,UNAVAILABLE,curated/video,0,0,0,0,,,0,0,false,true,false,false,false,false,false,true,,,NOT_MEASURED_UNAVAILABLE,,,,,,OFF_AIR_BY_POLICY,Excluded by network policy.,,,category main; route EXCLUDED; source policy curated; status card OFF_AIR
65,Earth,ON_AIR,curated/video,300,1918592,532.94,1,src_nick_zentner,Nick Zentner,1,1,true,false,false,false,false,false,true,false,20,6,MEETS_TARGET,src_nick_zentner,,unclassified:300,,,NONE,,,,category main; route SOURCE_ROUTED; source policy curated
66,Wildlife,ON_AIR,curated/video,600,1806486,501.8,2,src_real_wild src_brave_wilderness,Real Wild Brave Wilderness,0.5,0.835,true,false,false,false,false,false,true,false,20,6,MEETS_TARGET,src_real_wild src_brave_wilderness,,unclassified:600,,,NONE,,,,category main; route SOURCE_ROUTED; source policy curated
67,Engineering,ON_AIR,curated/video,84,56752,15.76,2,src_practical_engineering src_b1m,Practical Engineering The B1M,0.571,0.598,true,false,false,false,false,false,true,false,20,6,MEETS_TARGET,src_practical_engineering src_b1m,,unclassified:84,,,NONE,,,,category main; route SOURCE_ROUTED; source policy curated
68,Technology,ON_AIR,curated/video,95,246276,68.41,2,src_chm src_computerphile,Computer History Museum Computerphile,0.579,0.887,true,false,false,false,false,false,true,false,20,6,MEETS_TARGET,src_chm src_computerphile src_numberphile,,unclassified:95,,,NONE,,,,category main; route SOURCE_ROUTED; source policy curated
69,Future,ON_AIR,curated/video,13,28844,8.01,5,src_royal_institution src_nfb src_mst3k src_rick_steves src_harvard_chan,Royal Institution National Film Board of Canada Mystery Science Theater 3000 Rick Steves' Europe Harvard T.H. Chan School of Public Health,0.615,0.864,true,false,false,false,false,false,true,false,20,6,VIABLE_BELOW_TARGET,,,unclassified:13,,,BELOW_TARGET,13 programmes / 8.01 h against the POLICY target of 20 / 6 h.,,,category main; route CURATED_AGGREGATE; source policy curated
70,News Mix,ON_AIR,curated/video,59,52865,14.68,2,src_livenow_fox src_nbc_news_now,LiveNOW from FOX NBC News NOW,0.661,0.733,true,false,false,false,false,false,true,false,20,6,MEETS_TARGET,src_nbc_news_now src_livenow_fox,,unclassified:59,,,NONE,,,,category main; route SOURCE_ROUTED; source policy curated
71,World Report,ON_AIR,curated/video,50,43757,12.15,2,src_livenow_fox src_nbc_news_now,LiveNOW from FOX NBC News NOW,0.5,0.537,true,false,false,false,false,false,true,false,20,6,MEETS_TARGET,src_nbc_news_now src_livenow_fox,,unclassified:50,,,NONE,,,,category main; route SOURCE_ROUTED; source policy curated
72,Current Affairs,ON_AIR,curated/video,86,82498,22.92,3,src_harvard_chan src_livenow_fox src_nbc_news_now,Harvard T.H. Chan School of Public Health LiveNOW from FOX NBC News NOW,0.43,0.55,true,false,false,false,false,false,true,false,120,5,VIABLE_BELOW_TARGET,src_nbc_news_now src_livenow_fox,,unclassified:86,,,BELOW_TARGET,86 programmes / 22.92 h against the SHORT_FORM target of 120 / 5 h.,,,category main; route SOURCE_ROUTED; source policy curated
73,Business Today,ON_AIR,curated/video,0,0,0,0,,,0,0,true,false,true,false,false,false,true,false,,,NOT_MEASURED_LIVE,,,,,,NONE,,,,category main; route SOURCE_ROUTED; source policy curated; film sources: ; dynamic identity (configured): Business Today: same-day business bulletins; official live stream: Yahoo Finance 24/7; status card LIVE_INTERRUPTED
74,Weather,ON_AIR,curated/video,0,0,0,0,,,0,0,true,false,true,false,false,false,true,false,,,NOT_MEASURED_LIVE,src_nbc_news_now src_livenow_fox,,,,,NONE,,,,category main; route SOURCE_ROUTED; source policy curated; film sources: ; dynamic identity (configured): Weather: live national weather with recent national forecasts; official live stream: WeatherNation Live; status card LIVE_INTERRUPTED
75,Interviews,ON_AIR,curated/video,36,44358,12.32,1,src_harvard_chan,Harvard T.H. Chan School of Public Health,1,1,true,false,false,false,false,false,true,false,120,5,BELOW_VIABLE,src_chm src_computerphile src_numberphile,,unclassified:36,,,BELOW_TARGET,36 programmes / 12.32 h against the SHORT_FORM target of 120 / 5 h.,,,category main; route SOURCE_ROUTED; source policy curated
76,Talk,ON_AIR,curated/video,500,646924,179.7,2,src_hot_ones src_dick_cavett,First We Feast – Hot Ones The Dick Cavett Show,0.6,0.518,true,false,false,false,false,false,true,false,20,6,MEETS_TARGET,src_dick_cavett src_hot_ones,,unclassified:500,,,NONE,,,,category main; route SOURCE_ROUTED; source policy curated; film sources: 
77,Debate,ON_AIR,curated/video,37,45336,12.59,1,src_harvard_chan,Harvard T.H. Chan School of Public Health,1,1,true,false,false,false,false,false,true,false,120,5,BELOW_VIABLE,,,unclassified:37,,,BELOW_TARGET,37 programmes / 12.59 h against the SHORT_FORM target of 120 / 5 h.,,,category main; route SOURCE_ROUTED; source policy curated
78,Magazine,ON_AIR,curated/video,22,31842,8.85,2,src_bbc_archive src_this_morning,BBC Archive This Morning,0.545,0.637,true,false,false,false,false,false,true,false,20,6,MEETS_TARGET,,src_bbc_archive src_this_morning,unclassified:22,,,NONE,,,,category main; route SOURCE_ROUTED; source policy curated; film sources: 
79,Late,ON_AIR,curated/video,203,252390,70.11,23,src_nfb src_tms_anime src_noclip src_royal_institution src_kexp src_mst3k src_buzzr src_sesame_street src_hollyoaks src_its_anime src_bh_photo src_time_team src_lol_network src_atk src_harvard_chan src_vevo src_rick_steves src_sky_history_uk src_red_green src_glitch src_missouri_star src_antiques_roadshow_pbs src_wild_commons,National Film Board of Canada Anime! on TMS Official Channel Noclip Royal Institution KEXP Mystery Science Theater 3000 BUZZR Sesame Street / Sesame Street Classics Hollyoaks Official It's Anime / REMOW B&H Photo Video Event Space Time Team Official / Time Team Classics LOL! Network America's Test Kitchen Harvard T.H. Chan School of Public Health Vevo Official Music Network Rick Steves' Europe Sky HISTORY UK The Red Green Show GLITCH Productions Missouri Star Quilt Company ANTIQUES ROADSHOW PBS Wild Commons,0.138,0.248,true,false,false,false,false,false,true,false,20,6,MEETS_TARGET,,,unclassified:203,2004,2012,NONE,,,,category main; route CURATED_AGGREGATE; source policy curated; general-entertainment mix
80,Night,ON_AIR,curated/video,199,221849,61.62,24,src_royal_institution src_nfb src_tms_anime src_harvard_chan src_time_team src_buzzr src_noclip src_hollyoaks src_red_green src_lol_network src_atk src_mst3k src_kexp src_missouri_star src_rick_steves src_bh_photo src_vevo src_its_anime src_sky_history_uk src_wild_commons src_glitch src_antiques_roadshow_pbs src_sesame_street src_clover_chaos,Royal Institution National Film Board of Canada Anime! on TMS Official Channel Harvard T.H. Chan School of Public Health Time Team Official / Time Team Classics BUZZR Noclip Hollyoaks Official The Red Green Show LOL! Network America's Test Kitchen Mystery Science Theater 3000 KEXP Missouri Star Quilt Company Rick Steves' Europe B&H Photo Video Event Space Vevo Official Music Network It's Anime / REMOW Sky HISTORY UK Wild Commons GLITCH Productions ANTIQUES ROADSHOW PBS Sesame Street / Sesame Street Classics Clover Chaos,0.116,0.196,true,false,false,false,false,false,true,false,20,6,MEETS_TARGET,,,unclassified:199,1978,2013,NONE,,,,category main; route CURATED_AGGREGATE; source policy curated; general-entertainment mix
81,After Hours,ON_AIR,curated/video,202,261622,72.67,21,src_nfb src_royal_institution src_buzzr src_lol_network src_time_team src_sesame_street src_tms_anime src_hollyoaks src_mst3k src_red_green src_noclip src_kexp src_bh_photo src_atk src_vevo src_harvard_chan src_sky_history_uk src_glitch src_antiques_roadshow_pbs src_rick_steves src_its_anime,National Film Board of Canada Royal Institution BUZZR LOL! Network Time Team Official / Time Team Classics Sesame Street / Sesame Street Classics Anime! on TMS Official Channel Hollyoaks Official Mystery Science Theater 3000 The Red Green Show Noclip KEXP B&H Photo Video Event Space America's Test Kitchen Vevo Official Music Network Harvard T.H. Chan School of Public Health Sky HISTORY UK GLITCH Productions ANTIQUES ROADSHOW PBS Rick Steves' Europe It's Anime / REMOW,0.119,0.191,true,false,false,false,false,false,true,false,20,6,MEETS_TARGET,,,unclassified:202,1975,2012,NONE,,,,category main; route CURATED_AGGREGATE; source policy curated; general-entertainment mix
82,Midnight,ON_AIR,curated/video,206,256937,71.37,22,src_nfb src_royal_institution src_time_team src_tms_anime src_hollyoaks src_kexp src_atk src_buzzr src_noclip src_lol_network src_glitch src_sesame_street src_red_green src_antiques_roadshow_pbs src_rick_steves src_harvard_chan src_vevo src_its_anime src_missouri_star src_sky_history_uk src_mst3k src_bh_photo,National Film Board of Canada Royal Institution Time Team Official / Time Team Classics Anime! on TMS Official Channel Hollyoaks Official KEXP America's Test Kitchen BUZZR Noclip LOL! Network GLITCH Productions Sesame Street / Sesame Street Classics The Red Green Show ANTIQUES ROADSHOW PBS Rick Steves' Europe Harvard T.H. Chan School of Public Health Vevo Official Music Network It's Anime / REMOW Missouri Star Quilt Company Sky HISTORY UK Mystery Science Theater 3000 B&H Photo Video Event Space,0.155,0.3,true,false,false,false,false,false,true,false,20,6,MEETS_TARGET,,,unclassified:206,1992,2013,NONE,,,,category main; route CURATED_AGGREGATE; source policy curated; general-entertainment mix
83,Shorts,THIN,curated/video,18,6922,1.92,5,src_lol_network src_nfb src_mst3k src_glitch src_sky_history_uk,LOL! Network National Film Board of Canada Mystery Science Theater 3000 GLITCH Productions Sky HISTORY UK,0.389,0.324,true,false,false,false,false,true,false,false,20,6,BELOW_VIABLE,,,unclassified:18,,,NEEDS_DEPTH,1.92 h of distinct programming; the airing floor is 3 h.,,,category main; route CURATED_AGGREGATE; source policy curated
84,Indie Screen,ON_AIR,curated/video,50,77137,21.43,4,src_dust src_omeleto src_alter src_nfb,DUST Omeleto ALTER National Film Board of Canada,0.28,0.322,true,false,false,false,false,false,true,false,20,6,MEETS_TARGET,,src_alter src_dust src_nfb src_omeleto,unclassified:50,,,NONE,,,,category main; route CURATED_AGGREGATE; source policy curated; film sources: 
85,Festival,ON_AIR,curated/video,228,1055491,293.19,9,src_boiler_room src_rockpalast src_cercle src_blogotheque src_vp_records src_coachella src_paste src_toolroom src_newport_folk,Boiler Room WDR Rockpalast Cercle Blogothèque VP Records Coachella Paste Magazine Toolroom Records Newport Folk Festival,0.377,0.438,true,false,false,false,false,false,true,false,20,6,MEETS_TARGET,,src_blogotheque src_boiler_room src_cercle src_coachella src_newport_folk src_paste src_rockpalast src_toolroom src_vp_records,unclassified:228,1996,2025,NONE,,,,category main; route SOURCE_ROUTED; source policy curated; general-entertainment mix; film sources: 
86,Classics,ON_AIR,curated/video,215,268228,74.51,23,src_nfb src_time_team src_tms_anime src_royal_institution src_mst3k src_buzzr src_noclip src_hollyoaks src_lol_network src_atk src_kexp src_its_anime src_missouri_star src_harvard_chan src_bh_photo src_glitch src_red_green src_sky_history_uk src_rick_steves src_wild_commons src_vevo src_antiques_roadshow_pbs src_sesame_street,National Film Board of Canada Time Team Official / Time Team Classics Anime! on TMS Official Channel Royal Institution Mystery Science Theater 3000 BUZZR Noclip Hollyoaks Official LOL! Network America's Test Kitchen KEXP It's Anime / REMOW Missouri Star Quilt Company Harvard T.H. Chan School of Public Health B&H Photo Video Event Space GLITCH Productions The Red Green Show Sky HISTORY UK Rick Steves' Europe Wild Commons Vevo Official Music Network ANTIQUES ROADSHOW PBS Sesame Street / Sesame Street Classics,0.14,0.151,true,false,false,false,false,false,true,false,20,6,MEETS_TARGET,,,unclassified:215,1972,2015,NONE,,,,category main; route CURATED_AGGREGATE; source policy curated; general-entertainment mix
87,Public Domain,HOLDING,curated/video,0,0,0,0,,,0,0,false,true,false,false,false,false,false,true,20,6,EMPTY,,,,,,BLOCKED_RIGHTS,"RIGHTS_BLOCKED: Public-domain status is recorded only for the US (non-renewal or pre-1929 publication). UK term is 70 years from the death of the last of director, screenwriter, dialogue author and composer, and is not established for any title.",,,category main; route SOURCE_ROUTED; source policy curated; status card RIGHTS_BLOCKED
88,Community,ON_AIR,curated/video,29,59621,16.56,1,src_bbc_archive,BBC Archive,1,1,true,false,false,false,false,false,true,false,20,6,MEETS_TARGET,,src_bbc_archive,unclassified:29,,,NONE,,,,category main; route CURATED_AGGREGATE; source policy curated; film sources: 
89,Local,ON_AIR,curated/video,25,26736,7.43,6,src_bbc_archive src_huntley_social src_thames_tv src_travel_film_archive src_huntley_events src_british_movietone,BBC Archive Huntley Film Archives – Everyday Life Thames TV Travel Film Archive Huntley Film Archives – Historic Events British Movietone,0.32,0.487,true,false,false,false,false,false,true,false,20,6,MEETS_TARGET,,src_bbc_archive src_british_movietone src_huntley_events src_huntley_social src_thames_tv src_travel_film_archive,unclassified:25,,,NONE,,,,category main; route CURATED_AGGREGATE; source policy curated; film sources: 
90,Learning,ON_AIR,curated/video,52,193266,53.69,9,src_school_of_life src_lbs src_gresham_law src_ted src_gresham_politics src_gresham_crime src_royal_institution src_harvard_chan src_gresham_medicine,The School of Life London Business School Gresham College – Law TED Gresham College – Political History Gresham College – Crime Royal Institution Harvard T.H. Chan School of Public Health Gresham College – History of Medicine,0.115,0.138,true,false,false,false,false,false,true,false,20,6,MEETS_TARGET,src_chm src_computerphile src_numberphile,src_gresham_crime src_gresham_law src_gresham_medicine src_gresham_politics src_harvard_chan src_lbs src_royal_institution src_school_of_life src_ted,unclassified:52,,,NONE,,,,category main; route SOURCE_ROUTED; source policy curated; film sources: 
91,Lectures,ON_AIR,curated/video,51,177679,49.36,2,src_royal_institution src_harvard_chan,Royal Institution Harvard T.H. Chan School of Public Health,0.98,0.98,true,false,false,false,false,false,true,false,20,6,MEETS_TARGET,src_chm src_computerphile src_numberphile,,unclassified:51,1968,2017,NONE,,,,category main; route SOURCE_ROUTED; source policy curated
92,Books,ON_AIR,curated/video,120,344080,95.58,1,src_hay_festival,Hay Festival,1,1,true,false,false,false,false,false,true,false,20,6,MEETS_TARGET,src_hay_festival,,unclassified:120,,,NONE,,,,category main; route SOURCE_ROUTED; source policy curated
93,Radio Visual,ON_AIR,curated/video,135,80723,22.42,1,src_kexp,KEXP,1,1,true,false,false,false,false,false,true,false,120,5,MEETS_TARGET,,,unclassified:135,2012,2013,NONE,,,,category main; route SOURCE_ROUTED; source policy curated
94,Ambient TV,ON_AIR,curated/video,142,644686,179.08,4,src_nature_relaxation_films src_balu_nature src_relaxation_film src_scenic_nature_relaxation,Nature Relaxation Films Balu – Relaxing Nature in 4K Relaxation Film Scenic Nature Relaxation,0.859,0.798,true,false,false,false,false,false,true,false,20,6,MEETS_TARGET,src_national_rail_scenic src_nature_relaxation_films src_scenic_nature_relaxation src_balu_nature src_relaxation_film,,unclassified:142,,,NONE,,,,category main; route SOURCE_ROUTED; source policy curated
95,Slow TV,ON_AIR,curated/video,465,2595193,720.89,2,src_railcowgirl src_j_utah,RailCowGirl J Utah,0.645,0.533,true,false,false,false,false,false,true,false,20,6,MEETS_TARGET,src_national_rail_scenic src_railcowgirl src_j_utah,,unclassified:465,,,NONE,,,,category main; route SOURCE_ROUTED; source policy curated
96,Oddities,ON_AIR,curated/video,75,38001,10.56,1,src_atlas_obscura,Atlas Obscura,1,1,true,false,false,false,false,false,true,false,20,6,MEETS_TARGET,src_atlas_obscura,,unclassified:75,,,NONE,,,,category main; route CURATED_AGGREGATE; source policy curated; film sources: 
97,Test Lab,UNAVAILABLE,curated/video,0,0,0,0,,,0,0,false,true,false,false,true,false,false,true,,,NOT_MEASURED_UNAVAILABLE,,,,,,OFF_AIR_BY_POLICY,"Test Lab's only supportable form is a test card, which 887 Test Card already is.",,,category main; route RETROTV_ORIGINAL_GENERATED; source policy curated; status card INTENTIONALLY_UNAVAILABLE → 887
98,Showcase,HOLDING,curated/video,0,0,0,0,,,0,0,false,true,false,false,true,false,false,true,,,NOT_MEASURED_SPECIAL,,,,,,NEEDS_SOURCE,UNRESOLVED (IDENTITY_UNRESOLVED): No repository evidence defines what Showcase would feature distinct from the main-network mixes.,,,category main; route RETROTV_ORIGINAL_GENERATED; source policy curated; general-entertainment mix; status card UNRESOLVED
99,Preview,ON_AIR,curated/video,0,0,0,0,,,0,0,true,false,false,false,true,false,true,false,,,NOT_MEASURED_SPECIAL,,,,,,NONE,,,,category main; route RETROTV_ORIGINAL_GENERATED; source policy curated; general-entertainment mix; RetroTV original format: listings
100,Film,ON_AIR,curated/video,583,1150325,319.53,1,src_nfb,National Film Board of Canada,1,1,true,false,false,false,false,false,true,false,20,12,MEETS_TARGET,,,unclassified:583,,,NONE,,,,"category film; route SOURCE_ROUTED; source policy curated; film sources: Korean Film Archive / Korean Classic Film, National Film Board of Canada, Mystery Science Theater 3000"
101,Film One,ON_AIR,curated/video,62,347796,96.61,1,src_filmrise_movies,FilmRise Movies,1,1,true,false,false,false,false,false,true,false,20,12,MEETS_TARGET,src_filmrise_movies,,unclassified:62,,,NONE,,,,"category film; route SOURCE_ROUTED; source policy curated; film sources: Korean Film Archive / Korean Classic Film, National Film Board of Canada, Mystery Science Theater 3000"
102,Film Two,ON_AIR,curated/video,177,956072,265.58,1,src_popcornflix,Popcornflix,1,1,true,false,false,false,false,false,true,false,20,12,MEETS_TARGET,src_popcornflix,,unclassified:177,1980,2022,NONE,,,,"category film; route SOURCE_ROUTED; source policy curated; film sources: Korean Film Archive / Korean Classic Film, National Film Board of Canada, Mystery Science Theater 3000"
103,Classic Film,ON_AIR,curated/video,471,2231676,619.91,2,src_film_detective src_nfb,The Film Detective National Film Board of Canada,0.996,0.996,true,false,false,false,false,false,true,false,20,12,MEETS_TARGET,src_film_detective,,unclassified:471,1914,1980,NONE,,,,"category film; route SOURCE_ROUTED; source policy curated; film sources: Korean Film Archive / Korean Classic Film, National Film Board of Canada, Mystery Science Theater 3000"
104,Cult Film,ON_AIR,curated/video,227,334086,92.8,1,src_mst3k,Mystery Science Theater 3000,1,1,true,false,false,false,false,false,true,false,20,12,MEETS_TARGET,,,unclassified:227,,,NONE,,,,"category film; route SOURCE_ROUTED; source policy curated; film sources: Korean Film Archive / Korean Classic Film, National Film Board of Canada, Mystery Science Theater 3000"
105,World Cinema,ON_AIR,curated/video,9,14047,3.9,1,src_nfb,National Film Board of Canada,1,1,true,false,false,false,false,false,true,false,20,12,BELOW_VIABLE,,,unclassified:9,,,BELOW_TARGET,9 programmes / 3.9 h against the FILM target of 20 / 12 h.,,,"category film; route SOURCE_ROUTED; source policy curated; film sources: Korean Film Archive / Korean Classic Film, National Film Board of Canada, Mystery Science Theater 3000"
106,Independent Film,ON_AIR,curated/video,296,1961952,544.99,1,src_movie_central,Movie Central,1,1,true,false,false,false,false,false,true,false,20,12,MEETS_TARGET,src_movie_central,,unclassified:296,,,NONE,,,,"category film; route SOURCE_ROUTED; source policy curated; film sources: Korean Film Archive / Korean Classic Film, National Film Board of Canada, Mystery Science Theater 3000"
107,Short Film,ON_AIR,curated/video,300,288181,80.05,1,src_omeleto,Omeleto,1,1,true,false,false,false,false,false,true,false,120,5,MEETS_TARGET,src_omeleto,,unclassified:300,,,NONE,,,,"category film; route SOURCE_ROUTED; source policy curated; film sources: Korean Film Archive / Korean Classic Film, National Film Board of Canada, Mystery Science Theater 3000, Omeleto"
108,Documentary Film,ON_AIR,curated/video,293,872648,242.4,1,src_dw_documentary,DW Documentary,1,1,true,false,false,false,false,false,true,false,20,12,MEETS_TARGET,src_dw_documentary,,unclassified:293,,,NONE,,,,"category film; route SOURCE_ROUTED; source policy curated; film sources: Korean Film Archive / Korean Classic Film, National Film Board of Canada, Mystery Science Theater 3000, DW Documentary"
109,Film Noir,ON_AIR,curated/video,33,157772,43.83,2,src_film_detective src_nfb,The Film Detective National Film Board of Canada,0.818,0.884,true,false,false,false,false,false,true,false,20,12,MEETS_TARGET,,src_film_detective,unclassified:33,1939,1954,NONE,,,,"category film; route SOURCE_ROUTED; source policy curated; film sources: Korean Film Archive / Korean Classic Film, National Film Board of Canada, Mystery Science Theater 3000"
110,Silent Cinema,ON_AIR,curated/video,20,97080,26.97,2,src_film_detective src_nfb,The Film Detective National Film Board of Canada,0.95,0.942,true,false,false,false,false,false,true,false,20,12,MEETS_TARGET,,src_film_detective,unclassified:20,1914,1929,NONE,,,,"category film; route SOURCE_ROUTED; source policy curated; film sources: Korean Film Archive / Korean Classic Film, National Film Board of Canada, Mystery Science Theater 3000"
111,Golden Age,ON_AIR,curated/video,53,266716,74.09,1,src_film_detective,The Film Detective,1,1,true,false,false,false,false,false,true,false,20,12,MEETS_TARGET,,,unclassified:53,1950,1959,NONE,,,,category film; route CURATED_AGGREGATE; source policy curated; film sources: 
112,British Cinema,THIN,curated/video,3,1853,0.51,1,src_nfb,National Film Board of Canada,1,1,true,false,false,false,false,true,false,false,20,12,BELOW_VIABLE,,,unclassified:3,,,NEEDS_DEPTH,0.51 h of distinct programming; the airing floor is 3 h.,,,"category film; route SOURCE_ROUTED; source policy curated; film sources: Korean Film Archive / Korean Classic Film, National Film Board of Canada, Mystery Science Theater 3000"
113,European Cinema,ON_AIR,curated/video,6,18682,5.19,1,src_nfb,National Film Board of Canada,1,1,true,false,false,false,false,false,true,false,20,12,BELOW_VIABLE,,,unclassified:6,,,BELOW_TARGET,6 programmes / 5.19 h against the FILM target of 20 / 12 h.,,,"category film; route SOURCE_ROUTED; source policy curated; film sources: Korean Film Archive / Korean Classic Film, National Film Board of Canada, Mystery Science Theater 3000"
114,Asian Cinema,ON_AIR,curated/video,173,1078176,299.49,1,src_kofa,Korean Film Archive / Korean Classic Film,1,1,true,false,false,false,false,false,true,false,20,12,MEETS_TARGET,src_kofa,,unclassified:173,,,NONE,,,,"category film; route SOURCE_ROUTED; source policy curated; owned source Korean Film Archive / Korean Classic Film; film sources: Korean Film Archive / Korean Classic Film, National Film Board of Canada, Mystery Science Theater 3000"
115,American Cinema,ON_AIR,curated/video,10,16139,4.48,1,src_nfb,National Film Board of Canada,1,1,true,false,false,false,false,false,true,false,20,12,VIABLE_BELOW_TARGET,,,unclassified:10,,,BELOW_TARGET,10 programmes / 4.48 h against the FILM target of 20 / 12 h.,,,"category film; route SOURCE_ROUTED; source policy curated; film sources: Korean Film Archive / Korean Classic Film, National Film Board of Canada, Mystery Science Theater 3000"
116,Experimental Film,ON_AIR,curated/video,64,31929,8.87,2,src_nfb_experimental src_nfb,"NFB – experimental films (McLaren, Lambart, Lipsett) National Film Board of Canada",0.828,0.618,true,false,false,false,false,false,true,false,20,12,VIABLE_BELOW_TARGET,src_nfb_experimental,src_nfb,unclassified:64,,,BELOW_TARGET,64 programmes / 8.87 h against the FILM target of 20 / 12 h.,,,category film; route SOURCE_ROUTED; source policy curated; film sources: 
117,Animation Film,ON_AIR,curated/video,27,30385,8.44,1,src_nfb,National Film Board of Canada,1,1,true,false,false,false,false,false,true,false,20,12,VIABLE_BELOW_TARGET,,,unclassified:27,,,BELOW_TARGET,27 programmes / 8.44 h against the FILM target of 20 / 12 h.,,,"category film; route SOURCE_ROUTED; source policy curated; film sources: Korean Film Archive / Korean Classic Film, National Film Board of Canada, Mystery Science Theater 3000"
118,Family Film,ON_AIR,curated/video,16,89540,24.87,3,src_movie_central src_popcornflix src_filmrise_movies,Movie Central Popcornflix FilmRise Movies,0.5,0.474,true,false,false,false,false,false,true,false,20,12,VIABLE_BELOW_TARGET,,src_filmrise_movies src_movie_central src_popcornflix,unclassified:16,1998,1998,BELOW_TARGET,16 programmes / 24.87 h against the FILM target of 20 / 12 h.,"imported 1.0.7: 10 routed, 10 in today's pool (14.83 h)",,category film; route SOURCE_ROUTED; source policy curated; film sources: 
119,Midnight Movies,ON_AIR,curated/video,23,129068,35.85,1,src_mst3k,Mystery Science Theater 3000,1,1,true,false,false,false,false,false,true,false,20,12,MEETS_TARGET,,,unclassified:23,,,NONE,,,,"category film; route SOURCE_ROUTED; source policy curated; film sources: Korean Film Archive / Korean Classic Film, National Film Board of Canada, Mystery Science Theater 3000"
120,Trailer TV,ON_AIR,curated/video,500,158918,44.14,1,src_rt_trailers,Rotten Tomatoes Trailers,1,1,true,false,false,false,false,false,true,false,250,8,MEETS_TARGET,src_national_rail_scenic src_rt_trailers,,unclassified:500,,,NONE,,,,"category film; route SOURCE_ROUTED; source policy curated; film sources: Korean Film Archive / Korean Classic Film, National Film Board of Canada, Mystery Science Theater 3000, Rotten Tomatoes Trailers"
121,Classic Trailers,ON_AIR,curated/video,714,114842,31.9,1,src_rt_classic_trailers,Rotten Tomatoes Classic Trailers,1,1,true,false,false,false,false,false,true,false,250,8,MEETS_TARGET,src_national_rail_scenic src_rt_trailers,,unclassified:714,1920,1969,NONE,,,,"category film; route SOURCE_ROUTED; source policy curated; film sources: Korean Film Archive / Korean Classic Film, National Film Board of Canada, Mystery Science Theater 3000, Rotten Tomatoes Trailers"
122,1950s Trailers,ON_AIR,curated/video,217,34624,9.62,1,src_rt_classic_trailers,Rotten Tomatoes Classic Trailers,1,1,true,false,false,false,false,false,true,false,250,8,VIABLE_BELOW_TARGET,src_national_rail_scenic src_rt_trailers,,unclassified:217,1950,1959,BELOW_TARGET,217 programmes / 9.62 h against the TRAILER target of 250 / 8 h.,,,"category film; route SOURCE_ROUTED; source policy curated; film sources: Korean Film Archive / Korean Classic Film, National Film Board of Canada, Mystery Science Theater 3000, Rotten Tomatoes Trailers"
123,1960s Trailers,ON_AIR,curated/video,224,38281,10.63,1,src_rt_classic_trailers,Rotten Tomatoes Classic Trailers,1,1,true,false,false,false,false,false,true,false,250,8,VIABLE_BELOW_TARGET,src_national_rail_scenic src_rt_trailers,,unclassified:224,1960,1969,BELOW_TARGET,224 programmes / 10.63 h against the TRAILER target of 250 / 8 h.,,,"category film; route SOURCE_ROUTED; source policy curated; film sources: Korean Film Archive / Korean Classic Film, National Film Board of Canada, Mystery Science Theater 3000, Rotten Tomatoes Trailers"
124,1970s Trailers,ON_AIR,curated/video,259,40122,11.15,1,src_rt_classic_trailers,Rotten Tomatoes Classic Trailers,1,1,true,false,false,false,false,false,true,false,250,8,MEETS_TARGET,src_national_rail_scenic src_rt_trailers,,unclassified:259,1970,1979,NONE,,,,"category film; route SOURCE_ROUTED; source policy curated; film sources: Korean Film Archive / Korean Classic Film, National Film Board of Canada, Mystery Science Theater 3000, Rotten Tomatoes Trailers"
125,1980s Trailers,ON_AIR,curated/video,459,53887,14.97,1,src_rt_classic_trailers,Rotten Tomatoes Classic Trailers,1,1,true,false,false,false,false,false,true,false,250,8,MEETS_TARGET,src_national_rail_scenic src_rt_trailers,,unclassified:459,1980,1989,NONE,,,,"category film; route SOURCE_ROUTED; source policy curated; film sources: Korean Film Archive / Korean Classic Film, National Film Board of Canada, Mystery Science Theater 3000, Rotten Tomatoes Trailers"
126,1990s Trailers,ON_AIR,curated/video,691,86217,23.95,1,src_rt_classic_trailers,Rotten Tomatoes Classic Trailers,1,1,true,false,false,false,false,false,true,false,250,8,MEETS_TARGET,src_national_rail_scenic src_rt_trailers,,unclassified:691,1990,1999,NONE,,,,"category film; route SOURCE_ROUTED; source policy curated; film sources: Korean Film Archive / Korean Classic Film, National Film Board of Canada, Mystery Science Theater 3000, Rotten Tomatoes Trailers"
127,2000s Trailers,ON_AIR,curated/video,1170,154087,42.8,1,src_rt_classic_trailers,Rotten Tomatoes Classic Trailers,1,1,true,false,false,false,false,false,true,false,250,8,MEETS_TARGET,src_national_rail_scenic src_rt_trailers,,unclassified:1170,2000,2009,NONE,,,,"category film; route SOURCE_ROUTED; source policy curated; film sources: Korean Film Archive / Korean Classic Film, National Film Board of Canada, Mystery Science Theater 3000, Rotten Tomatoes Trailers"
128,2010s Trailers,ON_AIR,curated/video,164,22425,6.23,1,src_rt_classic_trailers,Rotten Tomatoes Classic Trailers,1,1,true,false,false,false,false,false,true,false,250,8,VIABLE_BELOW_TARGET,src_national_rail_scenic src_rt_trailers,,unclassified:164,2010,2017,BELOW_TARGET,164 programmes / 6.23 h against the TRAILER target of 250 / 8 h.,,,"category film; route SOURCE_ROUTED; source policy curated; film sources: Korean Film Archive / Korean Classic Film, National Film Board of Canada, Mystery Science Theater 3000, Rotten Tomatoes Trailers"
129,New Trailers,ON_AIR,curated/video,275,47373,13.16,1,src_rt_trailers,Rotten Tomatoes Trailers,1,1,true,false,false,false,false,false,true,false,250,8,MEETS_TARGET,src_national_rail_scenic src_rt_trailers,src_rt_trailers,unclassified:275,,,NONE,,,,category film; route SOURCE_ROUTED; source policy curated; film sources: 
130,Horror Trailers,ON_AIR,curated/video,389,47449,13.18,1,src_rt_classic_trailers,Rotten Tomatoes Classic Trailers,1,1,true,false,false,false,false,false,true,false,250,8,MEETS_TARGET,src_national_rail_scenic src_rt_trailers,,unclassified:389,1931,2013,NONE,,,,"category film; route SOURCE_ROUTED; source policy curated; film sources: Korean Film Archive / Korean Classic Film, National Film Board of Canada, Mystery Science Theater 3000, Rotten Tomatoes Trailers"
131,Sci-Fi Trailers,ON_AIR,curated/video,337,42260,11.74,1,src_rt_classic_trailers,Rotten Tomatoes Classic Trailers,1,1,true,false,false,false,false,false,true,false,250,8,MEETS_TARGET,src_national_rail_scenic src_rt_trailers,,unclassified:337,1931,2015,NONE,,,,"category film; route SOURCE_ROUTED; source policy curated; film sources: Korean Film Archive / Korean Classic Film, National Film Board of Canada, Mystery Science Theater 3000, Rotten Tomatoes Trailers"
132,Action Trailers,ON_AIR,curated/video,616,81625,22.67,1,src_rt_classic_trailers,Rotten Tomatoes Classic Trailers,1,1,true,false,false,false,false,false,true,false,250,8,MEETS_TARGET,src_national_rail_scenic src_rt_trailers,,unclassified:616,1932,2015,NONE,,,,"category film; route SOURCE_ROUTED; source policy curated; film sources: Korean Film Archive / Korean Classic Film, National Film Board of Canada, Mystery Science Theater 3000, Rotten Tomatoes Trailers"
133,Comedy Trailers,THIN,curated/video,2,127,0.04,1,src_mst3k,Mystery Science Theater 3000,1,1,true,false,false,false,false,true,false,false,250,8,BELOW_VIABLE,src_national_rail_scenic src_rt_trailers,,unclassified:2,,,NEEDS_DEPTH,0.04 h of distinct programming; the airing floor is 3 h.,,,"category film; route SOURCE_ROUTED; source policy curated; film sources: Korean Film Archive / Korean Classic Film, National Film Board of Canada, Mystery Science Theater 3000, Rotten Tomatoes Trailers"
134,Cult Trailers,HOLDING,curated/video,0,0,0,0,,,0,0,false,true,false,false,false,false,false,true,250,8,EMPTY,src_national_rail_scenic src_rt_trailers,,,,,NEEDS_SOURCE,"UNRESOLVED (IDENTITY_COLLISION): Cult Trailers: every free trailer publisher already feeds 891 Trailers & Promos and the trailer-genre channels, and no structured field marks a trailer as cult; a subset would clone 891.",,,"category film; route SOURCE_ROUTED; source policy curated; film sources: Korean Film Archive / Korean Classic Film, National Film Board of Canada, Mystery Science Theater 3000, Rotten Tomatoes Trailers; status card UNRESOLVED"
135,Animation Trailers,HOLDING,curated/video,0,0,0,0,,,0,0,false,true,false,false,false,false,false,true,250,8,EMPTY,src_national_rail_scenic src_rt_trailers,,,,,NEEDS_SOURCE,"UNRESOLVED (INSUFFICIENT_EXISTING_INVENTORY): Only 55 trailers carry a Wikidata Animation genre, 1.9 h; the 3 h floor is not lowered. Generation 3 candidates held by editorial or code decisions.",,"editorial: 51 held, 4 rejected; 45 held (1.55 h); needs 1.45 h (~42 trailers) for the 3 h floor","category film; route SOURCE_ROUTED; source policy curated; film sources: Korean Film Archive / Korean Classic Film, National Film Board of Canada, Mystery Science Theater 3000, Rotten Tomatoes Trailers; status card UNRESOLVED"
136,Drama Trailers,ON_AIR,curated/video,1349,191342,53.15,1,src_rt_classic_trailers,Rotten Tomatoes Classic Trailers,1,1,true,false,false,false,false,false,true,false,250,8,MEETS_TARGET,src_national_rail_scenic src_rt_trailers,,unclassified:1349,1929,2017,NONE,,,,"category film; route SOURCE_ROUTED; source policy curated; film sources: Korean Film Archive / Korean Classic Film, National Film Board of Canada, Mystery Science Theater 3000, Rotten Tomatoes Trailers"
137,Thriller Trailers,ON_AIR,curated/video,513,68783,19.11,1,src_rt_classic_trailers,Rotten Tomatoes Classic Trailers,1,1,true,false,false,false,false,false,true,false,250,8,MEETS_TARGET,src_national_rail_scenic src_rt_trailers,,unclassified:513,1932,2014,NONE,,,,"category film; route SOURCE_ROUTED; source policy curated; film sources: Korean Film Archive / Korean Classic Film, National Film Board of Canada, Mystery Science Theater 3000, Rotten Tomatoes Trailers"
138,Fantasy Trailers,ON_AIR,curated/video,294,37769,10.49,1,src_rt_classic_trailers,Rotten Tomatoes Classic Trailers,1,1,true,false,false,false,false,false,true,false,250,8,MEETS_TARGET,src_national_rail_scenic src_rt_trailers,,unclassified:294,1932,2015,NONE,,,,"category film; route SOURCE_ROUTED; source policy curated; film sources: Korean Film Archive / Korean Classic Film, National Film Board of Canada, Mystery Science Theater 3000, Rotten Tomatoes Trailers"
139,Documentary Trailers,ON_AIR,curated/video,419,53620,14.89,1,src_dogwoof,Dogwoof,1,1,true,false,false,false,false,false,true,false,250,8,MEETS_TARGET,src_national_rail_scenic src_rt_trailers src_dogwoof,,unclassified:419,,,NONE,,,,category film; route SOURCE_ROUTED; source policy curated; film sources: 
140,Horror,ON_AIR,curated/video,297,487684,135.47,1,src_alter,ALTER,1,1,true,false,false,false,false,false,true,false,20,12,MEETS_TARGET,src_alter,,unclassified:297,,,NONE,,,,"category film; route SOURCE_ROUTED; source policy curated; film sources: Korean Film Archive / Korean Classic Film, National Film Board of Canada, Mystery Science Theater 3000, ALTER"
141,Classic Horror,ON_AIR,curated/video,18,81856,22.74,1,src_film_detective,The Film Detective,1,1,true,false,false,false,false,false,true,false,20,12,VIABLE_BELOW_TARGET,,src_film_detective,unclassified:18,1922,1973,BELOW_TARGET,18 programmes / 22.74 h against the FILM target of 20 / 12 h.,,,category film; route SOURCE_ROUTED; source policy curated; film sources: 
142,Gothic Horror,HOLDING,curated/video,0,0,0,0,,,0,0,false,true,false,false,false,false,false,true,20,12,EMPTY,,,,,,NEEDS_SOURCE,UNRESOLVED (METADATA_UNAVAILABLE): No structured genre or date metadata identifies this identity's films; titles are never used to infer it.,,,"category film; route SOURCE_ROUTED; source policy curated; film sources: Korean Film Archive / Korean Classic Film, National Film Board of Canada, Mystery Science Theater 3000; status card UNRESOLVED"
143,Creature Features,ON_AIR,curated/video,24,133942,37.21,3,src_movie_central src_filmrise_movies src_popcornflix,Movie Central FilmRise Movies Popcornflix,0.5,0.508,true,false,false,false,false,false,true,false,20,12,MEETS_TARGET,,src_filmrise_movies src_movie_central src_popcornflix,unclassified:24,1999,2008,NONE,,"imported 1.0.7: 10 routed, 10 in today's pool (14.79 h)",,category film; route SOURCE_ROUTED; source policy curated; film sources: 
144,Sci-Fi Cinema,ON_AIR,curated/video,288,581482,161.52,1,src_dust,DUST,1,1,true,false,false,false,false,false,true,false,20,12,MEETS_TARGET,src_dust,,unclassified:288,,,NONE,,,,"category film; route SOURCE_ROUTED; source policy curated; film sources: Korean Film Archive / Korean Classic Film, National Film Board of Canada, Mystery Science Theater 3000, DUST"
145,Classic Sci-Fi,ON_AIR,curated/video,17,70904,19.7,1,src_film_detective,The Film Detective,1,1,true,false,false,false,false,false,true,false,20,12,VIABLE_BELOW_TARGET,,src_film_detective,unclassified:17,1925,1972,BELOW_TARGET,17 programmes / 19.7 h against the FILM target of 20 / 12 h.,,,category film; route SOURCE_ROUTED; source policy curated; film sources: 
146,Space Cinema,UNAVAILABLE,curated/video,0,0,0,0,,,0,0,false,true,false,false,false,false,false,true,,,NOT_MEASURED_UNAVAILABLE,,,,,,OFF_AIR_BY_POLICY,Excluded by network policy.,,,"category film; route EXCLUDED; source policy curated; film sources: Korean Film Archive / Korean Classic Film, National Film Board of Canada, Mystery Science Theater 3000; status card OFF_AIR"
147,Fantasy Cinema,THIN,curated/video,4,6286,1.75,1,src_nfb,National Film Board of Canada,1,1,true,false,false,false,false,true,false,false,20,12,BELOW_VIABLE,,,unclassified:4,,,NEEDS_DEPTH,1.75 h of distinct programming; the airing floor is 3 h.,,,"category film; route SOURCE_ROUTED; source policy curated; film sources: Korean Film Archive / Korean Classic Film, National Film Board of Canada, Mystery Science Theater 3000"
148,Action Cinema,THIN,curated/video,3,3911,1.09,1,src_nfb,National Film Board of Canada,1,1,true,false,false,false,false,true,false,false,20,12,BELOW_VIABLE,,,unclassified:3,,,NEEDS_DEPTH,1.09 h of distinct programming; the airing floor is 3 h.,,,"category film; route SOURCE_ROUTED; source policy curated; film sources: Korean Film Archive / Korean Classic Film, National Film Board of Canada, Mystery Science Theater 3000"
149,Adventure Cinema,ON_AIR,curated/video,10,60485,16.8,1,src_popcornflix,Popcornflix,1,1,true,false,false,false,false,false,true,false,20,12,VIABLE_BELOW_TARGET,,src_popcornflix,unclassified:10,1994,2015,BELOW_TARGET,10 programmes / 16.8 h against the FILM target of 20 / 12 h.,"imported 1.0.7: 2 routed, 2 in today's pool (3.74 h)",,"category film; route SOURCE_ROUTED; source policy curated; film sources: Korean Film Archive / Korean Classic Film, National Film Board of Canada, Mystery Science Theater 3000"
150,Thriller,ON_AIR,curated/video,42,226985,63.05,1,src_popcornflix,Popcornflix,1,1,true,false,false,false,false,false,true,false,20,12,MEETS_TARGET,,,unclassified:42,1988,2022,NONE,,,,"category film; route SOURCE_ROUTED; source policy curated; film sources: Korean Film Archive / Korean Classic Film, National Film Board of Canada, Mystery Science Theater 3000"
151,Crime Cinema,ON_AIR,curated/video,23,111536,30.98,2,src_popcornflix src_nfb,Popcornflix National Film Board of Canada,0.739,0.835,true,false,false,false,false,false,true,false,20,12,MEETS_TARGET,,,unclassified:23,1988,2019,NONE,,,,"category film; route SOURCE_ROUTED; source policy curated; film sources: Korean Film Archive / Korean Classic Film, National Film Board of Canada, Mystery Science Theater 3000"
152,Mystery Cinema,ON_AIR,curated/video,18,83001,23.06,3,src_popcornflix src_nfb src_filmrise_movies,Popcornflix National Film Board of Canada FilmRise Movies,0.556,0.651,true,false,false,false,false,false,true,false,20,12,VIABLE_BELOW_TARGET,,src_filmrise_movies src_popcornflix,unclassified:18,1996,2016,BELOW_TARGET,18 programmes / 23.06 h against the FILM target of 20 / 12 h.,"imported 1.0.7: 3 routed, 3 in today's pool (4.37 h)",,"category film; route SOURCE_ROUTED; source policy curated; film sources: Korean Film Archive / Korean Classic Film, National Film Board of Canada, Mystery Science Theater 3000"
153,Comedy Cinema,ON_AIR,curated/video,22,116984,32.5,1,src_popcornflix,Popcornflix,1,1,true,false,false,false,false,false,true,false,20,12,MEETS_TARGET,,,unclassified:22,1986,2017,NONE,Generation 3 candidates held by editorial or code decisions.,,"editorial: 23 held, 3 rejected; code-blocked: 17 LEGITIMATE_BOUNDED_REUSE, 5 QUESTIONABLE_REUSE (not implemented)","category film; route SOURCE_ROUTED; source policy curated; film sources: Korean Film Archive / Korean Classic Film, National Film Board of Canada, Mystery Science Theater 3000"
154,Romantic Comedy,THIN,curated/video,4,748,0.21,1,src_mst3k,Mystery Science Theater 3000,1,1,true,false,false,false,false,true,false,false,20,12,BELOW_VIABLE,,,unclassified:4,,,NEEDS_DEPTH,0.21 h of distinct programming; the airing floor is 3 h.,,,"category film; route SOURCE_ROUTED; source policy curated; film sources: Korean Film Archive / Korean Classic Film, National Film Board of Canada, Mystery Science Theater 3000"
155,Drama Cinema,ON_AIR,curated/video,23,108571,30.16,2,src_popcornflix src_nfb,Popcornflix National Film Board of Canada,0.739,0.831,true,false,false,false,false,false,true,false,20,12,MEETS_TARGET,,,unclassified:23,1996,2016,NONE,,,,"category film; route SOURCE_ROUTED; source policy curated; film sources: Korean Film Archive / Korean Classic Film, National Film Board of Canada, Mystery Science Theater 3000"
156,War Cinema,ON_AIR,curated/video,8,13872,3.85,1,src_nfb,National Film Board of Canada,1,1,true,false,false,false,false,false,true,false,20,12,BELOW_VIABLE,,,unclassified:8,,,BELOW_TARGET,8 programmes / 3.85 h against the FILM target of 20 / 12 h.,,,"category film; route SOURCE_ROUTED; source policy curated; film sources: Korean Film Archive / Korean Classic Film, National Film Board of Canada, Mystery Science Theater 3000"
157,Western,ON_AIR,curated/video,7,37263,10.35,2,src_popcornflix src_movie_central,Popcornflix Movie Central,0.857,0.863,true,false,false,false,false,false,true,false,20,12,BELOW_VIABLE,,src_movie_central src_popcornflix,unclassified:7,1986,1997,BELOW_TARGET,7 programmes / 10.35 h against the FILM target of 20 / 12 h.,"imported 1.0.7: 2 routed, 2 in today's pool (2.77 h)",,"category film; route SOURCE_ROUTED; source policy curated; film sources: Korean Film Archive / Korean Classic Film, National Film Board of Canada, Mystery Science Theater 3000"
158,Martial Arts,THIN,curated/video,1,3477,0.97,1,src_nfb,National Film Board of Canada,1,1,true,false,false,false,false,true,false,false,20,12,BELOW_VIABLE,,,unclassified:1,,,NEEDS_DEPTH,0.97 h of distinct programming; the airing floor is 3 h.,,,"category film; route SOURCE_ROUTED; source policy curated; film sources: Korean Film Archive / Korean Classic Film, National Film Board of Canada, Mystery Science Theater 3000"
159,Disaster Cinema,THIN,curated/video,1,786,0.22,1,src_nfb,National Film Board of Canada,1,1,true,false,false,false,false,true,false,false,20,12,BELOW_VIABLE,,,unclassified:1,,,NEEDS_DEPTH,0.22 h of distinct programming; the airing floor is 3 h.,,,"category film; route SOURCE_ROUTED; source policy curated; film sources: Korean Film Archive / Korean Classic Film, National Film Board of Canada, Mystery Science Theater 3000"
160,Film Documentary,ON_AIR,curated/video,5,18924,5.26,1,src_filmrise_documentaries,FilmRise Documentaries,1,1,true,false,false,false,false,false,true,false,20,12,BELOW_VIABLE,src_filmrise_documentaries,,unclassified:5,,,BELOW_TARGET,5 programmes / 5.26 h against the FILM target of 20 / 12 h.,,,"category film; route SOURCE_ROUTED; source policy curated; film sources: Korean Film Archive / Korean Classic Film, National Film Board of Canada, Mystery Science Theater 3000, DW Documentary"
161,Making Movies,ON_AIR,curated/video,302,826417,229.56,2,src_bfi src_nfb,BFI National Film Board of Canada,0.993,0.998,true,false,false,false,false,false,true,false,20,12,MEETS_TARGET,src_bfi,,unclassified:302,,,NONE,,,,"category film; route SOURCE_ROUTED; source policy curated; film sources: Korean Film Archive / Korean Classic Film, National Film Board of Canada, Mystery Science Theater 3000, BFI"
162,Directors,THIN,curated/video,2,1260,0.35,1,src_nfb,National Film Board of Canada,1,1,true,false,false,false,false,true,false,false,20,12,BELOW_VIABLE,,,unclassified:2,,,NEEDS_DEPTH,0.35 h of distinct programming; the airing floor is 3 h.,,,"category film; route SOURCE_ROUTED; source policy curated; film sources: Korean Film Archive / Korean Classic Film, National Film Board of Canada, Mystery Science Theater 3000"
163,Actors,ON_AIR,curated/video,300,1425782,396.05,1,src_sag_foundation,SAG-AFTRA Foundation,1,1,true,false,false,false,false,false,true,false,20,12,MEETS_TARGET,src_sag_foundation,,unclassified:300,,,NONE,,,,category film; route SOURCE_ROUTED; source policy curated; film sources: 
164,Screenwriters,ON_AIR,curated/video,68,53389,14.83,2,src_lessons_screenplay src_nfb,Lessons from the Screenplay National Film Board of Canada,0.971,0.976,true,false,false,false,false,false,true,false,20,12,MEETS_TARGET,src_lessons_screenplay,,unclassified:68,,,NONE,,,,"category film; route SOURCE_ROUTED; source policy curated; film sources: Korean Film Archive / Korean Classic Film, National Film Board of Canada, Mystery Science Theater 3000"
165,Cinematography,ON_AIR,curated/video,9,14585,4.05,1,src_nfb,National Film Board of Canada,1,1,true,false,false,false,false,false,true,false,20,12,BELOW_VIABLE,,,unclassified:9,,,BELOW_TARGET,9 programmes / 4.05 h against the FILM target of 20 / 12 h.,,,"category film; route SOURCE_ROUTED; source policy curated; film sources: Korean Film Archive / Korean Classic Film, National Film Board of Canada, Mystery Science Theater 3000"
166,Film Editing,ON_AIR,curated/video,166,352500,97.92,1,src_ace_editors,American Cinema Editors,1,1,true,false,false,false,false,false,true,false,20,12,MEETS_TARGET,src_ace_editors,,unclassified:166,,,NONE,,,,category film; route SOURCE_ROUTED; source policy curated; film sources: 
167,Visual Effects,ON_AIR,curated/video,301,381894,106.08,2,src_corridor_crew src_nfb,Corridor Crew National Film Board of Canada,0.993,0.997,true,false,false,false,false,false,true,false,20,12,MEETS_TARGET,src_corridor_crew,,unclassified:301,,,NONE,,,,"category film; route SOURCE_ROUTED; source policy curated; film sources: Korean Film Archive / Korean Classic Film, National Film Board of Canada, Mystery Science Theater 3000"
168,Practical Effects,ON_AIR,curated/video,212,392155,108.93,2,src_stan_winston src_nfb,Stan Winston School National Film Board of Canada,0.991,0.997,true,false,false,false,false,false,true,false,20,12,MEETS_TARGET,src_stan_winston,,unclassified:212,,,NONE,,,,"category film; route SOURCE_ROUTED; source policy curated; film sources: Korean Film Archive / Korean Classic Film, National Film Board of Canada, Mystery Science Theater 3000"
169,Sound & Score,ON_AIR,curated/video,207,280966,78.05,1,src_soundworks,SoundWorks Collection,1,1,true,false,false,false,false,false,true,false,20,12,MEETS_TARGET,src_soundworks,,unclassified:207,,,NONE,,,,"category film; route SOURCE_ROUTED; source policy curated; film sources: Korean Film Archive / Korean Classic Film, National Film Board of Canada, Mystery Science Theater 3000"
170,Film History,ON_AIR,curated/video,300,1257702,349.36,1,src_filmmaker_iq,Filmmaker IQ,1,1,true,false,false,false,false,false,true,false,20,12,MEETS_TARGET,src_filmmaker_iq,,unclassified:300,,,NONE,,,,"category film; route SOURCE_ROUTED; source policy curated; film sources: Korean Film Archive / Korean Classic Film, National Film Board of Canada, Mystery Science Theater 3000"
171,Cinema 1920s,ON_AIR,curated/video,20,102492,28.47,1,src_film_detective,The Film Detective,1,1,true,false,false,false,false,false,true,false,20,12,MEETS_TARGET,,,unclassified:20,1920,1929,NONE,Generation 3 candidates held by editorial or code decisions.,,"editorial: 8 held, 5 rejected; code-blocked: 6 LEGITIMATE_BOUNDED_REUSE, 1 NEEDS_EDITORIAL_REVIEW (not implemented)","category film; route SOURCE_ROUTED; source policy curated; film sources: Korean Film Archive / Korean Classic Film, National Film Board of Canada, Mystery Science Theater 3000"
172,Cinema 1930s,ON_AIR,curated/video,83,377565,104.88,1,src_film_detective,The Film Detective,1,1,true,false,false,false,false,false,true,false,20,12,MEETS_TARGET,,,unclassified:83,1930,1939,NONE,,,,"category film; route SOURCE_ROUTED; source policy curated; film sources: Korean Film Archive / Korean Classic Film, National Film Board of Canada, Mystery Science Theater 3000"
173,Cinema 1940s,ON_AIR,curated/video,93,443125,123.09,1,src_film_detective,The Film Detective,1,1,true,false,false,false,false,false,true,false,20,12,MEETS_TARGET,,,unclassified:93,1940,1949,NONE,,,,"category film; route SOURCE_ROUTED; source policy curated; film sources: Korean Film Archive / Korean Classic Film, National Film Board of Canada, Mystery Science Theater 3000"
174,Cinema 1950s,THIN,curated/video,1,2813,0.78,1,src_nfb,National Film Board of Canada,1,1,true,false,false,false,false,true,false,false,20,12,BELOW_VIABLE,,,unclassified:1,,,NEEDS_DEPTH,0.78 h of distinct programming; the airing floor is 3 h.,,,"category film; route SOURCE_ROUTED; source policy curated; film sources: Korean Film Archive / Korean Classic Film, National Film Board of Canada, Mystery Science Theater 3000"
175,Cinema 1960s,ON_AIR,curated/video,18,91799,25.5,1,src_film_detective,The Film Detective,1,1,true,false,false,false,false,false,true,false,20,12,VIABLE_BELOW_TARGET,,,unclassified:18,1960,1967,BELOW_TARGET,18 programmes / 25.5 h against the FILM target of 20 / 12 h.,,,"category film; route SOURCE_ROUTED; source policy curated; film sources: Korean Film Archive / Korean Classic Film, National Film Board of Canada, Mystery Science Theater 3000"
176,Cinema 1970s,ON_AIR,curated/video,10,52511,14.59,1,src_film_detective,The Film Detective,1,1,true,false,false,false,false,false,true,false,20,12,VIABLE_BELOW_TARGET,,,unclassified:10,1971,1976,BELOW_TARGET,10 programmes / 14.59 h against the FILM target of 20 / 12 h.,,,"category film; route SOURCE_ROUTED; source policy curated; film sources: Korean Film Archive / Korean Classic Film, National Film Board of Canada, Mystery Science Theater 3000"
177,Cinema 1980s,ON_AIR,curated/video,7,41708,11.59,2,src_popcornflix src_film_detective,Popcornflix The Film Detective,0.714,0.727,true,false,false,false,false,false,true,false,20,12,BELOW_VIABLE,,,unclassified:7,1980,1989,BELOW_TARGET,7 programmes / 11.59 h against the FILM target of 20 / 12 h.,,,"category film; route SOURCE_ROUTED; source policy curated; film sources: Korean Film Archive / Korean Classic Film, National Film Board of Canada, Mystery Science Theater 3000"
178,Cinema 1990s,ON_AIR,curated/video,24,135391,37.61,1,src_popcornflix,Popcornflix,1,1,true,false,false,false,false,false,true,false,20,12,MEETS_TARGET,,,unclassified:24,1993,1999,NONE,,,,"category film; route SOURCE_ROUTED; source policy curated; film sources: Korean Film Archive / Korean Classic Film, National Film Board of Canada, Mystery Science Theater 3000"
179,Cinema 2000s,ON_AIR,curated/video,24,129392,35.94,1,src_popcornflix,Popcornflix,1,1,true,false,false,false,false,false,true,false,20,12,MEETS_TARGET,,,unclassified:24,2000,2009,NONE,,,,"category film; route SOURCE_ROUTED; source policy curated; film sources: Korean Film Archive / Korean Classic Film, National Film Board of Canada, Mystery Science Theater 3000"
180,Cinema 2010s,ON_AIR,curated/video,51,271145,75.32,1,src_popcornflix,Popcornflix,1,1,true,false,false,false,false,false,true,false,20,12,MEETS_TARGET,,,unclassified:51,2010,2019,NONE,,,,"category film; route SOURCE_ROUTED; source policy curated; film sources: Korean Film Archive / Korean Classic Film, National Film Board of Canada, Mystery Science Theater 3000"
181,Cinema 2020s,THIN,curated/video,2,7696,2.14,1,src_nfb,National Film Board of Canada,1,1,true,false,false,false,false,true,false,false,20,12,BELOW_VIABLE,,,unclassified:2,,,NEEDS_DEPTH,2.14 h of distinct programming; the airing floor is 3 h.,,,"category film; route SOURCE_ROUTED; source policy curated; film sources: Korean Film Archive / Korean Classic Film, National Film Board of Canada, Mystery Science Theater 3000"
182,Oscar Stories,ON_AIR,curated/video,300,766317,212.87,1,src_oscars,Oscars,1,1,true,false,false,false,false,false,true,false,20,12,MEETS_TARGET,src_oscars,,unclassified:300,,,NONE,,,,"category film; route SOURCE_ROUTED; source policy curated; film sources: Korean Film Archive / Korean Classic Film, National Film Board of Canada, Mystery Science Theater 3000"
183,Cult Classics,HOLDING,curated/video,0,0,0,0,,,0,0,false,true,false,false,false,false,false,true,20,12,EMPTY,,,,,,NEEDS_SOURCE,UNRESOLVED (METADATA_UNAVAILABLE): No structured metadata identifies qualifying programmes; nothing is inferred from titles or upload dates.,,,"category film; route SOURCE_ROUTED; source policy curated; film sources: Korean Film Archive / Korean Classic Film, National Film Board of Canada, Mystery Science Theater 3000; status card UNRESOLVED"
184,B-Movies,ON_AIR,curated/video,48,275306,76.47,1,src_mst3k,Mystery Science Theater 3000,1,1,true,false,false,false,false,false,true,false,20,12,MEETS_TARGET,,src_mst3k,unclassified:48,,,NONE,,,,category film; route SOURCE_ROUTED; source policy curated; film sources: 
185,Drive-In,HOLDING,curated/video,0,0,0,0,,,0,0,false,true,false,false,false,false,false,true,20,12,EMPTY,,,,,,NEEDS_SOURCE,"UNRESOLVED (NEAR_THRESHOLD): 2.4 h of qualifying programming; one targeted attempt found no further official material, and the 3 h floor stays.",,,"category film; route SOURCE_ROUTED; source policy curated; film sources: Korean Film Archive / Korean Classic Film, National Film Board of Canada, Mystery Science Theater 3000; status card UNRESOLVED"
186,Grindhouse,THIN,curated/video,1,554,0.15,1,src_nfb,National Film Board of Canada,1,1,true,false,false,false,false,true,false,false,20,12,BELOW_VIABLE,,,unclassified:1,,,NEEDS_DEPTH,0.15 h of distinct programming; the airing floor is 3 h.,,,"category film; route SOURCE_ROUTED; source policy curated; film sources: Korean Film Archive / Korean Classic Film, National Film Board of Canada, Mystery Science Theater 3000"
187,Creature Night,ON_AIR,curated/video,10,101981,28.33,1,src_movie_central,Movie Central,1,1,true,false,false,false,false,false,true,false,20,12,VIABLE_BELOW_TARGET,,src_movie_central,unclassified:10,,,BELOW_TARGET,10 programmes / 28.33 h against the FILM target of 20 / 12 h.,,,category film; route SOURCE_ROUTED; source policy curated; film sources: 
188,Saturday Matinee,ON_AIR,curated/video,38,185860,51.63,1,src_film_detective,The Film Detective,1,1,true,false,false,false,false,false,true,false,20,12,MEETS_TARGET,,src_film_detective,unclassified:38,1931,1963,NONE,,,,category film; route SOURCE_ROUTED; source policy curated; film sources: 
189,Sunday Cinema,ON_AIR,curated/video,57,298253,82.85,1,src_film_detective,The Film Detective,1,1,true,false,false,false,false,false,true,false,20,12,MEETS_TARGET,,src_film_detective,unclassified:57,1929,1980,NONE,,,,category film; route SOURCE_ROUTED; source policy curated; film sources: 
190,Late Film,ON_AIR,curated/video,25,105687,29.36,1,src_film_detective,The Film Detective,1,1,true,false,false,false,false,false,true,false,20,12,MEETS_TARGET,,src_film_detective,unclassified:25,1932,1961,NONE,,,,category film; route SOURCE_ROUTED; source policy curated; film sources: 
191,Midnight Film,UNAVAILABLE,curated/video,0,0,0,0,,,0,0,false,true,false,false,false,false,false,true,,,NOT_MEASURED_UNAVAILABLE,,,,,,OFF_AIR_BY_POLICY,Same identity as 119 Midnight Movies; its 586 eligible programmes are the film inventory 100 Film and 119 already air.,,,"category film; route SOURCE_ROUTED; source policy curated; film sources: Korean Film Archive / Korean Classic Film, National Film Board of Canada, Mystery Science Theater 3000; status card INTENTIONALLY_UNAVAILABLE → 119"
192,Double Feature,ON_AIR,curated/video,23,236555,65.71,1,src_movie_central,Movie Central,1,1,true,false,false,false,false,false,true,false,20,12,MEETS_TARGET,,src_movie_central,unclassified:23,,,NONE,,,,category film; route SOURCE_ROUTED; source policy curated; film sources: 
193,Film School,ON_AIR,curated/video,301,271796,75.5,2,src_studiobinder src_nfb,StudioBinder National Film Board of Canada,0.993,0.995,true,false,false,false,false,false,true,false,20,12,MEETS_TARGET,src_studiobinder,,unclassified:301,,,NONE,,,,"category film; route SOURCE_ROUTED; source policy curated; film sources: Korean Film Archive / Korean Classic Film, National Film Board of Canada, Mystery Science Theater 3000"
194,Film Essays,ON_AIR,curated/video,34,19131,5.31,2,src_every_frame src_nfb,Every Frame a Painting National Film Board of Canada,0.941,0.934,true,false,false,false,false,false,true,false,20,12,VIABLE_BELOW_TARGET,src_every_frame,,unclassified:34,,,BELOW_TARGET,34 programmes / 5.31 h against the FILM target of 20 / 12 h.,,,"category film; route SOURCE_ROUTED; source policy curated; film sources: Korean Film Archive / Korean Classic Film, National Film Board of Canada, Mystery Science Theater 3000"
195,Film Reviews,ON_AIR,curated/video,302,283876,78.85,2,src_kermode_mayo src_nfb,Kermode and Mayo National Film Board of Canada,0.993,0.996,true,false,false,false,false,false,true,false,20,12,MEETS_TARGET,src_kermode_mayo,,unclassified:302,,,NONE,,,,"category film; route SOURCE_ROUTED; source policy curated; film sources: Korean Film Archive / Korean Classic Film, National Film Board of Canada, Mystery Science Theater 3000"
196,Movie Culture,ON_AIR,curated/video,286,457279,127.02,2,src_patrick_willems src_thomas_flight,Patrick (H) Willems Thomas Flight,0.542,0.709,true,false,false,false,false,false,true,false,20,12,MEETS_TARGET,src_patrick_willems src_thomas_flight,,unclassified:286,,,NONE,,,,category film; route SOURCE_ROUTED; source policy curated; film sources: 
197,Behind the Scenes,ON_AIR,curated/video,69,87837,24.4,16,src_doctor_who src_studiobinder src_shows_must_go_on src_bbc_archive src_stan_winston src_oscars src_bfi src_bbc_archive_broadcasting src_terra_mater src_bbc_earth src_architectural_digest src_abc_news_indepth src_vanity_fair src_soundworks src_british_movietone src_ed_sullivan,Doctor Who StudioBinder The Shows Must Go On! BBC Archive Stan Winston School Oscars BFI BBC Archive – Broadcasting History Terra Mater BBC Earth Architectural Digest ABC News In-depth Vanity Fair SoundWorks Collection British Movietone The Ed Sullivan Show,0.232,0.29,true,false,false,false,false,false,true,false,20,12,MEETS_TARGET,,src_doctor_who src_bbc_archive src_bbc_archive_broadcasting src_abc_news_indepth src_bbc_earth src_terra_mater src_stan_winston src_studiobinder src_shows_must_go_on src_oscars src_soundworks src_vanity_fair src_architectural_digest src_ed_sullivan src_british_movietone src_bfi,unclassified:69,1955,1955,NONE,,,,category film; route CURATED_AGGREGATE; source policy curated; film sources: 
198,Deleted & Rare,HOLDING,curated/video,0,0,0,0,,,0,0,false,true,false,false,false,false,false,true,20,12,EMPTY,,,,,,NEEDS_SOURCE,UNRESOLVED (IDENTITY_UNRESOLVED): Only short clips exist for the identity; no programme-length official source.,,,"category film; route SOURCE_ROUTED; source policy curated; film sources: Korean Film Archive / Korean Classic Film, National Film Board of Canada, Mystery Science Theater 3000, British Pathé; status card UNRESOLVED"
199,Cinema Archive,HOLDING,curated/video,0,0,0,0,,,0,0,false,true,false,false,false,false,false,true,20,12,EMPTY,,,,,,NEEDS_SOURCE,UNRESOLVED (INSUFFICIENT_INVENTORY): The Cinema Museum has about 2.1 h usable and the Projected Picture Trust two videos; no CTA channel; Pathé stays 805-only.,,,"category film; route SOURCE_ROUTED; source policy curated; film sources: Korean Film Archive / Korean Classic Film, National Film Board of Canada, Mystery Science Theater 3000, British Pathé; status card UNRESOLVED"
200,Entertainment,ON_AIR,curated/video,359,501137,139.2,13,src_mst3k src_noclip src_tms_anime src_time_team src_buzzr src_hollyoaks src_lol_network src_red_green src_glitch src_its_anime src_antiques_roadshow_pbs src_sky_history_uk src_clover_chaos,Mystery Science Theater 3000 Noclip Anime! on TMS Official Channel Time Team Official / Time Team Classics BUZZR Hollyoaks Official LOL! Network The Red Green Show GLITCH Productions It's Anime / REMOW ANTIQUES ROADSHOW PBS Sky HISTORY UK Clover Chaos,0.136,0.18,true,false,false,false,false,false,true,false,20,6,MEETS_TARGET,,,unclassified:359,1991,2005,NONE,,,,category entertainment; route SOURCE_ROUTED; source policy curated; general-entertainment mix
201,Entertainment One,ON_AIR,curated/video,256,316006,87.78,11,src_tms_anime src_mst3k src_lol_network src_buzzr src_hollyoaks src_noclip src_glitch src_red_green src_its_anime src_clover_chaos src_black_white,Anime! on TMS Official Channel Mystery Science Theater 3000 LOL! Network BUZZR Hollyoaks Official Noclip GLITCH Productions The Red Green Show It's Anime / REMOW Clover Chaos &Black&White,0.16,0.193,true,false,false,false,false,false,true,false,20,6,MEETS_TARGET,,,unclassified:256,1984,2004,NONE,,,,category entertainment; route SOURCE_ROUTED; source policy curated; general-entertainment mix
202,Entertainment Two,ON_AIR,curated/video,279,376286,104.52,10,src_noclip src_tms_anime src_mst3k src_buzzr src_hollyoaks src_lol_network src_red_green src_its_anime src_glitch src_clover_chaos,Noclip Anime! on TMS Official Channel Mystery Science Theater 3000 BUZZR Hollyoaks Official LOL! Network The Red Green Show It's Anime / REMOW GLITCH Productions Clover Chaos,0.154,0.198,true,false,false,false,false,false,true,false,20,6,MEETS_TARGET,,,unclassified:279,1991,2005,NONE,,,,category entertainment; route SOURCE_ROUTED; source policy curated; general-entertainment mix
203,Comedy,ON_AIR,curated/video,527,695450,193.18,6,src_mst3k src_lol_network src_red_green src_buzzr src_clover_chaos src_glitch,Mystery Science Theater 3000 LOL! Network The Red Green Show BUZZR Clover Chaos GLITCH Productions,0.431,0.48,true,false,false,false,false,false,true,false,20,6,MEETS_TARGET,,,unclassified:527,1991,2005,NONE,,,,category entertainment; route SOURCE_ROUTED; source policy curated
204,Classic Comedy,ON_AIR,curated/video,16,34044,9.46,4,src_lol_network src_buzzr src_mst3k src_clover_chaos,LOL! Network BUZZR Mystery Science Theater 3000 Clover Chaos,0.75,0.92,true,false,false,false,false,false,true,false,20,6,VIABLE_BELOW_TARGET,,,unclassified:16,,,BELOW_TARGET,16 programmes / 9.46 h against the LONGFORM target of 20 / 6 h.,,,category entertainment; route SOURCE_ROUTED; source policy curated
205,Stand-Up,ON_AIR,curated/video,299,908072,252.24,1,src_dry_bar,Dry Bar Comedy,1,1,true,false,false,false,false,false,true,false,20,6,MEETS_TARGET,src_dry_bar,,unclassified:299,,,NONE,,,,category entertainment; route SOURCE_ROUTED; source policy curated
206,Sketch,ON_AIR,curated/video,299,90143,25.04,1,src_foil_arms_hog,Foil Arms and Hog,1,1,true,false,false,false,false,false,true,false,120,5,MEETS_TARGET,src_foil_arms_hog,,unclassified:299,,,NONE,,,,category entertainment; route SOURCE_ROUTED; source policy curated
207,Sitcom,ON_AIR,curated/video,900,1492896,414.69,3,src_friends src_the_office src_parks_and_rec,Friends The Office Parks and Recreation,0.333,0.381,true,false,false,false,false,false,true,false,20,6,MEETS_TARGET,src_the_office src_parks_and_rec src_friends,,unclassified:900,,,NONE,,,,category entertainment; route SOURCE_ROUTED; source policy curated
208,Panel,ON_AIR,curated/video,212,229127,63.65,2,src_lol_network src_buzzr,LOL! Network BUZZR,0.981,0.97,true,false,false,false,false,false,true,false,20,6,MEETS_TARGET,,,unclassified:212,,,NONE,,,,category entertainment; route SOURCE_ROUTED; source policy curated
209,Improv,ON_AIR,curated/video,299,353181,98.11,1,src_whose_line,Whose Line Is It Anyway?,1,1,true,false,false,false,false,false,true,false,20,6,MEETS_TARGET,src_whose_line,,unclassified:299,,,NONE,,,,category entertainment; route SOURCE_ROUTED; source policy curated
210,Drama,ON_AIR,curated/video,192,288017,80,2,src_hollyoaks src_time_team,Hollyoaks Official Time Team Official / Time Team Classics,0.969,0.96,true,false,false,false,false,false,true,false,20,6,MEETS_TARGET,,,unclassified:192,,,NONE,,,,category entertainment; route SOURCE_ROUTED; source policy curated
211,Classic Drama,HOLDING,curated/video,0,0,0,0,,,0,0,false,true,false,false,false,false,false,true,20,6,EMPTY,,,,,,BLOCKED_RIGHTS,RIGHTS_BLOCKED: Rights sit with broadcasters and distributors; the only full uploads are unofficial and are not used.,,,category entertainment; route SOURCE_ROUTED; source policy curated; status card RIGHTS_BLOCKED
212,Crime Drama,HOLDING,curated/video,0,0,0,0,,,0,0,false,true,false,false,false,false,false,true,20,6,EMPTY,,,,,,BLOCKED_RIGHTS,RIGHTS_BLOCKED: Rights held by broadcasters and distributors; unofficial uploads are not used.,,,category entertainment; route SOURCE_ROUTED; source policy curated; status card RIGHTS_BLOCKED
213,Detective,HOLDING,curated/video,0,0,0,0,,,0,0,false,true,false,false,false,false,false,true,20,6,EMPTY,,,,,,BLOCKED_RIGHTS,RIGHTS_BLOCKED: Rights held by broadcasters and distributors; unofficial uploads are not used.,,,category entertainment; route SOURCE_ROUTED; source policy curated; status card RIGHTS_BLOCKED
214,Mystery,HOLDING,curated/video,0,0,0,0,,,0,0,false,true,false,false,false,false,false,true,20,6,EMPTY,,,,,,BLOCKED_RIGHTS,RIGHTS_BLOCKED: Rights held by broadcasters and distributors; unofficial uploads are not used.,,,category entertainment; route SOURCE_ROUTED; source policy curated; status card RIGHTS_BLOCKED
215,Thriller TV,HOLDING,curated/video,0,0,0,0,,,0,0,false,true,false,false,false,false,false,true,20,6,EMPTY,,,,,,BLOCKED_RIGHTS,RIGHTS_BLOCKED: Rights held by broadcasters and distributors; unofficial uploads are not used.,,,category entertainment; route SOURCE_ROUTED; source policy curated; status card RIGHTS_BLOCKED
216,Sci-Fi TV,ON_AIR,curated/video,300,1411199,392,1,src_doctor_who,Doctor Who,1,1,true,false,false,false,false,false,true,false,20,6,MEETS_TARGET,src_doctor_who,,unclassified:300,,,NONE,,,,category entertainment; route CURATED_AGGREGATE; source policy curated
217,Fantasy TV,ON_AIR,curated/video,24,33259,9.24,11,src_royal_institution src_nfb src_time_team src_mst3k src_national_theatre src_lol_network src_tms_anime src_buzzr src_sky_history_uk src_antiques_roadshow_pbs src_rick_steves,Royal Institution National Film Board of Canada Time Team Official / Time Team Classics Mystery Science Theater 3000 National Theatre LOL! Network Anime! on TMS Official Channel BUZZR Sky HISTORY UK ANTIQUES ROADSHOW PBS Rick Steves' Europe,0.167,0.318,true,false,false,false,false,false,true,false,20,6,MEETS_TARGET,,,unclassified:24,,,NONE,,,,category entertainment; route CURATED_AGGREGATE; source policy curated
218,Horror TV,ON_AIR,curated/video,16,28145,7.82,6,src_filmrise_movies src_mst3k src_buzzr src_national_theatre src_shakespeares_globe src_antiques_roadshow_pbs,FilmRise Movies Mystery Science Theater 3000 BUZZR National Theatre Shakespeare's Globe ANTIQUES ROADSHOW PBS,0.25,0.585,true,false,false,false,false,false,true,false,20,6,VIABLE_BELOW_TARGET,,src_filmrise_movies,unclassified:16,,,BELOW_TARGET,16 programmes / 7.82 h against the LONGFORM target of 20 / 6 h.,"imported 1.0.7: 3 routed, 3 in today's pool (4.57 h)",,category entertainment; route CURATED_AGGREGATE; source policy curated
219,Cult TV,ON_AIR,curated/video,300,1518431,421.79,1,src_gerry_anderson,Gerry Anderson,1,1,true,false,false,false,false,false,true,false,20,6,MEETS_TARGET,src_gerry_anderson,,unclassified:300,,,NONE,,,,category entertainment; route SOURCE_ROUTED; source policy curated; film sources: 
220,Animation,ON_AIR,curated/video,783,779461,216.52,6,src_tms_anime src_sesame_street src_glitch src_its_anime src_nfb src_clover_chaos,Anime! on TMS Official Channel Sesame Street / Sesame Street Classics GLITCH Productions It's Anime / REMOW National Film Board of Canada Clover Chaos,0.327,0.507,true,false,false,false,false,false,true,false,20,6,MEETS_TARGET,,,unclassified:783,,,NONE,,,,category entertainment; route SOURCE_ROUTED; source policy curated
221,Classic Animation,ON_AIR,curated/video,12,20981,5.83,4,src_nfb src_clover_chaos src_glitch src_sesame_street,National Film Board of Canada Clover Chaos GLITCH Productions Sesame Street / Sesame Street Classics,0.5,0.563,true,false,false,false,false,false,true,false,20,6,VIABLE_BELOW_TARGET,,,unclassified:12,,,BELOW_TARGET,12 programmes / 5.83 h against the LONGFORM target of 20 / 6 h.,,,category entertainment; route SOURCE_ROUTED; source policy curated
222,Modern Animation,ON_AIR,curated/video,148,174287,48.41,2,src_cartoon_network_uk src_nickelodeon_uk,Cartoon Network UK Nickelodeon UK,0.622,0.53,true,false,false,false,false,false,true,false,20,6,MEETS_TARGET,src_cartoon_network_uk src_nickelodeon_uk,,unclassified:148,,,NONE,,,,category entertainment; route SOURCE_ROUTED; source policy curated
223,Adult Animation,ON_AIR,curated/video,154,189168,52.55,1,src_adult_swim,Adult Swim,1,1,true,false,false,false,false,false,true,false,20,6,MEETS_TARGET,src_adult_swim,,unclassified:154,,,NONE,,,,category entertainment; route SOURCE_ROUTED; source policy curated
224,Cartoon Classics,ON_AIR,curated/video,299,524742,145.76,1,src_popeye,Popeye And Friends Official,1,1,true,false,false,false,false,false,true,false,20,6,MEETS_TARGET,src_popeye,,unclassified:299,,,NONE,,,,category entertainment; route SOURCE_ROUTED; source policy curated
225,Saturday Cartoons,ON_AIR,curated/video,137,1327963,368.88,1,src_orbital_bacon,Orbital Bacon,1,1,true,false,false,false,false,false,true,false,20,6,MEETS_TARGET,src_orbital_bacon,,unclassified:137,,,NONE,,,,category entertainment; route SOURCE_ROUTED; source policy curated; owned source Orbital Bacon
226,Anime,ON_AIR,curated/video,401,467709,129.92,3,src_tms_anime src_its_anime src_glitch,Anime! on TMS Official Channel It's Anime / REMOW GLITCH Productions,0.638,0.844,true,false,false,false,false,false,true,false,20,6,MEETS_TARGET,,,unclassified:401,,,NONE,,,,category entertainment; route SOURCE_ROUTED; source policy curated
227,Classic Anime,ON_AIR,curated/video,57,17148,4.76,2,src_its_anime src_glitch,It's Anime / REMOW GLITCH Productions,0.965,0.992,true,false,false,false,false,false,true,false,120,5,VIABLE_BELOW_TARGET,,,unclassified:57,,,BELOW_TARGET,57 programmes / 4.76 h against the SHORT_FORM target of 120 / 5 h.,,,category entertainment; route SOURCE_ROUTED; source policy curated
228,Anime Action,ON_AIR,curated/video,614,1181699,328.25,3,src_vanguard src_beyblade src_crunchyroll_action,Cardfight!! Vanguard BEYBLADE English Crunchyroll – Action,0.489,0.512,true,false,false,false,false,false,true,false,20,6,MEETS_TARGET,src_vanguard src_beyblade src_crunchyroll_action,,unclassified:614,,,NONE,,,,category entertainment; route SOURCE_ROUTED; source policy curated; film sources: 
229,Anime Sci-Fi,ON_AIR,curated/video,149,238534,66.26,1,src_gundam,GUNDAM CHANNEL INTL,1,1,true,false,false,false,false,false,true,false,20,6,MEETS_TARGET,src_gundam,,unclassified:149,,,NONE,,,,category entertainment; route SOURCE_ROUTED; source policy curated
230,Anime Fantasy,ON_AIR,curated/video,21,31974,8.88,1,src_crunchyroll_fantasy,Crunchyroll – Fantasy,1,1,true,false,false,false,false,false,true,false,20,6,MEETS_TARGET,src_crunchyroll_fantasy,,unclassified:21,,,NONE,,,,category entertainment; route SOURCE_ROUTED; source policy curated; film sources: 
231,Anime Drama,ON_AIR,curated/video,10,14398,4,1,src_crunchyroll_drama,Crunchyroll – Drama,1,1,true,false,false,false,false,false,true,false,20,6,BELOW_VIABLE,src_crunchyroll_drama,,unclassified:10,,,BELOW_TARGET,10 programmes / 4 h against the LONGFORM target of 20 / 6 h.,,"editorial: 0 held, 3 rejected",category entertainment; route SOURCE_ROUTED; source policy curated; film sources: 
232,Anime Comedy,ON_AIR,curated/video,23,32906,9.14,1,src_crunchyroll_comedy,Crunchyroll – Comedy,1,1,true,false,false,false,false,false,true,false,20,6,MEETS_TARGET,src_crunchyroll_comedy,,unclassified:23,,,NONE,,,,category entertainment; route SOURCE_ROUTED; source policy curated; film sources: 
233,Anime Cinema,ON_AIR,curated/video,5,36785,10.22,2,src_gundam src_tms_anime,GUNDAM CHANNEL INTL Anime! on TMS Official Channel,0.6,0.676,true,false,false,false,false,false,true,false,20,6,BELOW_VIABLE,,src_gundam src_tms_anime,unclassified:5,,,BELOW_TARGET,5 programmes / 10.22 h against the LONGFORM target of 20 / 6 h.,,,category entertainment; route SOURCE_ROUTED; source policy curated; film sources: 
234,Manga Culture,ON_AIR,curated/video,45,26815,7.45,4,src_viz_manga src_comic_tropes src_british_museum src_strip_panel_naked,VIZ – Manga Comic Tropes The British Museum Strip Panel Naked,0.778,0.49,true,false,false,false,false,false,true,false,20,6,MEETS_TARGET,src_viz_manga,src_british_museum src_comic_tropes src_strip_panel_naked,unclassified:45,,,NONE,,,,category entertainment; route SOURCE_ROUTED; source policy curated; film sources: 
235,Kids,ON_AIR,curated/video,203,185264,51.46,1,src_sesame_street,Sesame Street / Sesame Street Classics,1,1,true,false,false,false,false,false,true,false,120,5,MEETS_TARGET,,,unclassified:203,,,NONE,,,,category entertainment; route SOURCE_ROUTED; source policy curated
236,Preschool,ON_AIR,curated/video,300,1733315,481.48,1,src_bluey,Bluey,1,1,true,false,false,false,false,false,true,false,20,6,MEETS_TARGET,src_bluey,,unclassified:300,,,NONE,,,,category entertainment; route SOURCE_ROUTED; source policy curated
237,Family,ON_AIR,curated/video,299,1439522,399.87,1,src_mr_bean,Mr Bean,1,1,true,false,false,false,false,false,true,false,20,6,MEETS_TARGET,src_mr_bean,,unclassified:299,,,NONE,,,,category entertainment; route SOURCE_ROUTED; source policy curated
238,Teen,ON_AIR,curated/video,300,942119,261.7,1,src_degrassi,Degrassi – The Official Channel,1,1,true,false,false,false,false,false,true,false,20,6,MEETS_TARGET,src_degrassi,,unclassified:300,,,NONE,,,,category entertainment; route SOURCE_ROUTED; source policy curated; film sources: 
239,Young Adult,ON_AIR,curated/video,305,111702,31.03,3,src_pemberley src_kindatv src_lizzie_bennet,Pemberley Digital KindaTV The Lizzie Bennet Diaries,0.479,0.397,true,false,false,false,false,false,true,false,120,5,MEETS_TARGET,src_pemberley src_lizzie_bennet src_kindatv,,unclassified:305,,,NONE,,,,category entertainment; route SOURCE_ROUTED; source policy curated; film sources: 
240,Gaming,ON_AIR,curated/video,147,350783,97.44,1,src_noclip,Noclip,1,1,true,false,false,false,false,false,true,false,20,6,MEETS_TARGET,,,unclassified:147,,,NONE,,,,category entertainment; route SOURCE_ROUTED; source policy curated
241,Retro Gaming,ON_AIR,curated/video,298,638305,177.31,1,src_lgr,LGR,1,1,true,false,false,false,false,false,true,false,20,6,MEETS_TARGET,src_lgr,,unclassified:298,,,NONE,,,,category entertainment; route SOURCE_ROUTED; source policy curated
242,Arcade,ON_AIR,curated/video,28,41591,11.55,8,src_modern_vintage_gamer src_digital_foundry src_8bit_guy src_modern_mba src_jimmy_diresta src_lgr src_james_bruton src_gaming_historian,Modern Vintage Gamer Digital Foundry The 8-Bit Guy Modern MBA Jimmy DiResta LGR James Bruton Gaming Historian,0.536,0.405,true,false,false,false,false,false,true,false,20,6,MEETS_TARGET,,src_modern_vintage_gamer src_8bit_guy src_digital_foundry src_gaming_historian src_lgr src_modern_mba src_james_bruton src_jimmy_diresta,unclassified:28,,,NONE,,,,category entertainment; route SOURCE_ROUTED; source policy curated; film sources: 
243,Console,ON_AIR,curated/video,298,1722990,478.61,1,src_digital_foundry,Digital Foundry,1,1,true,false,false,false,false,false,true,false,20,6,MEETS_TARGET,src_digital_foundry,,unclassified:298,,,NONE,,,,category entertainment; route SOURCE_ROUTED; source policy curated
244,PC Gaming,ON_AIR,curated/video,130,378240,105.07,1,src_pc_gamer,PC Gamer,1,1,true,false,false,false,false,false,true,false,20,6,MEETS_TARGET,src_pc_gamer,,unclassified:130,,,NONE,,,,category entertainment; route SOURCE_ROUTED; source policy curated
245,Indie Games,ON_AIR,curated/video,20,44697,12.42,1,src_noclip,Noclip,1,1,true,false,false,false,false,false,true,false,20,6,MEETS_TARGET,,,unclassified:20,,,NONE,,,,category entertainment; route SOURCE_ROUTED; source policy curated
246,Game History,ON_AIR,curated/video,125,117516,32.64,1,src_gaming_historian,Gaming Historian,1,1,true,false,false,false,false,false,true,false,20,6,MEETS_TARGET,src_gaming_historian,,unclassified:125,,,NONE,,,,category entertainment; route SOURCE_ROUTED; source policy curated
247,Game Design,ON_AIR,curated/video,45,91120,25.31,2,src_noclip src_nfb,Noclip National Film Board of Canada,0.956,0.935,true,false,false,false,false,false,true,false,20,6,MEETS_TARGET,,,unclassified:45,,,NONE,,,,category entertainment; route SOURCE_ROUTED; source policy curated
248,Esports,ON_AIR,curated/video,300,952983,264.72,1,src_lol_esports,LoL Esports,1,1,true,false,false,false,false,false,true,false,20,6,MEETS_TARGET,src_lol_esports,,unclassified:300,,,NONE,,,,category entertainment; route SOURCE_ROUTED; source policy curated
249,Tabletop,THIN,curated/video,1,3438,0.96,1,src_bh_photo,B&H Photo Video Event Space,1,1,true,false,false,false,false,true,false,false,20,6,BELOW_VIABLE,,,unclassified:1,,,NEEDS_DEPTH,0.96 h of distinct programming; the airing floor is 3 h.,,,category entertainment; route CURATED_AGGREGATE; source policy curated
250,Pop Culture,ON_AIR,curated/video,927,1248681,346.86,6,src_tms_anime src_noclip src_mst3k src_glitch src_its_anime src_clover_chaos,Anime! on TMS Official Channel Noclip Mystery Science Theater 3000 GLITCH Productions It's Anime / REMOW Clover Chaos,0.276,0.316,true,false,false,false,false,false,true,false,20,6,MEETS_TARGET,,,unclassified:927,,,NONE,,,,category entertainment; route SOURCE_ROUTED; source policy curated
251,Geek Culture,ON_AIR,curated/video,300,1411600,392.11,1,src_screen_junkies,Screen Junkies,1,1,true,false,false,false,false,false,true,false,20,6,MEETS_TARGET,src_screen_junkies,,unclassified:300,,,NONE,,,,category entertainment; route SOURCE_ROUTED; source policy curated
252,Comics,ON_AIR,curated/video,269,337963,93.88,2,src_comic_tropes src_strip_panel_naked,Comic Tropes Strip Panel Naked,0.509,0.815,true,false,false,false,false,false,true,false,20,6,MEETS_TARGET,src_comic_tropes src_strip_panel_naked,,unclassified:269,,,NONE,,,,category entertainment; route SOURCE_ROUTED; source policy curated
253,Superheroes,ON_AIR,curated/video,300,621472,172.63,1,src_comicstorian,Comicstorian,1,1,true,false,false,false,false,false,true,false,20,6,MEETS_TARGET,src_comicstorian,,unclassified:300,,,NONE,,,,category entertainment; route CURATED_AGGREGATE; source policy curated
254,Science Fiction Culture,ON_AIR,curated/video,67,114984,31.94,16,src_screen_junkies src_doctor_who src_bfi src_soundworks src_oscars src_vanity_fair src_comic_tropes src_ace_editors src_lessons_screenplay src_studiobinder src_tv_academy_interviews src_nerdwriter src_johnny_carson src_bbc_archive src_british_movietone src_polyphonic,Screen Junkies Doctor Who BFI SoundWorks Collection Oscars Vanity Fair Comic Tropes American Cinema Editors Lessons from the Screenplay StudioBinder Television Academy Foundation – The Interviews Nerdwriter1 Johnny Carson BBC Archive British Movietone Polyphonic,0.134,0.25,true,false,false,false,false,false,true,false,20,6,MEETS_TARGET,src_chm src_computerphile src_numberphile,src_doctor_who src_bfi src_bbc_archive src_nerdwriter src_lessons_screenplay src_soundworks src_oscars src_vanity_fair src_comic_tropes src_tv_academy_interviews src_polyphonic src_ace_editors src_british_movietone src_johnny_carson src_screen_junkies src_studiobinder,unclassified:67,,,NONE,,,,category entertainment; route SOURCE_ROUTED; source policy curated; film sources: 
255,Fantasy Culture,THIN,curated/video,1,1431,0.4,1,src_tms_anime,Anime! on TMS Official Channel,1,1,true,false,false,false,false,true,false,false,20,6,BELOW_VIABLE,,,unclassified:1,,,NEEDS_DEPTH,0.4 h of distinct programming; the airing floor is 3 h.,,,category entertainment; route SOURCE_ROUTED; source policy curated
256,Horror Culture,ON_AIR,curated/video,299,1333433,370.4,1,src_dead_meat,Dead Meat,1,1,true,false,false,false,false,false,true,false,20,6,MEETS_TARGET,src_dead_meat,,unclassified:299,,,NONE,,,,category entertainment; route SOURCE_ROUTED; source policy curated
257,Fandom,ON_AIR,curated/video,143,86642,24.07,1,src_glitch,GLITCH Productions,1,1,true,false,false,false,false,false,true,false,120,5,MEETS_TARGET,,,unclassified:143,,,NONE,,,,category entertainment; route SOURCE_ROUTED; source policy curated
258,Collecting,ON_AIR,curated/video,178,49042,13.62,4,src_antiques_roadshow_pbs src_nfb src_sky_history_uk src_glitch,ANTIQUES ROADSHOW PBS National Film Board of Canada Sky HISTORY UK GLITCH Productions,0.983,0.922,true,false,false,false,false,false,true,false,120,5,MEETS_TARGET,,,unclassified:178,,,NONE,,,,category entertainment; route CURATED_AGGREGATE; source policy curated
259,Toys,THIN,curated/video,2,281,0.08,1,src_antiques_roadshow_pbs,ANTIQUES ROADSHOW PBS,1,1,true,false,false,false,false,true,false,false,20,6,BELOW_VIABLE,,,unclassified:2,,,NEEDS_DEPTH,0.08 h of distinct programming; the airing floor is 3 h.,,,category entertainment; route CURATED_AGGREGATE; source policy curated
260,Talk,ON_AIR,curated/video,405,622263,172.85,2,src_time_team src_lol_network,Time Team Official / Time Team Classics LOL! Network,0.514,0.643,true,false,false,false,false,false,true,false,20,6,MEETS_TARGET,,,unclassified:405,,,NONE,,,,category entertainment; route SOURCE_ROUTED; source policy curated
261,Interviews,ON_AIR,curated/video,10,16329,4.54,1,src_time_team,Time Team Official / Time Team Classics,1,1,true,false,false,false,false,false,true,false,20,6,BELOW_VIABLE,src_chm src_computerphile src_numberphile,,unclassified:10,,,BELOW_TARGET,10 programmes / 4.54 h against the LONGFORM target of 20 / 6 h.,,,category entertainment; route SOURCE_ROUTED; source policy curated
262,Longform,ON_AIR,curated/video,50,410141,113.93,1,src_timeline,Timeline – World History Documentaries,1,1,true,false,false,false,false,false,true,false,20,6,MEETS_TARGET,,,unclassified:50,,,NONE,,,,category entertainment; route SOURCE_ROUTED; source policy curated
263,Podcast TV,ON_AIR,curated/video,35,77643,21.57,4,src_time_team src_bh_photo src_royal_institution src_lol_network,Time Team Official / Time Team Classics B&H Photo Video Event Space Royal Institution LOL! Network,0.714,0.722,true,false,false,false,false,false,true,false,20,6,MEETS_TARGET,,,unclassified:35,,,NONE,,,,category entertainment; route CURATED_AGGREGATE; source policy curated
264,Conversation,ON_AIR,curated/video,143,576118,160.03,1,src_team_coco,Team Coco,1,1,true,false,false,false,false,false,true,false,20,6,MEETS_TARGET,src_team_coco,,unclassified:143,,,NONE,,,,category entertainment; route SOURCE_ROUTED; source policy curated
265,Panel Talk,ON_AIR,curated/video,299,413664,114.91,1,src_mock_the_week,Mock The Week,1,1,true,false,false,false,false,false,true,false,20,6,MEETS_TARGET,src_mock_the_week,,unclassified:299,,,NONE,,,,category entertainment; route SOURCE_ROUTED; source policy curated
266,Late Night,ON_AIR,curated/video,652,668790,185.78,4,src_lol_network src_seth_meyers src_fallon src_colbert,LOL! Network Late Night with Seth Meyers The Tonight Show Starring Jimmy Fallon The Late Show with Stephen Colbert,0.319,0.332,true,false,false,false,false,false,true,false,20,6,MEETS_TARGET,src_seth_meyers src_colbert src_fallon,,unclassified:652,,,NONE,,,,category entertainment; route SOURCE_ROUTED; source policy curated; general-entertainment mix
267,Daytime,ON_AIR,curated/video,535,621088,172.52,3,src_hollyoaks src_this_morning src_loose_women,Hollyoaks Official This Morning Loose Women,0.374,0.445,true,false,false,false,false,false,true,false,20,6,MEETS_TARGET,src_this_morning src_loose_women,,unclassified:535,,,NONE,,,,category entertainment; route SOURCE_ROUTED; source policy curated; general-entertainment mix
268,Magazine,ON_AIR,curated/video,397,202070,56.13,2,src_atk src_antiques_roadshow_pbs,America's Test Kitchen ANTIQUES ROADSHOW PBS,0.559,0.776,true,false,false,false,false,false,true,false,20,6,MEETS_TARGET,,,unclassified:397,,,NONE,,,,category entertainment; route SOURCE_ROUTED; source policy curated
269,Variety,ON_AIR,curated/video,232,308805,85.78,9,src_tms_anime src_hollyoaks src_mst3k src_buzzr src_lol_network src_red_green src_glitch src_its_anime src_clover_chaos,Anime! on TMS Official Channel Hollyoaks Official Mystery Science Theater 3000 BUZZR LOL! Network The Red Green Show GLITCH Productions It's Anime / REMOW Clover Chaos,0.159,0.211,true,false,false,false,false,false,true,false,20,6,MEETS_TARGET,,,unclassified:232,1991,2005,NONE,,,,category entertainment; route SOURCE_ROUTED; source policy curated; general-entertainment mix
270,Reality,ON_AIR,curated/video,5,18907,5.25,3,src_royal_institution src_nfb src_clover_chaos,Royal Institution National Film Board of Canada Clover Chaos,0.6,0.559,true,false,false,false,false,false,true,false,20,6,BELOW_VIABLE,,,unclassified:5,2017,2017,BELOW_TARGET,5 programmes / 5.25 h against the POLICY target of 20 / 6 h.,,,category entertainment; route CURATED_AGGREGATE; source policy curated
271,Competition,ON_AIR,curated/video,184,279346,77.6,1,src_buzzr,BUZZR,1,1,true,false,false,false,false,false,true,false,20,6,MEETS_TARGET,,,unclassified:184,1976,1993,NONE,,,,category entertainment; route SOURCE_ROUTED; source policy curated
272,Talent,THIN,curated/video,2,2033,0.56,2,src_red_green src_national_theatre,The Red Green Show National Theatre,0.5,0.71,true,false,false,false,false,true,false,false,20,6,BELOW_VIABLE,,,unclassified:2,1991,1991,NEEDS_DEPTH,0.56 h of distinct programming; the airing floor is 3 h.,,,category entertainment; route CURATED_AGGREGATE; source policy curated
273,Quiz,ON_AIR,curated/video,300,783453,217.63,1,src_taskmaster,Taskmaster,1,1,true,false,false,false,false,false,true,false,20,6,MEETS_TARGET,src_taskmaster,,unclassified:300,,,NONE,,,,category entertainment; route SOURCE_ROUTED; source policy curated
274,Game Shows,ON_AIR,curated/video,48,66547,18.49,2,src_buzzr src_red_green,BUZZR The Red Green Show,0.979,0.978,true,false,false,false,false,false,true,false,20,6,MEETS_TARGET,,,unclassified:48,1991,1993,NONE,,,,category entertainment; route SOURCE_ROUTED; source policy curated
275,Classic Game Shows,ON_AIR,curated/video,21,26984,7.5,1,src_wheel_of_fortune,Wheel of Fortune – Vintage,1,1,true,false,false,false,false,false,true,false,20,6,MEETS_TARGET,src_wheel_of_fortune,,unclassified:21,,,NONE,,"imported 1.0.7: 2 routed, 2 in today's pool (0.63 h)",,category entertainment; route SOURCE_ROUTED; source policy curated; film sources: 
276,Travel Entertainment,ON_AIR,curated/video,96,21983,6.11,2,src_rick_steves src_national_rail_scenic,Rick Steves' Europe National Rail Scenic Railway Journeys,0.99,0.898,true,false,false,false,false,false,true,false,120,5,VIABLE_BELOW_TARGET,src_national_rail_scenic src_lonely_planet,,unclassified:96,,,BELOW_TARGET,96 programmes / 6.11 h against the SHORT_FORM target of 120 / 5 h.,,,category entertainment; route SOURCE_ROUTED; source policy curated
277,Lifestyle Entertainment,ON_AIR,curated/video,1085,1221324,339.26,8,src_mst3k src_buzzr src_lol_network src_atk src_red_green src_glitch src_clover_chaos src_black_white,Mystery Science Theater 3000 BUZZR LOL! Network America's Test Kitchen The Red Green Show GLITCH Productions Clover Chaos &Black&White,0.209,0.274,true,false,false,false,false,false,true,false,20,6,MEETS_TARGET,src_hasfit src_yoga_adriene,,unclassified:1085,1976,2005,NONE,,,,category entertainment; route SOURCE_ROUTED; source policy curated
278,Celebrity Archive,ON_AIR,curated/video,359,324561,90.16,2,src_buzzr src_antiques_roadshow_pbs,BUZZR ANTIQUES ROADSHOW PBS,0.513,0.861,true,false,false,false,false,false,true,false,20,6,MEETS_TARGET,,,unclassified:359,1976,1993,NONE,,,,category entertainment; route SOURCE_ROUTED; source policy curated
279,Showbiz,ON_AIR,curated/video,199,306400,85.11,2,src_vanity_fair src_entertainment_tonight,Vanity Fair Entertainment Tonight,0.744,0.868,true,false,false,false,false,false,true,false,20,6,MEETS_TARGET,src_vanity_fair src_entertainment_tonight,,unclassified:199,,,NONE,,,,category entertainment; route SOURCE_ROUTED; source policy curated
280,Stage,ON_AIR,curated/video,86,46188,12.83,2,src_shakespeares_globe src_nfb,Shakespeare's Globe National Film Board of Canada,0.953,0.832,true,false,false,false,false,false,true,false,120,5,VIABLE_BELOW_TARGET,,,unclassified:86,,,BELOW_TARGET,86 programmes / 12.83 h against the SHORT_FORM target of 120 / 5 h.,,,category entertainment; route SOURCE_ROUTED; source policy curated
281,Theatre,ON_AIR,curated/video,303,272550,75.71,2,src_national_theatre src_nfb,National Theatre National Film Board of Canada,0.987,0.972,true,false,false,false,false,false,true,false,20,6,MEETS_TARGET,,,unclassified:303,,,NONE,,,,category entertainment; route SOURCE_ROUTED; source policy curated
282,Musical Theatre,ON_AIR,curated/video,304,260853,72.46,2,src_shows_must_go_on src_nfb,The Shows Must Go On! National Film Board of Canada,0.987,0.97,true,false,false,false,false,false,true,false,20,6,MEETS_TARGET,src_shows_must_go_on,,unclassified:304,,,NONE,,,,category entertainment; route SOURCE_ROUTED; source policy curated
283,Dance,ON_AIR,curated/video,428,400247,111.18,2,src_royal_ballet_opera src_sadlers_wells,Royal Ballet and Opera Sadler's Wells,0.629,0.566,true,false,false,false,false,false,true,false,120,5,MEETS_TARGET,src_royal_ballet_opera src_sadlers_wells,,unclassified:428,,,NONE,,,,category entertainment; route SOURCE_ROUTED; source policy curated
284,Performance,THIN,curated/video,4,7764,2.16,1,src_nfb,National Film Board of Canada,1,1,true,false,false,false,false,true,false,false,20,6,BELOW_VIABLE,,,unclassified:4,,,NEEDS_DEPTH,2.16 h of distinct programming; the airing floor is 3 h.,,,category entertainment; route SOURCE_ROUTED; source policy curated
285,Magic,HOLDING,curated/video,0,0,0,0,,,0,0,false,true,false,false,true,false,false,true,,,NOT_MEASURED_SPECIAL,,,,,,NEEDS_SOURCE,"UNRESOLVED (INSUFFICIENT_EXISTING_INVENTORY): Titles naming magic are mostly unrelated (sketch shows, music, antiques); verified magic performance is under 3 h.",,,category entertainment; route RETROTV_ORIGINAL_GENERATED; source policy curated; status card UNRESOLVED
286,Circus,ON_AIR,curated/video,238,349339,97.04,1,src_cirque,Cirque du Soleil,1,1,true,false,false,false,true,false,true,false,,,NOT_MEASURED_SPECIAL,src_cirque,,unclassified:238,,,NONE,,,,category entertainment; route RETROTV_ORIGINAL_GENERATED; source policy curated
287,Comedy Archive,ON_AIR,curated/video,47,66689,18.52,1,src_red_green,The Red Green Show,1,1,true,false,false,false,false,false,true,false,20,6,MEETS_TARGET,,,unclassified:47,1991,1999,NONE,,,,category entertainment; route SOURCE_ROUTED; source policy curated
288,TV Archive,ON_AIR,curated/video,631,1221777,339.38,3,src_bbc_archive src_thames_tv src_royal_institution,BBC Archive Thames TV Royal Institution,0.474,0.516,true,false,false,false,false,false,true,false,20,6,MEETS_TARGET,src_thames_tv src_bbc_archive,,unclassified:631,1968,1999,NONE,,,,category entertainment; route SOURCE_ROUTED; source policy curated; general-entertainment mix; film sources: 
289,Retro Television,ON_AIR,curated/video,600,753256,209.24,2,src_carol_burnett src_johnny_carson,The Carol Burnett Show Johnny Carson,0.5,0.619,true,false,false,false,false,false,true,false,20,6,MEETS_TARGET,src_johnny_carson src_carol_burnett,,unclassified:600,,,NONE,,,,category entertainment; route SOURCE_ROUTED; source policy curated; general-entertainment mix; film sources: 
290,Internet Classics,ON_AIR,curated/video,26,46045,12.79,9,src_berkman_klein src_internet_historian src_oii src_polyphonic src_logically_answered src_company_man src_lgr src_bloomberg_originals src_nerdwriter,Berkman Klein Center for Internet & Society Internet Historian Oxford Internet Institute Polyphonic Logically Answered Company Man LGR Bloomberg Originals Nerdwriter1,0.385,0.37,true,false,false,false,false,false,true,false,20,6,MEETS_TARGET,src_chm src_computerphile src_numberphile,src_berkman_klein src_bloomberg_originals src_company_man src_internet_historian src_lgr src_logically_answered src_nerdwriter src_oii src_polyphonic,unclassified:26,,,NONE,,,,category entertainment; route SOURCE_ROUTED; source policy curated; film sources: 
291,Viral Archive,HOLDING,curated/video,0,0,0,0,,,0,0,false,true,false,false,true,false,false,true,,,NOT_MEASURED_SPECIAL,,,,,,NEEDS_SOURCE,"UNRESOLVED (NO_OFFICIAL_SOURCE): Viral clips circulate as third-party re-uploads; catalogue hits are news items about virality, not the clips.",,,category entertainment; route RETROTV_ORIGINAL_GENERATED; source policy curated; status card UNRESOLVED
292,Creators,ON_AIR,curated/video,35,72887,20.25,7,src_mark_wiens src_cruising_the_cut src_tasting_history src_patrick_boyle src_exploring_alternatives src_wendover src_nerdwriter,Mark Wiens Cruising The Cut Tasting History with Max Miller Patrick Boyle – Market History Exploring Alternatives Wendover Productions Nerdwriter1,0.143,0.239,true,false,false,false,false,false,true,false,20,6,MEETS_TARGET,,src_cruising_the_cut src_exploring_alternatives src_mark_wiens src_nerdwriter src_patrick_boyle src_tasting_history src_wendover,unclassified:35,,,NONE,,,,category entertainment; route SOURCE_ROUTED; source policy curated; film sources: 
293,Video Essays,ON_AIR,curated/video,263,114326,31.76,1,src_nerdwriter,Nerdwriter1,1,1,true,false,false,false,false,false,true,false,20,6,MEETS_TARGET,src_nerdwriter,,unclassified:263,,,NONE,,,,category entertainment; route SOURCE_ROUTED; source policy curated
294,Reviews,HOLDING,curated/video,0,0,0,0,,,0,0,false,true,false,false,true,false,false,true,,,NOT_MEASURED_SPECIAL,,,,,,NEEDS_SOURCE,"UNRESOLVED (IDENTITY_COLLISION): Review programmes exist (tech, motoring, coffee) but each is already the identity of its subject channel; a Reviews mix would be a front door with no editorial definition.",,,category entertainment; route RETROTV_ORIGINAL_GENERATED; source policy curated; status card UNRESOLVED
295,Reactions,HOLDING,curated/video,0,0,0,0,,,0,0,false,true,false,false,true,false,false,true,,,NOT_MEASURED_SPECIAL,,,,,,NEEDS_SOURCE,UNRESOLVED (NO_LEGITIMATE_CONTENT_MODEL): Reaction videos are built on third-party footage; no reaction format rests on official material.,,,category entertainment; route RETROTV_ORIGINAL_GENERATED; source policy curated; status card UNRESOLVED
296,Behind the Screen,ON_AIR,curated/video,9,25121,6.98,1,src_noclip,Noclip,1,1,true,false,false,false,false,false,true,false,20,6,BELOW_VIABLE,,,unclassified:9,,,BELOW_TARGET,9 programmes / 6.98 h against the LONGFORM target of 20 / 6 h.,,,category entertainment; route SOURCE_ROUTED; source policy curated
297,Fan Films,HOLDING,curated/video,0,0,0,0,,,0,0,false,true,false,false,false,false,false,true,20,6,EMPTY,,,,,,BLOCKED_RIGHTS,RIGHTS_BLOCKED: The underlying characters and worlds belong to third parties; no publisher shows a licence from the franchise owner.,,,category entertainment; route SOURCE_ROUTED; source policy curated; status card RIGHTS_BLOCKED
298,Web Series,ON_AIR,curated/video,11,12747,3.54,5,src_clover_chaos src_mst3k src_computerphile src_lol_network src_glitch,Clover Chaos Mystery Science Theater 3000 Computerphile LOL! Network GLITCH Productions,0.455,0.656,true,false,false,false,false,false,true,false,20,6,BELOW_VIABLE,src_chm src_computerphile src_numberphile,,unclassified:11,,,BELOW_TARGET,11 programmes / 3.54 h against the LONGFORM target of 20 / 6 h.,,,category entertainment; route SOURCE_ROUTED; source policy curated
299,Entertainment Extra,ON_AIR,curated/video,272,361036,100.29,10,src_tms_anime src_noclip src_mst3k src_hollyoaks src_buzzr src_lol_network src_red_green src_glitch src_its_anime src_clover_chaos,Anime! on TMS Official Channel Noclip Mystery Science Theater 3000 Hollyoaks Official BUZZR LOL! Network The Red Green Show GLITCH Productions It's Anime / REMOW Clover Chaos,0.206,0.234,true,false,false,false,false,false,true,false,20,6,MEETS_TARGET,,,unclassified:272,1976,2005,NONE,,,,category entertainment; route SOURCE_ROUTED; source policy curated; general-entertainment mix
300,Sport,ON_AIR,curated/video,1105,1613995,448.33,8,src_fivb_archive src_top_rank src_one src_fifa src_wwe src_world_rugby src_fih src_icc,FIVB / Volleyball World historical free replays Top Rank Boxing ONE Championship FIFA WWE World Rugby International Hockey Federation (FIH) ICC,0.241,0.319,true,false,false,false,false,false,true,false,30,6,MEETS_TARGET,,,unclassified:1105,1970,2027,NONE,,,,category sport; route SOURCE_ROUTED; source policy curated; sport routing: any sport
301,Football,ON_AIR,curated/video,266,224067,62.24,1,src_fifa,FIFA,1,1,true,false,false,false,false,false,true,false,30,6,MEETS_TARGET,,,unclassified:266,1970,2026,NONE,,,,category sport; route SOURCE_ROUTED; source policy curated; sport routing: football
302,Football Live,HOLDING,curated/video,0,0,0,0,,,0,0,false,true,true,false,false,false,false,true,,,NOT_MEASURED_LIVE,,,,,,NEEDS_LIVE_PROVIDER,Live-only channel with no verified official stream.,,,category sport; route SOURCE_ROUTED; source policy curated; sport routing: football; live streams only; status card OFF_AIR
303,Football Classics,ON_AIR,curated/video,17,70749,19.65,2,src_england_football src_fifa,England FIFA,0.588,0.878,true,false,false,false,false,false,true,false,30,6,VIABLE_BELOW_TARGET,,,unclassified:17,1970,2015,BELOW_TARGET,17 programmes / 19.65 h against the SPORT target of 30 / 6 h.,,,category sport; route SOURCE_ROUTED; source policy curated; sport routing: football
304,Football Documentary,ON_AIR,curated/video,38,52686,14.64,6,src_copa90 src_bundesliga src_dw_documentary src_england_football src_premier_league src_cna_insider,COPA90 Bundesliga DW Documentary England Premier League CNA Insider,0.579,0.472,true,false,false,false,false,false,true,false,30,6,MEETS_TARGET,,src_bundesliga src_cna_insider src_copa90 src_dw_documentary src_england_football src_premier_league,unclassified:38,,,NONE,,,,category sport; route SOURCE_ROUTED; source policy curated; sport routing: football; film sources: 
305,Football Tactics,ON_AIR,curated/video,287,593707,164.92,1,src_athletic_fc,The Athletic FC,1,1,true,false,false,false,false,false,true,false,30,6,MEETS_TARGET,src_athletic_fc,,unclassified:287,,,NONE,,,,category sport; route SOURCE_ROUTED; source policy curated; sport routing: football
306,Football History,ON_AIR,curated/video,23,25152,6.99,7,src_bbc_archive src_british_movietone src_copa90 src_premier_league src_bundesliga src_thames_tv src_fifa,BBC Archive British Movietone COPA90 Premier League Bundesliga Thames TV FIFA,0.304,0.415,true,false,false,false,false,false,true,false,30,6,VIABLE_BELOW_TARGET,,src_bbc_archive src_british_movietone src_bundesliga src_copa90 src_fifa src_premier_league src_thames_tv,unclassified:23,,,BELOW_TARGET,23 programmes / 6.99 h against the SPORT target of 30 / 6 h.,,,category sport; route SOURCE_ROUTED; source policy curated; sport routing: football; film sources: 
307,English Football,ON_AIR,curated/video,300,389596,108.22,1,src_premier_league,Premier League,1,1,true,false,false,false,false,false,true,false,30,6,MEETS_TARGET,src_premier_league,,unclassified:300,,,NONE,,,,category sport; route SOURCE_ROUTED; source policy curated; sport routing: football
308,European Football,ON_AIR,curated/video,600,893754,248.27,2,src_bundesliga src_uefa,Bundesliga UEFA,0.5,0.676,true,false,false,false,false,false,true,false,30,6,MEETS_TARGET,src_uefa src_bundesliga,,unclassified:600,,,NONE,,,,category sport; route SOURCE_ROUTED; source policy curated; sport routing: football
309,World Football,ON_AIR,curated/video,138,136118,37.81,1,src_fifa,FIFA,1,1,true,false,false,false,false,false,true,false,30,6,MEETS_TARGET,,,unclassified:138,1970,2026,NONE,,,,category sport; route SOURCE_ROUTED; source policy curated; sport routing: football
310,Women's Football,ON_AIR,curated/video,325,1992499,553.47,2,src_wsl src_fifa,Barclays Women's Super League FIFA,0.923,0.991,true,false,false,false,false,false,true,false,30,6,MEETS_TARGET,src_wsl,,unclassified:325,,,NONE,,,,category sport; route SOURCE_ROUTED; source policy curated; sport routing: football
311,International Football,ON_AIR,curated/video,600,3243530,900.98,2,src_concacaf src_england_football,Concacaf England,0.5,0.75,true,false,false,false,false,false,true,false,30,6,MEETS_TARGET,src_england_football src_concacaf,,unclassified:600,1994,2027,NONE,,,,category sport; route SOURCE_ROUTED; source policy curated; sport routing: football
312,Football Highlights,ON_AIR,curated/video,71,16890,4.69,1,src_fifa,FIFA,1,1,true,false,false,false,false,false,true,false,30,6,VIABLE_BELOW_TARGET,,,unclassified:71,1970,2026,BELOW_TARGET,71 programmes / 4.69 h against the SPORT target of 30 / 6 h.,,,category sport; route SOURCE_ROUTED; source policy curated; sport routing: football
313,Football Analysis,ON_AIR,curated/video,221,162091,45.03,1,src_coaches_voice,Coaches' Voice,1,1,true,false,false,false,false,false,true,false,30,6,MEETS_TARGET,src_coaches_voice,,unclassified:221,,,NONE,,,,category sport; route SOURCE_ROUTED; source policy curated; sport routing: football
314,Football Culture,ON_AIR,curated/video,300,277768,77.16,1,src_copa90,COPA90,1,1,true,false,false,false,false,false,true,false,30,6,MEETS_TARGET,src_copa90,,unclassified:300,,,NONE,,,,category sport; route SOURCE_ROUTED; source policy curated; sport routing: football
315,ESPN,UNAVAILABLE,official/video,0,0,0,0,,,0,0,false,true,false,false,false,false,false,true,,,NOT_MEASURED_UNAVAILABLE,,,,,,OFF_AIR_BY_POLICY,Rights-holder or subscription programming with no free authorised source; kept off air.,,,category sport; route DELIBERATELY_UNAVAILABLE; source policy official-source-required; provider hint ESPN; sport routing: any sport; status card OFF_AIR
316,ESPN NBA,UNAVAILABLE,official/video,0,0,0,0,,,0,0,false,true,false,false,false,false,false,true,,,NOT_MEASURED_UNAVAILABLE,,,,,,OFF_AIR_BY_POLICY,Rights-holder or subscription programming with no free authorised source; kept off air.,,,category sport; route DELIBERATELY_UNAVAILABLE; source policy official-source-required; provider hint ESPN; sport routing: basketball; status card OFF_AIR
317,NBA,UNAVAILABLE,official/video,0,0,0,0,,,0,0,false,true,false,false,false,false,false,true,,,NOT_MEASURED_UNAVAILABLE,,,,,,OFF_AIR_BY_POLICY,Rights-holder or subscription programming with no free authorised source; kept off air.,,,category sport; route DELIBERATELY_UNAVAILABLE; source policy official-source-required; provider hint NBA; sport routing: basketball; status card OFF_AIR
318,NFL,UNAVAILABLE,official/video,0,0,0,0,,,0,0,false,true,false,false,false,false,false,true,,,NOT_MEASURED_UNAVAILABLE,,,,,,OFF_AIR_BY_POLICY,Rights-holder or subscription programming with no free authorised source; kept off air.,,,category sport; route DELIBERATELY_UNAVAILABLE; source policy official-source-required; provider hint NFL; sport routing: american-football; status card OFF_AIR
319,NFL Films & Archive,ON_AIR,official/video,299,360296,100.08,1,src_nfl_films,NFL Films,1,1,true,false,false,false,false,false,true,false,30,6,MEETS_TARGET,,,unclassified:299,,,NONE,,,,category sport; route SOURCE_ROUTED; source policy official-source-required; provider hint NFL; sport routing: american-football
320,MLB,UNAVAILABLE,official/video,0,0,0,0,,,0,0,false,true,false,false,false,false,false,true,,,NOT_MEASURED_UNAVAILABLE,,,,,,OFF_AIR_BY_POLICY,Rights-holder or subscription programming with no free authorised source; kept off air.,,,category sport; route DELIBERATELY_UNAVAILABLE; source policy official-source-required; provider hint MLB; sport routing: baseball; status card OFF_AIR
321,NHL,UNAVAILABLE,official/video,0,0,0,0,,,0,0,false,true,false,false,false,false,false,true,,,NOT_MEASURED_UNAVAILABLE,,,,,,OFF_AIR_BY_POLICY,Rights-holder or subscription programming with no free authorised source; kept off air.,,,category sport; route DELIBERATELY_UNAVAILABLE; source policy official-source-required; provider hint NHL; sport routing: ice-hockey; status card OFF_AIR
322,WNBA,UNAVAILABLE,official/video,0,0,0,0,,,0,0,false,true,false,false,false,false,false,true,,,NOT_MEASURED_UNAVAILABLE,,,,,,OFF_AIR_BY_POLICY,Rights-holder or subscription programming with no free authorised source; kept off air.,,,category sport; route DELIBERATELY_UNAVAILABLE; source policy official-source-required; provider hint WNBA; sport routing: basketball; status card OFF_AIR
323,FIFA,HOLDING,official/video,0,0,0,0,,,0,0,false,true,false,false,false,false,false,true,30,6,EMPTY,,,,,,NEEDS_SOURCE,UNRESOLVED (IDENTITY_COLLISION): The only World Cup publisher (FIFA) is the whole of 301 Football; a distinct pool would mean restructuring 301.,,,category sport; route SOURCE_ROUTED; source policy official-source-required; provider hint FIFA; sport routing: football; status card UNRESOLVED
324,UEFA,UNAVAILABLE,official/video,0,0,0,0,,,0,0,false,true,false,false,false,false,false,true,,,NOT_MEASURED_UNAVAILABLE,,,,,,OFF_AIR_BY_POLICY,Rights-holder or subscription programming with no free authorised source; kept off air.,,,category sport; route DELIBERATELY_UNAVAILABLE; source policy official-source-required; provider hint UEFA; sport routing: football; status card OFF_AIR
325,Football Classics,UNAVAILABLE,curated/video,0,0,0,0,,,0,0,false,true,false,false,false,false,false,true,,,NOT_MEASURED_UNAVAILABLE,,,,,,OFF_AIR_BY_POLICY,Same name and identity as 303 Football Classics; its eligible programmes are the sport inventory 300 and 303 already air.,,,category sport; route SOURCE_ROUTED; source policy curated; sport routing: football; status card INTENTIONALLY_UNAVAILABLE → 303
326,Football Documentary,UNAVAILABLE,curated/video,0,0,0,0,,,0,0,false,true,false,false,false,false,false,true,,,NOT_MEASURED_UNAVAILABLE,,,,,,OFF_AIR_BY_POLICY,Same name and identity as 304 Football Documentary; its eligible programmes are the sport inventory 300 and 304 already air.,,,category sport; route SOURCE_ROUTED; source policy curated; sport routing: football; status card INTENTIONALLY_UNAVAILABLE → 304
327,Football Analysis,UNAVAILABLE,curated/video,0,0,0,0,,,0,0,false,true,false,false,false,false,false,true,,,NOT_MEASURED_UNAVAILABLE,,,,,,OFF_AIR_BY_POLICY,Same name and identity as 313 Football Analysis; its eligible programmes are the sport inventory 300 and 313 already air.,,,category sport; route SOURCE_ROUTED; source policy curated; sport routing: football; status card INTENTIONALLY_UNAVAILABLE → 313
328,Wrestling,ON_AIR,curated/video,97,111497,30.97,1,src_wwe,WWE,1,1,true,false,false,false,false,false,true,false,30,6,MEETS_TARGET,,,unclassified:97,,,NONE,,,,category sport; route SOURCE_ROUTED; source policy curated; sport routing: wrestling
329,Wrestling Classics,ON_AIR,curated/video,600,4136552,1149.04,2,src_wwe_vault src_wcw,WWE Vault WCW,0.5,0.535,true,false,false,false,false,false,true,false,30,6,MEETS_TARGET,src_wwe_vault src_wcw,,unclassified:600,,,NONE,,,,category sport; route SOURCE_ROUTED; source policy curated; sport routing: wrestling
330,Boxing,ON_AIR,curated/video,168,293971,81.66,1,src_top_rank,Top Rank Boxing,1,1,true,false,false,false,false,false,true,false,30,6,MEETS_TARGET,,,unclassified:168,,,NONE,,,,category sport; route SOURCE_ROUTED; source policy curated; sport routing: boxing
331,MMA,ON_AIR,curated/video,168,279570,77.66,1,src_one,ONE Championship,1,1,true,false,false,false,false,false,true,false,30,6,MEETS_TARGET,,,unclassified:168,,,NONE,,,,category sport; route SOURCE_ROUTED; source policy curated; sport routing: mma
332,Tennis,ON_AIR,curated/video,300,306096,85.03,1,src_wimbledon,Wimbledon,1,1,true,false,false,false,false,false,true,false,30,6,MEETS_TARGET,,,unclassified:300,2004,2026,NONE,,,,category sport; route SOURCE_ROUTED; source policy curated; sport routing: tennis
333,Cycling,ON_AIR,curated/video,301,620416,172.34,2,src_gcn src_nfb,Global Cycling Network National Film Board of Canada,0.997,0.997,true,false,false,false,false,false,true,false,30,6,MEETS_TARGET,src_gcn,,unclassified:301,,,NONE,,,,category sport; route CURATED_AGGREGATE; source policy curated; sport routing: cycling
334,Motorsport,THIN,curated/video,3,1889,0.52,1,src_hagerty,Hagerty,1,1,true,false,false,false,false,true,false,false,30,6,BELOW_VIABLE,src_hagerty src_motorweek,,unclassified:3,,,NEEDS_DEPTH,0.52 h of distinct programming; the airing floor is 3 h.,,,category sport; route SOURCE_ROUTED; source policy curated; sport routing: motorsport
335,Formula Racing,UNAVAILABLE,curated/video,0,0,0,0,,,0,0,false,true,false,false,false,false,false,true,,,NOT_MEASURED_UNAVAILABLE,,,,,,OFF_AIR_BY_POLICY,Rights-holder or subscription programming with no free authorised source; kept off air.,,,category sport; route DELIBERATELY_UNAVAILABLE; source policy curated; sport routing: motorsport; status card OFF_AIR
336,Rally,UNAVAILABLE,curated/video,0,0,0,0,,,0,0,false,true,false,false,false,false,false,true,,,NOT_MEASURED_UNAVAILABLE,,,,,,OFF_AIR_BY_POLICY,Rights-holder or subscription programming with no free authorised source; kept off air.,,,category sport; route DELIBERATELY_UNAVAILABLE; source policy curated; sport routing: motorsport; status card OFF_AIR
337,Athletics,UNAVAILABLE,curated/video,0,0,0,0,,,0,0,false,true,false,false,false,false,false,true,,,NOT_MEASURED_UNAVAILABLE,,,,,,OFF_AIR_BY_POLICY,Rights-holder or subscription programming with no free authorised source; kept off air.,,,category sport; route DELIBERATELY_UNAVAILABLE; source policy curated; sport routing: athletics; status card OFF_AIR
338,Olympic Archive,UNAVAILABLE,curated/video,0,0,0,0,,,0,0,false,true,false,false,false,false,false,true,,,NOT_MEASURED_UNAVAILABLE,,,,,,OFF_AIR_BY_POLICY,Rights-holder or subscription programming with no free authorised source; kept off air.,,,category sport; route DELIBERATELY_UNAVAILABLE; source policy curated; sport routing: any sport; status card OFF_AIR
339,Cricket,ON_AIR,curated/video,73,31213,8.67,1,src_icc,ICC,1,1,true,false,false,false,false,false,true,false,30,6,MEETS_TARGET,,,unclassified:73,,,NONE,,,,category sport; route SOURCE_ROUTED; source policy curated; sport routing: cricket
340,Motorsport,ON_AIR,curated/video,303,576427,160.12,2,src_fia_wec src_hagerty,FIA World Endurance Championship Hagerty,0.99,0.997,true,false,false,false,false,false,true,false,30,6,MEETS_TARGET,src_hagerty src_motorweek src_fia_wec,,unclassified:303,,,NONE,,,,category sport; route SOURCE_ROUTED; source policy curated; sport routing: motorsport
341,Formula Racing,UNAVAILABLE,curated/video,0,0,0,0,,,0,0,false,true,false,false,false,false,false,true,,,NOT_MEASURED_UNAVAILABLE,,,,,,OFF_AIR_BY_POLICY,Rights-holder or subscription programming with no free authorised source; kept off air.,,,category sport; route DELIBERATELY_UNAVAILABLE; source policy curated; sport routing: motorsport; status card OFF_AIR
342,Rally,UNAVAILABLE,curated/video,0,0,0,0,,,0,0,false,true,false,false,false,false,false,true,,,NOT_MEASURED_UNAVAILABLE,,,,,,OFF_AIR_BY_POLICY,Rights-holder or subscription programming with no free authorised source; kept off air.,,,category sport; route DELIBERATELY_UNAVAILABLE; source policy curated; sport routing: motorsport; status card OFF_AIR
343,Motorcycle Racing,UNAVAILABLE,curated/video,0,0,0,0,,,0,0,false,true,false,false,false,false,false,true,,,NOT_MEASURED_UNAVAILABLE,src_hagerty src_motorweek,,,,,OFF_AIR_BY_POLICY,Rights-holder or subscription programming with no free authorised source; kept off air.,,,category sport; route DELIBERATELY_UNAVAILABLE; source policy curated; sport routing: motorsport; status card OFF_AIR
344,Classic Motorsport,ON_AIR,curated/video,269,473432,131.51,1,src_goodwood,Goodwood Road & Racing,1,1,true,false,false,false,false,false,true,false,30,6,MEETS_TARGET,src_hagerty src_motorweek src_goodwood,,unclassified:269,,,NONE,,,,category sport; route SOURCE_ROUTED; source policy curated; sport routing: motorsport
345,Motorsport Documentary,ON_AIR,curated/video,166,163514,45.42,1,src_josh_revell,Josh Revell,1,1,true,false,false,false,false,false,true,false,30,6,MEETS_TARGET,src_hagerty src_motorweek src_josh_revell,,unclassified:166,,,NONE,,,,category sport; route SOURCE_ROUTED; source policy curated; sport routing: motorsport
346,Athletics,UNAVAILABLE,curated/video,0,0,0,0,,,0,0,false,true,false,false,false,false,false,true,,,NOT_MEASURED_UNAVAILABLE,,,,,,OFF_AIR_BY_POLICY,Rights-holder or subscription programming with no free authorised source; kept off air.,,,category sport; route DELIBERATELY_UNAVAILABLE; source policy curated; sport routing: athletics; status card OFF_AIR
347,Running,UNAVAILABLE,curated/video,0,0,0,0,,,0,0,false,true,false,false,false,false,false,true,,,NOT_MEASURED_UNAVAILABLE,src_hasfit src_yoga_adriene,,,,,OFF_AIR_BY_POLICY,Rights-holder or subscription programming with no free authorised source; kept off air.,,,category sport; route DELIBERATELY_UNAVAILABLE; source policy curated; sport routing: athletics; status card OFF_AIR
348,Olympic Archive,UNAVAILABLE,curated/video,0,0,0,0,,,0,0,false,true,false,false,false,false,false,true,,,NOT_MEASURED_UNAVAILABLE,,,,,,OFF_AIR_BY_POLICY,Rights-holder or subscription programming with no free authorised source; kept off air.,,,category sport; route DELIBERATELY_UNAVAILABLE; source policy curated; sport routing: any sport; status card OFF_AIR
349,Gymnastics,UNAVAILABLE,curated/video,0,0,0,0,,,0,0,false,true,false,false,false,false,false,true,,,NOT_MEASURED_UNAVAILABLE,,,,,,OFF_AIR_BY_POLICY,Rights-holder or subscription programming with no free authorised source; kept off air.,,,category sport; route DELIBERATELY_UNAVAILABLE; source policy curated; sport routing: gymnastics; status card OFF_AIR
350,Swimming,UNAVAILABLE,curated/video,0,0,0,0,,,0,0,false,true,false,false,false,false,false,true,,,NOT_MEASURED_UNAVAILABLE,,,,,,OFF_AIR_BY_POLICY,Rights-holder or subscription programming with no free authorised source; kept off air.,,,category sport; route DELIBERATELY_UNAVAILABLE; source policy curated; sport routing: swimming; status card OFF_AIR
351,Diving,UNAVAILABLE,curated/video,0,0,0,0,,,0,0,false,true,false,false,false,false,false,true,,,NOT_MEASURED_UNAVAILABLE,,,,,,OFF_AIR_BY_POLICY,Rights-holder or subscription programming with no free authorised source; kept off air.,,,category sport; route DELIBERATELY_UNAVAILABLE; source policy curated; sport routing: swimming; status card OFF_AIR
352,Rowing,UNAVAILABLE,curated/video,0,0,0,0,,,0,0,false,true,false,false,false,false,false,true,,,NOT_MEASURED_UNAVAILABLE,,,,,,OFF_AIR_BY_POLICY,Rights-holder or subscription programming with no free authorised source; kept off air.,,,category sport; route DELIBERATELY_UNAVAILABLE; source policy curated; sport routing: rowing; status card OFF_AIR
353,Sailing,ON_AIR,curated/video,300,893764,248.27,1,src_sailgp,SailGP,1,1,true,false,false,false,false,false,true,false,30,6,MEETS_TARGET,src_sailgp,,unclassified:300,,,NONE,,,,category sport; route SOURCE_ROUTED; source policy curated; sport routing: sailing
354,Surfing,UNAVAILABLE,curated/video,0,0,0,0,,,0,0,false,true,false,false,false,false,false,true,,,NOT_MEASURED_UNAVAILABLE,,,,,,OFF_AIR_BY_POLICY,Rights-holder or subscription programming with no free authorised source; kept off air.,,,category sport; route DELIBERATELY_UNAVAILABLE; source policy curated; sport routing: surfing; status card OFF_AIR
355,Skateboarding,ON_AIR,curated/video,300,546503,151.81,1,src_braille_skate,Braille Skateboarding,1,1,true,false,false,false,false,false,true,false,30,6,MEETS_TARGET,src_braille_skate,,unclassified:300,,,NONE,,,,category sport; route SOURCE_ROUTED; source policy curated; sport routing: skateboarding
356,Snow Sports,ON_AIR,curated/video,322,434050,120.57,2,src_fis_alpine src_tgr,FIS Alpine Teton Gravity Research,0.932,0.971,true,false,false,false,false,false,true,false,30,6,MEETS_TARGET,src_fis_alpine src_tgr,,unclassified:322,,,NONE,,,,category sport; route SOURCE_ROUTED; source policy curated; sport routing: snow
357,Skiing,UNAVAILABLE,curated/video,0,0,0,0,,,0,0,false,true,false,false,false,false,false,true,,,NOT_MEASURED_UNAVAILABLE,,,,,,OFF_AIR_BY_POLICY,Rights-holder or subscription programming with no free authorised source; kept off air.,,,category sport; route DELIBERATELY_UNAVAILABLE; source policy curated; sport routing: snow; status card OFF_AIR
358,Climbing,UNAVAILABLE,curated/video,0,0,0,0,,,0,0,false,true,false,false,false,false,false,true,,,NOT_MEASURED_UNAVAILABLE,,,,,,OFF_AIR_BY_POLICY,Rights-holder or subscription programming with no free authorised source; kept off air.,,,category sport; route DELIBERATELY_UNAVAILABLE; source policy curated; sport routing: climbing; status card OFF_AIR
359,Adventure Sport,ON_AIR,curated/video,221,423467,117.63,1,src_wsl_surf,World Surf League,1,1,true,false,false,false,false,false,true,false,30,6,MEETS_TARGET,src_wsl_surf,,unclassified:221,,,NONE,,,,"category sport; route SOURCE_ROUTED; source policy curated; sport routing: climbing, surfing, skateboarding, snow, sailing, cycling, fishing"
360,Cricket,ON_AIR,curated/video,598,1338581,371.83,2,src_ecb src_cricket_au,England & Wales Cricket Board cricket.com.au,0.502,0.791,true,false,false,false,false,false,true,false,30,6,MEETS_TARGET,src_ecb src_cricket_au,,unclassified:598,,,NONE,,,,category sport; route SOURCE_ROUTED; source policy curated; sport routing: cricket
361,Cricket Classics,HOLDING,curated/video,0,0,0,0,,,0,0,false,true,false,false,false,false,false,true,30,6,EMPTY,,,,,,BLOCKED_RIGHTS,RIGHTS_BLOCKED: No rightsholder publishes full classic matches free and embeddable in the UK; unofficial uploads are not used.,,,category sport; route SOURCE_ROUTED; source policy curated; sport routing: cricket; status card RIGHTS_BLOCKED
362,Rugby Union,ON_AIR,curated/video,101,111244,30.9,1,src_world_rugby,World Rugby,1,1,true,false,false,false,false,false,true,false,30,6,MEETS_TARGET,,,unclassified:101,2019,2027,NONE,,,,category sport; route SOURCE_ROUTED; source policy curated; sport routing: rugby
363,Rugby League,ON_AIR,curated/video,48,49610,13.78,1,src_world_rugby,World Rugby,1,1,true,false,false,false,false,false,true,false,30,6,MEETS_TARGET,,,unclassified:48,2019,2027,NONE,,,,category sport; route SOURCE_ROUTED; source policy curated; sport routing: rugby
364,Golf,UNAVAILABLE,curated/video,0,0,0,0,,,0,0,false,true,false,false,false,false,false,true,,,NOT_MEASURED_UNAVAILABLE,,,,,,OFF_AIR_BY_POLICY,Rights-holder or subscription programming with no free authorised source; kept off air.,,,category sport; route DELIBERATELY_UNAVAILABLE; source policy curated; sport routing: golf; status card OFF_AIR
365,Snooker,UNAVAILABLE,curated/video,0,0,0,0,,,0,0,false,true,false,false,false,false,false,true,,,NOT_MEASURED_UNAVAILABLE,,,,,,OFF_AIR_BY_POLICY,Rights-holder or subscription programming with no free authorised source; kept off air.,,,category sport; route DELIBERATELY_UNAVAILABLE; source policy curated; sport routing: snooker; status card OFF_AIR
366,Pool,UNAVAILABLE,curated/video,0,0,0,0,,,0,0,false,true,false,false,false,false,false,true,,,NOT_MEASURED_UNAVAILABLE,,,,,,OFF_AIR_BY_POLICY,Rights-holder or subscription programming with no free authorised source; kept off air.,,,category sport; route DELIBERATELY_UNAVAILABLE; source policy curated; sport routing: snooker; status card OFF_AIR
367,Darts,ON_AIR,curated/video,300,740325,205.65,1,src_pdc,Professional Darts Corporation,1,1,true,false,false,false,false,false,true,false,30,6,MEETS_TARGET,,,unclassified:300,2025,2025,NONE,,,,category sport; route SOURCE_ROUTED; source policy curated; sport routing: darts
368,Bowling,UNAVAILABLE,curated/video,0,0,0,0,,,0,0,false,true,false,false,false,false,false,true,,,NOT_MEASURED_UNAVAILABLE,,,,,,OFF_AIR_BY_POLICY,Rights-holder or subscription programming with no free authorised source; kept off air.,,,category sport; route DELIBERATELY_UNAVAILABLE; source policy curated; sport routing: bowling; status card OFF_AIR
369,Baseball,UNAVAILABLE,curated/video,0,0,0,0,,,0,0,false,true,false,false,false,false,false,true,,,NOT_MEASURED_UNAVAILABLE,,,,,,OFF_AIR_BY_POLICY,Rights-holder or subscription programming with no free authorised source; kept off air.,,,category sport; route DELIBERATELY_UNAVAILABLE; source policy curated; sport routing: baseball; status card OFF_AIR
370,American Football,ON_AIR,curated/video,292,412822,114.67,1,src_nfl,NFL,1,1,true,false,false,false,false,false,true,false,30,6,MEETS_TARGET,,,unclassified:292,,,NONE,,,,category sport; route SOURCE_ROUTED; source policy curated; sport routing: american-football
371,Ice Hockey,ON_AIR,curated/video,272,705526,195.98,1,src_iihf,IIHF,1,1,true,false,false,false,false,false,true,false,30,6,MEETS_TARGET,,,unclassified:272,,,NONE,,,,category sport; route SOURCE_ROUTED; source policy curated; sport routing: ice-hockey
372,Field Hockey,ON_AIR,curated/video,100,47160,13.1,1,src_fih,International Hockey Federation (FIH),1,1,true,false,false,false,false,false,true,false,30,6,MEETS_TARGET,,,unclassified:100,2025,2025,NONE,,,,category sport; route SOURCE_ROUTED; source policy curated; sport routing: field-hockey
373,Volleyball,ON_AIR,curated/video,132,515273,143.13,1,src_fivb_archive,FIVB / Volleyball World historical free replays,1,1,true,false,false,false,false,false,true,false,30,6,MEETS_TARGET,,,unclassified:132,2022,2026,NONE,,,,category sport; route SOURCE_ROUTED; source policy curated; sport routing: volleyball
374,Handball,UNAVAILABLE,curated/video,0,0,0,0,,,0,0,false,true,false,false,false,false,false,true,,,NOT_MEASURED_UNAVAILABLE,,,,,,OFF_AIR_BY_POLICY,Rights-holder or subscription programming with no free authorised source; kept off air.,,,category sport; route DELIBERATELY_UNAVAILABLE; source policy curated; sport routing: any sport; status card OFF_AIR
375,Netball,UNAVAILABLE,curated/video,0,0,0,0,,,0,0,false,true,false,false,false,false,false,true,,,NOT_MEASURED_UNAVAILABLE,,,,,,OFF_AIR_BY_POLICY,Rights-holder or subscription programming with no free authorised source; kept off air.,,,category sport; route DELIBERATELY_UNAVAILABLE; source policy curated; sport routing: any sport; status card OFF_AIR
376,Badminton,UNAVAILABLE,curated/video,0,0,0,0,,,0,0,false,true,false,false,false,false,false,true,,,NOT_MEASURED_UNAVAILABLE,,,,,,OFF_AIR_BY_POLICY,Rights-holder or subscription programming with no free authorised source; kept off air.,,,category sport; route DELIBERATELY_UNAVAILABLE; source policy curated; sport routing: any sport; status card OFF_AIR
377,Table Tennis,ON_AIR,curated/video,300,2402226,667.29,1,src_wtt,World Table Tennis,1,1,true,false,false,false,false,false,true,false,30,6,MEETS_TARGET,,,unclassified:300,,,NONE,,,,category sport; route SOURCE_ROUTED; source policy curated; sport routing: table-tennis
378,Squash,UNAVAILABLE,curated/video,0,0,0,0,,,0,0,false,true,false,false,false,false,false,true,,,NOT_MEASURED_UNAVAILABLE,,,,,,OFF_AIR_BY_POLICY,Rights-holder or subscription programming with no free authorised source; kept off air.,,,category sport; route DELIBERATELY_UNAVAILABLE; source policy curated; sport routing: any sport; status card OFF_AIR
379,Lacrosse,UNAVAILABLE,curated/video,0,0,0,0,,,0,0,false,true,false,false,false,false,false,true,,,NOT_MEASURED_UNAVAILABLE,,,,,,OFF_AIR_BY_POLICY,Rights-holder or subscription programming with no free authorised source; kept off air.,,,category sport; route DELIBERATELY_UNAVAILABLE; source policy curated; sport routing: any sport; status card OFF_AIR
380,Equestrian,UNAVAILABLE,curated/video,0,0,0,0,,,0,0,false,true,false,false,false,false,false,true,,,NOT_MEASURED_UNAVAILABLE,,,,,,OFF_AIR_BY_POLICY,Rights-holder or subscription programming with no free authorised source; kept off air.,,,category sport; route DELIBERATELY_UNAVAILABLE; source policy curated; sport routing: horse-racing; status card OFF_AIR
381,Horse Racing,UNAVAILABLE,curated/video,0,0,0,0,,,0,0,false,true,false,false,false,false,false,true,,,NOT_MEASURED_UNAVAILABLE,,,,,,OFF_AIR_BY_POLICY,Rights-holder or subscription programming with no free authorised source; kept off air.,,,category sport; route DELIBERATELY_UNAVAILABLE; source policy curated; sport routing: horse-racing; status card OFF_AIR
382,Greyhound Archive,UNAVAILABLE,curated/video,0,0,0,0,,,0,0,false,true,false,false,false,false,false,true,,,NOT_MEASURED_UNAVAILABLE,,,,,,OFF_AIR_BY_POLICY,Rights-holder or subscription programming with no free authorised source; kept off air.,,,category sport; route DELIBERATELY_UNAVAILABLE; source policy curated; sport routing: any sport; status card OFF_AIR
383,Fishing,UNAVAILABLE,curated/video,0,0,0,0,,,0,0,false,true,false,false,false,false,false,true,,,NOT_MEASURED_UNAVAILABLE,,,,,,OFF_AIR_BY_POLICY,Rights-holder or subscription programming with no free authorised source; kept off air.,,,category sport; route DELIBERATELY_UNAVAILABLE; source policy curated; sport routing: fishing; status card OFF_AIR
384,Outdoor Sport,ON_AIR,curated/video,176,130158,36.16,1,src_mellow,Mellow Climbing,1,1,true,false,false,false,false,false,true,false,30,6,MEETS_TARGET,src_national_rail_scenic src_mellow,,unclassified:176,,,NONE,,,,"category sport; route SOURCE_ROUTED; source policy curated; sport routing: climbing, surfing, skateboarding, snow, sailing, cycling, fishing"
385,Strength,UNAVAILABLE,curated/video,0,0,0,0,,,0,0,false,true,false,false,false,false,false,true,,,NOT_MEASURED_UNAVAILABLE,src_hasfit src_yoga_adriene,,,,,OFF_AIR_BY_POLICY,Rights-holder or subscription programming with no free authorised source; kept off air.,,,category sport; route DELIBERATELY_UNAVAILABLE; source policy curated; sport routing: strength; status card OFF_AIR
386,Weightlifting,UNAVAILABLE,curated/video,0,0,0,0,,,0,0,false,true,false,false,false,false,false,true,,,NOT_MEASURED_UNAVAILABLE,,,,,,OFF_AIR_BY_POLICY,Rights-holder or subscription programming with no free authorised source; kept off air.,,,category sport; route DELIBERATELY_UNAVAILABLE; source policy curated; sport routing: strength; status card OFF_AIR
387,Bodybuilding,UNAVAILABLE,curated/video,0,0,0,0,,,0,0,false,true,false,false,false,false,false,true,,,NOT_MEASURED_UNAVAILABLE,,,,,,OFF_AIR_BY_POLICY,Rights-holder or subscription programming with no free authorised source; kept off air.,,,category sport; route DELIBERATELY_UNAVAILABLE; source policy curated; sport routing: strength; status card OFF_AIR
388,Fitness Sport,ON_AIR,curated/video,99,111954,31.1,2,src_yoga_adriene src_hasfit,Yoga With Adriene HASfit,0.505,0.617,true,false,false,false,false,false,true,false,30,6,MEETS_TARGET,src_hasfit src_yoga_adriene,,unclassified:99,,,NONE,,,,category sport; route SOURCE_ROUTED; source policy curated
389,Combat Archive,ON_AIR,curated/video,433,685038,190.29,3,src_top_rank src_one src_wwe,Top Rank Boxing ONE Championship WWE,0.388,0.429,true,false,false,false,false,false,true,false,30,6,MEETS_TARGET,,,unclassified:433,,,NONE,,,,"category sport; route SOURCE_ROUTED; source policy curated; sport routing: boxing, mma, wrestling"
390,Sports Science,ON_AIR,curated/video,18,25624,7.12,3,src_running_channel src_gcn src_khan_medicine_physiology,The Running Channel Global Cycling Network Khan Academy Medicine – Physiology,0.5,0.495,true,false,false,false,false,false,true,false,30,6,VIABLE_BELOW_TARGET,src_chm src_computerphile src_numberphile,src_gcn src_khan_medicine_physiology src_running_channel,unclassified:18,,,BELOW_TARGET,18 programmes / 7.12 h against the SPORT target of 30 / 6 h.,"imported 1.0.7: 3 routed, 3 in today's pool (0.68 h)",,category sport; route SOURCE_ROUTED; source policy curated; sport routing: any sport; film sources: 
391,Sports Medicine,ON_AIR,curated/video,12,17717,4.92,6,src_running_channel src_gcn src_royal_institution src_uefa src_nfl_films src_tom_merrick,The Running Channel Global Cycling Network Royal Institution UEFA NFL Films Tom Merrick,0.417,0.529,true,false,false,false,false,false,true,false,30,6,BELOW_VIABLE,,src_gcn src_nfl_films src_royal_institution src_running_channel src_tom_merrick src_uefa,unclassified:12,,,BELOW_TARGET,12 programmes / 4.92 h against the SPORT target of 30 / 6 h.,,,category sport; route SOURCE_ROUTED; source policy curated; film sources: 
392,Coaching,ON_AIR,curated/video,36,41627,11.56,11,src_nfl_films src_iihf src_nfl src_pdc src_wimbledon src_top_rank src_hasfit src_wwe src_world_rugby src_one src_fifa,NFL Films IIHF NFL Professional Darts Corporation Wimbledon Top Rank Boxing HASfit WWE World Rugby ONE Championship FIFA,0.472,0.566,true,false,false,false,false,false,true,false,30,6,MEETS_TARGET,,,unclassified:36,,,NONE,,,,category sport; route CURATED_AGGREGATE; source policy curated; sport routing: any sport
393,Tactics,THIN,curated/video,1,377,0.1,1,src_fifa,FIFA,1,1,true,false,false,false,false,true,false,false,30,6,BELOW_VIABLE,,,unclassified:1,,,NEEDS_DEPTH,0.1 h of distinct programming; the airing floor is 3 h.,,,category sport; route CURATED_AGGREGATE; source policy curated; sport routing: any sport
394,Sports Business,UNAVAILABLE,curated/video,0,0,0,0,,,0,0,false,true,false,false,false,false,false,true,,,NOT_MEASURED_UNAVAILABLE,,,,,,OFF_AIR_BY_POLICY,Same name and identity as 626 Sports Business; its eligible programmes are the inventory 300 and 626 already air.,,,category sport; route SOURCE_ROUTED; source policy curated; sport routing: any sport; status card INTENTIONALLY_UNAVAILABLE → 626
395,Sports History,ON_AIR,curated/video,10,21727,6.04,6,src_one src_wwe src_time_team src_top_rank src_world_rugby src_fifa,ONE Championship WWE Time Team Official / Time Team Classics Top Rank Boxing World Rugby FIFA,0.4,0.581,true,false,false,false,false,false,true,false,30,6,BELOW_VIABLE,,,unclassified:10,,,BELOW_TARGET,10 programmes / 6.04 h against the SPORT target of 30 / 6 h.,,,category sport; route SOURCE_ROUTED; source policy curated; sport routing: any sport
396,Great Matches,ON_AIR,curated/video,21,22672,6.3,7,src_world_rugby src_one src_top_rank src_fih src_wwe src_fifa src_icc,World Rugby ONE Championship Top Rank Boxing International Hockey Federation (FIH) WWE FIFA ICC,0.238,0.406,true,false,false,false,false,false,true,false,30,6,VIABLE_BELOW_TARGET,,,unclassified:21,2026,2026,BELOW_TARGET,21 programmes / 6.3 h against the SPORT target of 30 / 6 h.,,,category sport; route SOURCE_ROUTED; source policy curated; sport routing: any sport
397,Great Athletes,ON_AIR,curated/video,86,101056,28.07,8,src_nfl_films src_top_rank src_bundesliga src_premier_league src_one src_copa90 src_uefa src_fifa,NFL Films Top Rank Boxing Bundesliga Premier League ONE Championship COPA90 UEFA FIFA,0.64,0.582,true,false,false,false,false,false,true,false,30,6,MEETS_TARGET,,src_bundesliga src_copa90 src_fifa src_nfl_films src_one src_premier_league src_top_rank src_uefa,unclassified:86,,,NONE,,,,category sport; route SOURCE_ROUTED; source policy curated; sport routing: any sport; film sources: 
398,Stadiums,ON_AIR,curated/video,15,106784,29.66,6,src_wtt src_wimbledon src_nfl_films src_pdc src_fifa src_icc,World Table Tennis Wimbledon NFL Films Professional Darts Corporation FIFA ICC,0.467,0.791,true,false,false,false,false,false,true,false,30,6,VIABLE_BELOW_TARGET,,,unclassified:15,2026,2026,BELOW_TARGET,15 programmes / 29.66 h against the SPORT target of 30 / 6 h.,,,category sport; route CURATED_AGGREGATE; source policy curated; sport routing: any sport
399,Sport Extra,ON_AIR,curated/video,33,158038,43.9,4,src_fivb_archive src_wtt src_pdc src_world_rugby,FIVB / Volleyball World historical free replays World Table Tennis Professional Darts Corporation World Rugby,0.515,0.405,true,false,false,false,false,false,true,false,30,6,MEETS_TARGET,,,unclassified:33,2025,2026,NONE,,,,category sport; route SOURCE_ROUTED; source policy curated; sport routing: any sport
400,History,ON_AIR,curated/video,1343,3432692,953.53,4,src_timeline src_nfb src_time_team src_sky_history_uk,Timeline – World History Documentaries National Film Board of Canada Time Team Official / Time Team Classics Sky HISTORY UK,0.434,0.535,true,false,false,false,false,false,true,false,20,6,MEETS_TARGET,src_timeline src_ww2,,unclassified:1343,,,NONE,,,,category knowledge; route SOURCE_ROUTED; source policy curated
401,Ancient World,ON_AIR,curated/video,285,846219,235.06,4,src_timeline src_time_team src_nfb src_sky_history_uk,Timeline – World History Documentaries Time Team Official / Time Team Classics National Film Board of Canada Sky HISTORY UK,0.691,0.497,true,false,false,false,false,false,true,false,20,6,MEETS_TARGET,src_timeline,,unclassified:285,,,NONE,,,,category knowledge; route SOURCE_ROUTED; source policy curated
402,Archaeology,ON_AIR,curated/video,9,15270,4.24,1,src_time_team,Time Team Official / Time Team Classics,1,1,true,false,false,false,false,false,true,false,20,6,BELOW_VIABLE,,,unclassified:9,,,BELOW_TARGET,9 programmes / 4.24 h against the LONGFORM target of 20 / 6 h.,,,category knowledge; route SOURCE_ROUTED; source policy curated
403,Rome,ON_AIR,curated/video,38,128903,35.81,3,src_timeline src_time_team src_sky_history_uk,Timeline – World History Documentaries Time Team Official / Time Team Classics Sky HISTORY UK,0.5,0.746,true,false,false,false,false,false,true,false,20,6,MEETS_TARGET,src_timeline,,unclassified:38,,,NONE,,,,category knowledge; route SOURCE_ROUTED; source policy curated
404,Ancient Greece,ON_AIR,curated/video,11,41560,11.54,3,src_timeline src_time_team src_bloomberg_originals,Timeline – World History Documentaries Time Team Official / Time Team Classics Bloomberg Originals,0.636,0.746,true,false,false,false,false,false,true,false,20,6,BELOW_VIABLE,src_timeline,src_bloomberg_originals,unclassified:11,,,BELOW_TARGET,11 programmes / 11.54 h against the LONGFORM target of 20 / 6 h.,"imported 1.0.7: 2 routed, 2 in today's pool (1.56 h)",,category knowledge; route SOURCE_ROUTED; source policy curated
405,Egypt,ON_AIR,curated/video,23,117467,32.63,3,src_timeline src_nfb src_sky_history_uk,Timeline – World History Documentaries National Film Board of Canada Sky HISTORY UK,0.783,0.945,true,false,false,false,false,false,true,false,20,6,MEETS_TARGET,src_timeline,,unclassified:23,,,NONE,,,,category knowledge; route SOURCE_ROUTED; source policy curated
406,Medieval,ON_AIR,curated/video,45,131658,36.57,4,src_timeline src_time_team src_nfb src_sky_history_uk,Timeline – World History Documentaries Time Team Official / Time Team Classics National Film Board of Canada Sky HISTORY UK,0.489,0.457,true,false,false,false,false,false,true,false,20,6,MEETS_TARGET,src_timeline,,unclassified:45,,,NONE,,,,category knowledge; route SOURCE_ROUTED; source policy curated
407,Renaissance,ON_AIR,curated/video,69,111373,30.94,9,src_national_gallery src_timeline src_english_heritage src_british_museum src_bernadette_banner src_time_team src_tasting_history src_sothebys src_christies,The National Gallery Timeline – World History Documentaries English Heritage The British Museum Bernadette Banner Time Team Official / Time Team Classics Tasting History with Max Miller Sotheby's – Collecting Christie's – Collecting,0.565,0.659,true,false,false,false,false,false,true,false,20,6,MEETS_TARGET,src_timeline,src_bernadette_banner src_british_museum src_christies src_english_heritage src_national_gallery src_sothebys src_tasting_history src_time_team src_timeline,unclassified:69,,,NONE,,,,category knowledge; route SOURCE_ROUTED; source policy curated; film sources: 
408,Age of Revolution,ON_AIR,curated/video,5,13371,3.71,2,src_royal_institution src_sky_history_uk,Royal Institution Sky HISTORY UK,0.8,0.977,true,false,false,false,false,false,true,false,20,6,BELOW_VIABLE,,,unclassified:5,,,BELOW_TARGET,5 programmes / 3.71 h against the LONGFORM target of 20 / 6 h.,,,category knowledge; route SOURCE_ROUTED; source policy curated
409,Industrial Age,ON_AIR,curated/video,170,45234,12.57,1,src_sky_history_uk,Sky HISTORY UK,1,1,true,false,false,false,false,false,true,false,120,5,MEETS_TARGET,,,unclassified:170,,,NONE,,,,category knowledge; route SOURCE_ROUTED; source policy curated
410,Victorian World,ON_AIR,curated/video,9,18211,5.06,2,src_timeline src_sky_history_uk,Timeline – World History Documentaries Sky HISTORY UK,0.556,0.954,true,false,false,false,false,false,true,false,20,6,BELOW_VIABLE,src_timeline,,unclassified:9,,,BELOW_TARGET,9 programmes / 5.06 h against the LONGFORM target of 20 / 6 h.,,,category knowledge; route SOURCE_ROUTED; source policy curated
411,The Great War,ON_AIR,curated/video,40,24322,6.76,3,src_nfb src_sky_history_uk src_time_team,National Film Board of Canada Sky HISTORY UK Time Team Official / Time Team Classics,0.75,0.57,true,false,false,false,false,false,true,false,120,5,VIABLE_BELOW_TARGET,,,unclassified:40,,,BELOW_TARGET,40 programmes / 6.76 h against the SHORT_FORM target of 120 / 5 h.,,,category knowledge; route SOURCE_ROUTED; source policy curated
412,World War II,ON_AIR,curated/video,413,900367,250.1,5,src_ww2 src_timeline src_sky_history_uk src_time_team src_nfb,World War Two (TimeGhost) Timeline – World History Documentaries Sky HISTORY UK Time Team Official / Time Team Classics National Film Board of Canada,0.724,0.544,true,false,false,false,false,false,true,false,20,6,MEETS_TARGET,src_timeline src_ww2,,unclassified:413,,,NONE,,,,category knowledge; route SOURCE_ROUTED; source policy curated
413,Cold War,ON_AIR,curated/video,29,107263,29.8,3,src_timeline src_nfb src_sky_history_uk,Timeline – World History Documentaries National Film Board of Canada Sky HISTORY UK,0.931,0.971,true,false,false,false,false,false,true,false,20,6,MEETS_TARGET,src_timeline,,unclassified:29,,,NONE,,,,category knowledge; route SOURCE_ROUTED; source policy curated
414,Modern History,ON_AIR,curated/video,21,17342,4.82,3,src_nfb src_time_team src_sky_history_uk,National Film Board of Canada Time Team Official / Time Team Classics Sky HISTORY UK,0.762,0.43,true,false,false,false,false,false,true,false,20,6,VIABLE_BELOW_TARGET,src_timeline,,unclassified:21,,,BELOW_TARGET,21 programmes / 4.82 h against the LONGFORM target of 20 / 6 h.,,,category knowledge; route SOURCE_ROUTED; source policy curated
415,British History,ON_AIR,curated/video,300,351667,97.69,1,src_english_heritage,English Heritage,1,1,true,false,false,false,false,false,true,false,20,6,MEETS_TARGET,src_timeline src_english_heritage,,unclassified:300,,,NONE,,,,category knowledge; route SOURCE_ROUTED; source policy curated
416,European History,ON_AIR,curated/video,442,488433,135.68,3,src_epic_history src_toldinstone src_historia_civilis,Epic History toldinstone Historia Civilis,0.527,0.507,true,false,false,false,false,false,true,false,20,6,MEETS_TARGET,src_timeline src_epic_history src_historia_civilis src_toldinstone,,unclassified:442,,,NONE,,,,category knowledge; route SOURCE_ROUTED; source policy curated
417,American History,ON_AIR,curated/video,393,819518,227.64,2,src_american_battlefield_trust src_history_guy,American Battlefield Trust The History Guy,0.763,0.829,true,false,false,false,false,false,true,false,20,6,MEETS_TARGET,src_history_guy src_american_battlefield_trust,,unclassified:393,,,NONE,,,,category knowledge; route SOURCE_ROUTED; source policy curated
418,African History,ON_AIR,curated/video,39,69478,19.3,10,src_timeline src_thames_tv src_travel_film_archive src_dw_documentary src_lse_sociology src_ap_archive src_free_documentary_travel src_huntley_events src_british_museum src_toldinstone,Timeline – World History Documentaries Thames TV Travel Film Archive DW Documentary LSE – Sociology AP Archive Free Documentary – Travel Huntley Film Archives – Historic Events The British Museum toldinstone,0.282,0.28,true,false,false,false,false,false,true,false,20,6,MEETS_TARGET,,src_ap_archive src_british_museum src_dw_documentary src_free_documentary_travel src_huntley_events src_lse_sociology src_thames_tv src_timeline src_toldinstone src_travel_film_archive,unclassified:39,,,NONE,,,,category knowledge; route SOURCE_ROUTED; source policy curated; film sources: 
419,Asian History,ON_AIR,curated/video,125,244397,67.89,1,src_kings_and_generals,Kings and Generals,1,1,true,false,false,false,false,false,true,false,20,6,MEETS_TARGET,src_kings_and_generals,,unclassified:125,,,NONE,,,,category knowledge; route SOURCE_ROUTED; source policy curated
420,History of Science,ON_AIR,curated/video,1332,2468027,685.56,6,src_nfb src_royal_institution src_time_team src_harvard_chan src_sky_history_uk src_numberphile,National Film Board of Canada Royal Institution Time Team Official / Time Team Classics Harvard T.H. Chan School of Public Health Sky HISTORY UK Numberphile,0.438,0.466,true,false,false,false,false,false,true,false,20,6,MEETS_TARGET,src_chm src_computerphile src_numberphile,,unclassified:1332,1968,2017,NONE,,,,category knowledge; route SOURCE_ROUTED; source policy curated
421,History of Technology,ON_AIR,curated/video,1234,2321555,644.88,5,src_nfb src_chm src_time_team src_computerphile src_sky_history_uk,National Film Board of Canada Computer History Museum Time Team Official / Time Team Classics Computerphile Sky HISTORY UK,0.472,0.495,true,false,false,false,false,false,true,false,20,6,MEETS_TARGET,src_chm src_computerphile src_numberphile,,unclassified:1234,,,NONE,,,,category knowledge; route SOURCE_ROUTED; source policy curated
422,Social History,ON_AIR,curated/video,299,222546,61.82,1,src_huntley_social,Huntley Film Archives – Everyday Life,1,1,true,false,false,false,false,false,true,false,20,6,MEETS_TARGET,src_huntley_social,,unclassified:299,,,NONE,,,,category knowledge; route SOURCE_ROUTED; source policy curated
423,Political History,ON_AIR,curated/video,23,72858,20.24,1,src_gresham_politics,Gresham College – Political History,1,1,true,false,false,false,false,false,true,false,20,6,MEETS_TARGET,src_gresham_politics,,unclassified:23,,,NONE,,,,category knowledge; route SOURCE_ROUTED; source policy curated
424,Economic History,ON_AIR,curated/video,45,51334,14.26,17,src_patrick_boyle src_economics_explained src_timeline src_business_casual src_megaprojects src_thames_tv src_dw_documentary src_plain_bagel src_school_of_life src_kings_and_generals src_toldinstone src_two_cents src_economist src_company_man src_nfb src_british_museum src_huntley_events,Patrick Boyle – Market History Economics Explained Timeline – World History Documentaries Business Casual Megaprojects Thames TV DW Documentary The Plain Bagel The School of Life Kings and Generals toldinstone Two Cents The Economist Company Man National Film Board of Canada The British Museum Huntley Film Archives – Historic Events,0.2,0.195,true,false,false,false,false,false,true,false,20,6,MEETS_TARGET,,src_british_museum src_business_casual src_company_man src_dw_documentary src_economics_explained src_economist src_huntley_events src_kings_and_generals src_megaprojects src_nfb src_patrick_boyle src_plain_bagel src_school_of_life src_thames_tv src_timeline src_toldinstone src_two_cents,unclassified:45,,,NONE,,,,category knowledge; route SOURCE_ROUTED; source policy curated; film sources: 
425,Maritime History,ON_AIR,curated/video,13,15978,4.44,3,src_time_team src_nfb src_sky_history_uk,Time Team Official / Time Team Classics National Film Board of Canada Sky HISTORY UK,0.538,0.655,true,false,false,false,false,false,true,false,120,5,BELOW_VIABLE,,,unclassified:13,,,BELOW_TARGET,13 programmes / 4.44 h against the SHORT_FORM target of 120 / 5 h.,,,category knowledge; route SOURCE_ROUTED; source policy curated
426,Aviation History,UNAVAILABLE,curated/video,0,0,0,0,,,0,0,false,true,false,false,false,false,false,true,,,NOT_MEASURED_UNAVAILABLE,,,,,,OFF_AIR_BY_POLICY,Excluded by network policy.,,,category knowledge; route SOURCE_ROUTED; source policy curated; status card OFF_AIR
427,Railway History,ON_AIR,curated/video,23,37411,10.39,3,src_national_rail_scenic src_nfb src_sky_history_uk,National Rail Scenic Railway Journeys National Film Board of Canada Sky HISTORY UK,0.522,0.816,true,false,false,false,false,false,true,false,20,6,MEETS_TARGET,src_national_rail_scenic,,unclassified:23,,,NONE,,,,category knowledge; route SOURCE_ROUTED; source policy curated
428,Military History,ON_AIR,curated/video,137,412915,114.7,4,src_timeline src_nfb src_sky_history_uk src_time_team,Timeline – World History Documentaries National Film Board of Canada Sky HISTORY UK Time Team Official / Time Team Classics,0.708,0.941,true,false,false,false,false,false,true,false,20,6,MEETS_TARGET,src_timeline src_ww2,,unclassified:137,,,NONE,,,,category knowledge; route SOURCE_ROUTED; source policy curated
429,History Archive,ON_AIR,curated/video,294,118999,33.06,1,src_huntley_events,Huntley Film Archives – Historic Events,1,1,true,false,false,false,false,false,true,false,120,5,MEETS_TARGET,src_huntley_events,,unclassified:294,,,NONE,,,,category knowledge; route SOURCE_ROUTED; source policy curated
430,Geography,ON_AIR,curated/video,1130,1621126,450.31,3,src_nfb src_geography_now src_rick_steves,National Film Board of Canada Geography Now Rick Steves' Europe,0.516,0.71,true,false,false,false,false,false,true,false,20,6,MEETS_TARGET,src_geography_now,,unclassified:1130,,,NONE,,,,category knowledge; route SOURCE_ROUTED; source policy curated
431,Earth,ON_AIR,curated/video,599,1026241,285.07,2,src_iris_earthquake src_usgs,IRIS Earthquake Science USGS,0.501,0.623,true,false,false,false,false,false,true,false,20,6,MEETS_TARGET,src_usgs src_iris_earthquake,,unclassified:599,,,NONE,,,,category knowledge; route SOURCE_ROUTED; source policy curated
432,Maps,THIN,curated/video,6,4125,1.15,3,src_royal_institution src_sky_history_uk src_nfb,Royal Institution Sky HISTORY UK National Film Board of Canada,0.667,0.676,true,false,false,false,false,true,false,false,20,6,BELOW_VIABLE,,,unclassified:6,,,NEEDS_DEPTH,1.15 h of distinct programming; the airing floor is 3 h.,,,category knowledge; route CURATED_AGGREGATE; source policy curated
433,Borders,THIN,curated/video,2,1343,0.37,2,src_nfb src_rick_steves,National Film Board of Canada Rick Steves' Europe,0.5,0.899,true,false,false,false,false,true,false,false,20,6,BELOW_VIABLE,,,unclassified:2,,,NEEDS_DEPTH,0.37 h of distinct programming; the airing floor is 3 h.,,,category knowledge; route CURATED_AGGREGATE; source policy curated
434,Nations,ON_AIR,curated/video,114,154353,42.88,1,src_geography_now,Geography Now,1,1,true,false,false,false,false,false,true,false,20,6,MEETS_TARGET,,src_geography_now,unclassified:114,,,NONE,,,,category knowledge; route CURATED_AGGREGATE; source policy curated; film sources: 
435,Cities,ON_AIR,curated/video,188,138343,38.43,1,src_city_beautiful,City Beautiful,1,1,true,false,false,false,false,false,true,false,20,6,MEETS_TARGET,src_practical_engineering src_b1m src_city_beautiful,,unclassified:188,,,NONE,,,,category knowledge; route SOURCE_ROUTED; source policy curated
436,Islands,ON_AIR,curated/video,31,19532,5.43,6,src_nfb src_sky_history_uk src_royal_institution src_time_team src_rick_steves src_antiques_roadshow_pbs,National Film Board of Canada Sky HISTORY UK Royal Institution Time Team Official / Time Team Classics Rick Steves' Europe ANTIQUES ROADSHOW PBS,0.548,0.331,true,false,false,false,false,false,true,false,20,6,VIABLE_BELOW_TARGET,,,unclassified:31,1985,1985,BELOW_TARGET,31 programmes / 5.43 h against the POLICY target of 20 / 6 h.,,,category knowledge; route CURATED_AGGREGATE; source policy curated
437,Mountains,ON_AIR,curated/video,75,205135,56.98,9,src_nick_zentner src_free_documentary_nature src_shawn_willsey src_geologyhub src_usgs src_iris_earthquake src_real_wild src_terra_mater src_pbs_terra,Nick Zentner Free Documentary – Nature Shawn Willsey: Geology Explained GeologyHub USGS IRIS Earthquake Science Real Wild Terra Mater PBS Terra,0.293,0.672,true,false,false,false,false,false,true,false,20,6,MEETS_TARGET,,src_free_documentary_nature src_real_wild src_terra_mater src_nick_zentner src_usgs src_iris_earthquake src_pbs_terra src_geologyhub src_shawn_willsey src_bbc_earth src_just_have_a_think src_unep,unclassified:75,,,NONE,,,,category knowledge; route SOURCE_ROUTED; source policy curated
438,Rivers,ON_AIR,curated/video,56,136264,37.85,9,src_free_documentary_nature src_nick_zentner src_terra_mater src_real_wild src_usgs src_bbc_earth src_shawn_willsey src_unep src_pbs_terra,Free Documentary – Nature Nick Zentner Terra Mater Real Wild USGS BBC Earth Shawn Willsey: Geology Explained UN Environment Programme PBS Terra,0.196,0.205,true,false,false,false,false,false,true,false,20,6,MEETS_TARGET,,src_free_documentary_nature src_real_wild src_terra_mater src_nick_zentner src_usgs src_iris_earthquake src_pbs_terra src_geologyhub src_shawn_willsey src_bbc_earth src_just_have_a_think src_unep,unclassified:56,,,NONE,,,,category knowledge; route SOURCE_ROUTED; source policy curated
439,Oceans,ON_AIR,curated/video,300,2299665,638.8,1,src_schmidt_ocean,Schmidt Ocean Institute,1,1,true,false,false,false,false,false,true,false,20,6,MEETS_TARGET,src_schmidt_ocean,,unclassified:300,,,NONE,,,,category knowledge; route SOURCE_ROUTED; source policy curated
440,Deserts,ON_AIR,curated/video,41,87953,24.43,13,src_real_wild src_free_documentary_nature src_shawn_willsey src_bbc_earth src_rai src_nick_zentner src_terra_mater src_travel_film_archive src_cna_insider src_dw_documentary src_usgs src_pbs_terra src_geologyhub,Real Wild Free Documentary – Nature Shawn Willsey: Geology Explained BBC Earth Royal Anthropological Institute Nick Zentner Terra Mater Travel Film Archive CNA Insider DW Documentary USGS PBS Terra GeologyHub,0.293,0.27,true,false,false,false,false,false,true,false,20,6,MEETS_TARGET,,src_bbc_earth src_cna_insider src_dw_documentary src_free_documentary_nature src_geologyhub src_nick_zentner src_pbs_terra src_rai src_real_wild src_shawn_willsey src_terra_mater src_travel_film_archive src_usgs,unclassified:41,,,NONE,,,,category knowledge; route SOURCE_ROUTED; source policy curated; film sources: 
441,Forests,ON_AIR,curated/video,38,93228,25.9,8,src_real_wild src_free_documentary_nature src_bbc_earth src_usgs src_terra_mater src_pbs_terra src_just_have_a_think src_unep,Real Wild Free Documentary – Nature BBC Earth USGS Terra Mater PBS Terra Just Have a Think UN Environment Programme,0.211,0.32,true,false,false,false,false,false,true,false,20,6,MEETS_TARGET,,src_free_documentary_nature src_real_wild src_terra_mater src_nick_zentner src_usgs src_iris_earthquake src_pbs_terra src_geologyhub src_shawn_willsey src_bbc_earth src_just_have_a_think src_unep,unclassified:38,,,NONE,,,,category knowledge; route SOURCE_ROUTED; source policy curated
442,Polar World,ON_AIR,curated/video,50,88558,24.6,9,src_real_wild src_iris_earthquake src_just_have_a_think src_terra_mater src_free_documentary_nature src_pbs_terra src_bbc_earth src_unep src_geologyhub,Real Wild IRIS Earthquake Science Just Have a Think Terra Mater Free Documentary – Nature PBS Terra BBC Earth UN Environment Programme GeologyHub,0.4,0.328,true,false,false,false,false,false,true,false,20,6,MEETS_TARGET,,src_free_documentary_nature src_real_wild src_terra_mater src_nick_zentner src_usgs src_iris_earthquake src_pbs_terra src_geologyhub src_shawn_willsey src_bbc_earth src_just_have_a_think src_unep,unclassified:50,,,NONE,,,,category knowledge; route SOURCE_ROUTED; source policy curated
443,Volcanoes,ON_AIR,curated/video,300,117975,32.77,1,src_geologyhub,GeologyHub,1,1,true,false,false,false,false,false,true,false,120,5,MEETS_TARGET,src_geologyhub,,unclassified:300,,,NONE,,,,category knowledge; route SOURCE_ROUTED; source policy curated
444,Weather & Climate,ON_AIR,curated/video,103,114072,31.69,1,src_met_office,Met Office,1,1,true,false,false,false,false,false,true,false,20,6,MEETS_TARGET,src_nbc_news_now src_livenow_fox src_met_office,,unclassified:103,,,NONE,,,,category knowledge; route SOURCE_ROUTED; source policy curated
445,Human Geography,ON_AIR,curated/video,11,21501,5.97,3,src_royal_institution src_time_team src_harvard_chan,Royal Institution Time Team Official / Time Team Classics Harvard T.H. Chan School of Public Health,0.636,0.942,true,false,false,false,false,false,true,false,20,6,BELOW_VIABLE,,,unclassified:11,,,BELOW_TARGET,11 programmes / 5.97 h against the POLICY target of 20 / 6 h.,,,category knowledge; route CURATED_AGGREGATE; source policy curated
446,Physical Geography,THIN,curated/video,1,161,0.04,1,src_rick_steves,Rick Steves' Europe,1,1,true,false,false,false,false,true,false,false,20,6,BELOW_VIABLE,,,unclassified:1,,,NEEDS_DEPTH,0.04 h of distinct programming; the airing floor is 3 h.,,,category knowledge; route CURATED_AGGREGATE; source policy curated
447,Urban Geography,THIN,curated/video,2,1949,0.54,2,src_nfb src_harvard_chan,National Film Board of Canada Harvard T.H. Chan School of Public Health,0.5,0.861,true,false,false,false,false,true,false,false,20,6,BELOW_VIABLE,src_practical_engineering src_b1m,,unclassified:2,,,NEEDS_DEPTH,0.54 h of distinct programming; the airing floor is 3 h.,,,category knowledge; route CURATED_AGGREGATE; source policy curated
448,Travel Documentary,ON_AIR,curated/video,57,191864,53.3,2,src_free_documentary_travel src_arte_travel,Free Documentary – Travel ARTE.tv Documentary – Travel,0.754,0.859,true,false,false,false,false,false,true,false,20,6,MEETS_TARGET,src_national_rail_scenic src_lonely_planet src_arte_travel src_free_documentary_travel,,unclassified:57,,,NONE,,,,category knowledge; route SOURCE_ROUTED; source policy curated
449,World Cultures,ON_AIR,curated/video,24,63139,17.54,8,src_timeline src_dw_documentary src_eva_zu_beck src_lost_leblanc src_free_documentary_travel src_cna_insider src_travel_film_archive src_british_museum,Timeline – World History Documentaries DW Documentary Eva zu Beck Lost LeBlanc Free Documentary – Travel CNA Insider Travel Film Archive The British Museum,0.25,0.319,true,false,false,false,false,false,true,false,20,6,MEETS_TARGET,,src_british_museum src_cna_insider src_dw_documentary src_eva_zu_beck src_free_documentary_travel src_lost_leblanc src_timeline src_travel_film_archive,unclassified:24,,,NONE,,,,category knowledge; route SOURCE_ROUTED; source policy curated; film sources: 
450,Law,THIN,curated/video,4,9114,2.53,3,src_royal_institution src_harvard_law_international src_nfb,Royal Institution Harvard Law School – International Law National Film Board of Canada,0.5,0.45,true,false,false,false,false,true,false,false,20,6,BELOW_VIABLE,,src_harvard_law_international,unclassified:4,,,NEEDS_DEPTH,2.53 h of distinct programming; the airing floor is 3 h.,"imported 1.0.7: 1 routed, 1 in today's pool (0.75 h)",,category knowledge; route CURATED_AGGREGATE; source policy curated
451,Legal History,ON_AIR,curated/video,73,244154,67.82,1,src_gresham_law,Gresham College – Law,1,1,true,false,false,false,false,false,true,false,20,6,MEETS_TARGET,src_gresham_law,,unclassified:73,,,NONE,,,,category knowledge; route SOURCE_ROUTED; source policy curated
452,Famous Trials,THIN,curated/video,4,6498,1.81,3,src_harvard_chan src_time_team src_rick_steves,Harvard T.H. Chan School of Public Health Time Team Official / Time Team Classics Rick Steves' Europe,0.5,0.602,true,false,false,false,false,true,false,false,20,6,BELOW_VIABLE,,,unclassified:4,,,NEEDS_DEPTH,1.81 h of distinct programming; the airing floor is 3 h.,,,category knowledge; route CURATED_AGGREGATE; source policy curated
453,Courts,THIN,curated/video,4,2767,0.77,4,src_time_team src_nfb src_antiques_roadshow_pbs src_harvard_chan,Time Team Official / Time Team Classics National Film Board of Canada ANTIQUES ROADSHOW PBS Harvard T.H. Chan School of Public Health,0.25,0.476,true,false,false,false,false,true,false,false,20,6,BELOW_VIABLE,,,unclassified:4,,,NEEDS_DEPTH,0.77 h of distinct programming; the airing floor is 3 h.,,,category knowledge; route CURATED_AGGREGATE; source policy curated
454,Criminal Law,ON_AIR,curated/video,84,290614,80.73,6,src_oxford_law_criminal src_harvard_law_criminal src_gresham_crime src_gresham_law src_legaleagle src_timeline,Oxford Law Faculty – Criminal Law Harvard Law School – Criminal Law Gresham College – Crime Gresham College – Law LegalEagle Timeline – World History Documentaries,0.631,0.603,true,false,false,false,false,false,true,false,20,6,MEETS_TARGET,src_harvard_law_criminal src_oxford_law_criminal,src_gresham_law src_gresham_crime src_historia_civilis src_timeline src_legaleagle src_ted src_us_national_archives src_hay_festival src_thames_tv src_dw_documentary src_frontline,unclassified:84,,,NONE,,,,category knowledge; route CURATED_AGGREGATE; source policy curated; film sources: 
455,Civil Law,ON_AIR,curated/video,40,139514,38.75,4,src_gresham_law src_harvard_law_civil src_oxford_law_civil src_legaleagle,Gresham College – Law Harvard Law School – Civil Law Oxford Law Faculty – Civil Law LegalEagle,0.35,0.354,true,false,false,false,false,false,true,false,20,6,MEETS_TARGET,src_harvard_law_civil src_oxford_law_civil,src_gresham_law src_gresham_crime src_historia_civilis src_timeline src_legaleagle src_ted src_us_national_archives src_hay_festival src_thames_tv src_dw_documentary src_frontline,unclassified:40,,,NONE,,,,category knowledge; route CURATED_AGGREGATE; source policy curated; film sources: 
456,Human Rights,ON_AIR,curated/video,185,751782,208.83,10,src_un_human_rights src_oxford_law_human_rights src_uksc_human_rights src_harvard_law_human_rights src_gresham_law src_us_national_archives src_dw_documentary src_ted src_thames_tv src_hay_festival,UN Human Rights Oxford Law Faculty – Human Rights UK Supreme Court – Human Rights Cases Harvard Law School – Human Rights Gresham College – Law US National Archives DW Documentary TED Thames TV Hay Festival,0.411,0.301,true,false,false,false,false,false,true,false,20,6,MEETS_TARGET,src_uksc_human_rights src_harvard_law_human_rights src_oxford_law_human_rights src_un_human_rights,src_gresham_law src_gresham_crime src_historia_civilis src_timeline src_legaleagle src_ted src_us_national_archives src_hay_festival src_thames_tv src_dw_documentary src_frontline,unclassified:185,,,NONE,,,,category knowledge; route CURATED_AGGREGATE; source policy curated; film sources: 
457,International Law,ON_AIR,curated/video,326,1450300,402.86,8,src_intl_criminal_court src_oxford_law_international src_harvard_law_international src_gresham_crime src_timeline src_frontline src_dw_documentary src_gresham_law,International Criminal Court Oxford Law Faculty – International Law Harvard Law School – International Law Gresham College – Crime Timeline – World History Documentaries FRONTLINE PBS DW Documentary Gresham College – Law,0.92,0.927,true,false,false,false,false,false,true,false,20,6,MEETS_TARGET,src_intl_criminal_court src_harvard_law_international src_oxford_law_international,src_gresham_law src_gresham_crime src_historia_civilis src_timeline src_legaleagle src_ted src_us_national_archives src_hay_festival src_thames_tv src_dw_documentary src_frontline,unclassified:326,,,NONE,,,,category knowledge; route CURATED_AGGREGATE; source policy curated; film sources: 
458,Constitutional Law,ON_AIR,curated/video,145,663329,184.26,7,src_harvard_law_constitutional src_uksc_constitutional src_oxford_law_constitutional src_gresham_law src_timeline src_historia_civilis src_legaleagle,Harvard Law School – Constitutional Law UK Supreme Court – Constitutional Cases Oxford Law Faculty – Constitutional Law Gresham College – Law Timeline – World History Documentaries Historia Civilis LegalEagle,0.462,0.386,true,false,false,false,false,false,true,false,20,6,MEETS_TARGET,src_uksc_constitutional src_harvard_law_constitutional src_oxford_law_constitutional,src_gresham_law src_gresham_crime src_historia_civilis src_timeline src_legaleagle src_ted src_us_national_archives src_hay_festival src_thames_tv src_dw_documentary src_frontline,unclassified:145,,,NONE,,,,category knowledge; route CURATED_AGGREGATE; source policy curated; film sources: 
459,Justice,THIN,curated/video,3,4533,1.26,2,src_nfb src_harvard_chan,National Film Board of Canada Harvard T.H. Chan School of Public Health,0.667,0.623,true,false,false,false,false,true,false,false,20,6,BELOW_VIABLE,,,unclassified:3,,,NEEDS_DEPTH,1.26 h of distinct programming; the airing floor is 3 h.,,,category knowledge; route CURATED_AGGREGATE; source policy curated
460,Crime & Justice,ON_AIR,curated/video,26,50668,14.07,7,src_nfb src_royal_institution src_time_team src_bh_photo src_harvard_chan src_sky_history_uk src_wild_commons,National Film Board of Canada Royal Institution Time Team Official / Time Team Classics B&H Photo Video Event Space Harvard T.H. Chan School of Public Health Sky HISTORY UK Wild Commons,0.231,0.363,true,false,false,false,false,false,true,false,20,6,MEETS_TARGET,,,unclassified:26,,,NONE,,,,category knowledge; route CURATED_AGGREGATE; source policy curated
461,Forensics,THIN,curated/video,3,10629,2.95,1,src_royal_institution,Royal Institution,1,1,true,false,false,false,false,true,false,false,20,6,BELOW_VIABLE,,,unclassified:3,,,NEEDS_DEPTH,2.95 h of distinct programming; the airing floor is 3 h.,,,category knowledge; route CURATED_AGGREGATE; source policy curated
462,Criminology,ON_AIR,curated/video,20,65914,18.31,1,src_gresham_crime,Gresham College – Crime,1,1,true,false,false,false,false,false,true,false,20,6,MEETS_TARGET,src_gresham_crime,,unclassified:20,,,NONE,,,,category knowledge; route CURATED_AGGREGATE; source policy curated
463,Policing History,ON_AIR,curated/video,40,38166,10.6,10,src_huntley_police src_gresham_crime src_timeline src_nfb src_thames_tv src_chicago_film_archives src_us_national_archives src_huntley_events src_british_movietone src_huntley_social,Huntley Film Archives – Police Gresham College – Crime Timeline – World History Documentaries National Film Board of Canada Thames TV Chicago Film Archives US National Archives Huntley Film Archives – Historic Events British Movietone Huntley Film Archives – Everyday Life,0.675,0.363,true,false,false,false,false,false,true,false,20,6,MEETS_TARGET,src_huntley_police,src_gresham_crime src_timeline src_nfb src_british_movietone src_huntley_social src_huntley_events src_chicago_film_archives src_thames_tv src_us_national_archives,unclassified:40,,,NONE,,,,category knowledge; route SOURCE_ROUTED; source policy curated; film sources: 
464,Prisons,THIN,curated/video,6,9718,2.7,5,src_nfb src_time_team src_sky_history_uk src_antiques_roadshow_pbs src_rick_steves,National Film Board of Canada Time Team Official / Time Team Classics Sky HISTORY UK ANTIQUES ROADSHOW PBS Rick Steves' Europe,0.333,0.679,true,false,false,false,false,true,false,false,20,6,BELOW_VIABLE,,,unclassified:6,,,NEEDS_DEPTH,2.7 h of distinct programming; the airing floor is 3 h.,,,category knowledge; route CURATED_AGGREGATE; source policy curated
465,Legal Philosophy,THIN,curated/video,2,6338,1.76,1,src_royal_institution,Royal Institution,1,1,true,false,false,false,false,true,false,false,20,6,BELOW_VIABLE,,,unclassified:2,,,NEEDS_DEPTH,1.76 h of distinct programming; the airing floor is 3 h.,,,category knowledge; route CURATED_AGGREGATE; source policy curated
466,Landmark Cases,THIN,curated/video,4,6865,1.91,4,src_nfb src_time_team src_harvard_chan src_antiques_roadshow_pbs,National Film Board of Canada Time Team Official / Time Team Classics Harvard T.H. Chan School of Public Health ANTIQUES ROADSHOW PBS,0.25,0.384,true,false,false,false,false,true,false,false,20,6,BELOW_VIABLE,,,unclassified:4,,,NEEDS_DEPTH,1.91 h of distinct programming; the airing floor is 3 h.,,,category knowledge; route CURATED_AGGREGATE; source policy curated
467,Law Explained,ON_AIR,curated/video,300,506657,140.74,1,src_legaleagle,LegalEagle,1,1,true,false,false,false,false,false,true,false,20,6,MEETS_TARGET,src_legaleagle,,unclassified:300,,,NONE,,,,category knowledge; route SOURCE_ROUTED; source policy curated
468,Courtroom Archive,ON_AIR,curated/video,200,1392546,386.82,1,src_court_tv,Court TV,1,1,true,false,false,false,false,false,true,false,20,6,MEETS_TARGET,src_court_tv,,unclassified:200,,,NONE,,,,category knowledge; route CURATED_AGGREGATE; source policy curated
469,Law Extra,ON_AIR,curated/video,54,238723,66.31,3,src_berkman_klein src_oii src_defcon,Berkman Klein Center for Internet & Society Oxford Internet Institute DEF CON,0.519,0.532,true,false,false,false,false,false,true,false,20,6,MEETS_TARGET,,src_berkman_klein src_defcon src_oii,unclassified:54,,,NONE,,,,category knowledge; route CURATED_AGGREGATE; source policy curated; film sources: 
470,Science,ON_AIR,curated/video,82,109818,30.51,3,src_royal_institution src_numberphile src_harvard_chan,Royal Institution Numberphile Harvard T.H. Chan School of Public Health,0.622,0.717,true,false,false,false,false,false,true,false,20,6,MEETS_TARGET,src_chm src_computerphile src_numberphile,,unclassified:82,,,NONE,,,,category knowledge; route SOURCE_ROUTED; source policy curated
471,Physics,ON_AIR,curated/video,12,38994,10.83,2,src_royal_institution src_gresham_medicine,Royal Institution Gresham College – History of Medicine,0.917,0.929,true,false,false,false,false,false,true,false,20,6,VIABLE_BELOW_TARGET,,src_gresham_medicine,unclassified:12,2015,2015,BELOW_TARGET,12 programmes / 10.83 h against the LONGFORM target of 20 / 6 h.,"imported 1.0.7: 1 routed, 1 in today's pool (0.77 h)",,category knowledge; route SOURCE_ROUTED; source policy curated
472,Chemistry,ON_AIR,curated/video,5,19188,5.33,1,src_royal_institution,Royal Institution,1,1,true,false,false,false,false,false,true,false,20,6,BELOW_VIABLE,,,unclassified:5,,,BELOW_TARGET,5 programmes / 5.33 h against the LONGFORM target of 20 / 6 h.,,,category knowledge; route SOURCE_ROUTED; source policy curated
473,Biology,ON_AIR,curated/video,162,85168,23.66,1,src_amoeba_sisters,Amoeba Sisters,1,1,true,false,false,false,false,false,true,false,20,6,MEETS_TARGET,src_amoeba_sisters,,unclassified:162,,,NONE,,,,category knowledge; route SOURCE_ROUTED; source policy curated
474,Mathematics,ON_AIR,curated/video,63,68994,19.17,2,src_royal_institution src_numberphile,Royal Institution Numberphile,0.81,0.55,true,false,false,false,false,false,true,false,20,6,MEETS_TARGET,src_chm src_computerphile src_numberphile,,unclassified:63,1968,1978,NONE,,,,category knowledge; route SOURCE_ROUTED; source policy curated
475,Medicine & Discovery,ON_AIR,curated/video,300,438125,121.7,1,src_chubbyemu,Chubbyemu,1,1,true,false,false,false,false,false,true,false,20,6,MEETS_TARGET,src_chubbyemu,,unclassified:300,,,NONE,,,,category knowledge; route SOURCE_ROUTED; source policy curated
476,Psychology,ON_AIR,curated/video,300,208106,57.81,1,src_school_of_life,The School of Life,1,1,true,false,false,false,false,false,true,false,20,6,MEETS_TARGET,src_school_of_life,,unclassified:300,,,NONE,,,,category knowledge; route SOURCE_ROUTED; source policy curated
477,Neuroscience,ON_AIR,curated/video,5,14666,4.07,1,src_royal_institution,Royal Institution,1,1,true,false,false,false,false,false,true,false,20,6,BELOW_VIABLE,src_chm src_computerphile src_numberphile,,unclassified:5,,,BELOW_TARGET,5 programmes / 4.07 h against the LONGFORM target of 20 / 6 h.,,,category knowledge; route SOURCE_ROUTED; source policy curated
478,Evolution,ON_AIR,curated/video,244,369438,102.62,2,src_ben_g_thomas src_clints_reptiles,Ben G Thomas Clint's Reptiles,0.676,0.631,true,false,false,false,false,false,true,false,20,6,MEETS_TARGET,src_clints_reptiles src_ben_g_thomas,,unclassified:244,,,NONE,,,,category knowledge; route SOURCE_ROUTED; source policy curated
479,Genetics,ON_AIR,curated/video,6,19332,5.37,1,src_royal_institution,Royal Institution,1,1,true,false,false,false,false,false,true,false,20,6,BELOW_VIABLE,,,unclassified:6,1984,1984,BELOW_TARGET,6 programmes / 5.37 h against the LONGFORM target of 20 / 6 h.,,,category knowledge; route SOURCE_ROUTED; source policy curated
480,Space,UNAVAILABLE,curated/video,0,0,0,0,,,0,0,false,true,false,false,false,false,false,true,,,NOT_MEASURED_UNAVAILABLE,,,,,,OFF_AIR_BY_POLICY,Excluded by network policy.,,,category knowledge; route EXCLUDED; source policy curated; status card OFF_AIR
481,Astronomy,UNAVAILABLE,curated/video,0,0,0,0,,,0,0,false,true,false,false,false,false,false,true,,,NOT_MEASURED_UNAVAILABLE,,,,,,OFF_AIR_BY_POLICY,Excluded by network policy.,,,category knowledge; route EXCLUDED; source policy curated; status card OFF_AIR
482,Cosmology,UNAVAILABLE,curated/video,0,0,0,0,,,0,0,false,true,false,false,false,false,false,true,,,NOT_MEASURED_UNAVAILABLE,,,,,,OFF_AIR_BY_POLICY,Excluded by network policy.,,,category knowledge; route EXCLUDED; source policy curated; status card OFF_AIR
483,Planet Earth,ON_AIR,curated/video,111,83185,23.11,1,src_pbs_terra,PBS Terra,1,1,true,false,false,false,false,false,true,false,20,6,MEETS_TARGET,src_pbs_terra,,unclassified:111,,,NONE,,,,category knowledge; route SOURCE_ROUTED; source policy curated
484,Natural History,ON_AIR,curated/video,31,31034,8.62,4,src_nfb src_wild_commons src_time_team src_sky_history_uk,National Film Board of Canada Wild Commons Time Team Official / Time Team Classics Sky HISTORY UK,0.548,0.507,true,false,false,false,false,false,true,false,20,6,MEETS_TARGET,,,unclassified:31,,,NONE,,,,category knowledge; route SOURCE_ROUTED; source policy curated
485,Wildlife,ON_AIR,curated/video,252,726197,201.72,1,src_bbc_earth,BBC Earth,1,1,true,false,false,false,false,false,true,false,20,6,MEETS_TARGET,src_bbc_earth,,unclassified:252,,,NONE,,,,category knowledge; route SOURCE_ROUTED; source policy curated
486,Ocean Science,ON_AIR,curated/video,34,84643,23.51,3,src_royal_institution src_nfb src_harvard_chan,Royal Institution National Film Board of Canada Harvard T.H. Chan School of Public Health,0.912,0.97,true,false,false,false,false,false,true,false,20,6,MEETS_TARGET,src_chm src_computerphile src_numberphile,,unclassified:34,,,NONE,,,,category knowledge; route SOURCE_ROUTED; source policy curated
487,Geology,ON_AIR,curated/video,300,406789,113,1,src_shawn_willsey,Shawn Willsey: Geology Explained,1,1,true,false,false,false,false,false,true,false,20,6,MEETS_TARGET,src_shawn_willsey,,unclassified:300,,,NONE,,,,category knowledge; route SOURCE_ROUTED; source policy curated
488,Palaeontology,ON_AIR,curated/video,293,242277,67.3,1,src_pbs_eons,PBS Eons,1,1,true,false,false,false,false,false,true,false,20,6,MEETS_TARGET,src_pbs_eons,,unclassified:293,,,NONE,,,,category knowledge; route SOURCE_ROUTED; source policy curated
489,Environment,ON_AIR,curated/video,825,655638,182.12,4,src_just_have_a_think src_unep src_our_changing_climate src_climate_town,Just Have a Think UN Environment Programme Our Changing Climate Climate Town,0.364,0.391,true,false,false,false,false,false,true,false,20,6,MEETS_TARGET,src_our_changing_climate src_just_have_a_think src_unep src_climate_town,,unclassified:825,,,NONE,,,,category knowledge; route SOURCE_ROUTED; source policy curated
490,Philosophy,ON_AIR,curated/video,227,714827,198.56,1,src_royal_institution,Royal Institution,1,1,true,false,false,false,false,false,true,false,20,6,MEETS_TARGET,,,unclassified:227,1968,2017,NONE,,,,category knowledge; route SOURCE_ROUTED; source policy curated
491,Ideas,ON_AIR,curated/video,571,1356058,376.68,3,src_royal_institution src_ted src_numberphile,Royal Institution TED Numberphile,0.513,0.527,true,false,false,false,false,false,true,false,20,6,MEETS_TARGET,src_chm src_computerphile src_numberphile src_ted,,unclassified:571,1968,2017,NONE,,,,category knowledge; route SOURCE_ROUTED; source policy curated
492,Religion & Culture,UNAVAILABLE,curated/video,0,0,0,0,,,0,0,false,true,false,false,false,false,false,true,,,NOT_MEASURED_UNAVAILABLE,,,,,,OFF_AIR_BY_POLICY,Excluded by network policy.,,,category knowledge; route EXCLUDED; source policy curated; status card OFF_AIR
493,Mythology,ON_AIR,curated/video,83,111239,30.9,1,src_overly_sarcastic,Overly Sarcastic Productions,1,1,true,false,false,false,false,false,true,false,20,6,MEETS_TARGET,src_overly_sarcastic,,unclassified:83,,,NONE,,,,category knowledge; route SOURCE_ROUTED; source policy curated
494,Anthropology,ON_AIR,curated/video,56,323454,89.85,1,src_rai,Royal Anthropological Institute,1,1,true,false,false,false,false,false,true,false,20,6,MEETS_TARGET,src_rai,,unclassified:56,,,NONE,,,,category knowledge; route SOURCE_ROUTED; source policy curated
495,Sociology,ON_AIR,curated/video,191,945155,262.54,1,src_lse_sociology,LSE – Sociology,1,1,true,false,false,false,false,false,true,false,20,6,MEETS_TARGET,src_lse_sociology,,unclassified:191,,,NONE,,,,category knowledge; route SOURCE_ROUTED; source policy curated
496,Languages,ON_AIR,curated/video,183,161539,44.87,1,src_langfocus,Langfocus,1,1,true,false,false,false,false,false,true,false,20,6,MEETS_TARGET,src_langfocus,,unclassified:183,,,NONE,,,,category knowledge; route SOURCE_ROUTED; source policy curated
497,Literature,ON_AIR,curated/video,124,519075,144.19,2,src_british_library_lit src_rsl,British Library – Literature The Royal Society of Literature,0.71,0.75,true,false,false,false,false,false,true,false,20,6,MEETS_TARGET,src_rsl src_british_library_lit,,unclassified:124,,,NONE,,,,category knowledge; route SOURCE_ROUTED; source policy curated; film sources: 
498,Education,ON_AIR,curated/video,534,1026683,285.19,3,src_royal_institution src_sesame_street src_harvard_chan,Royal Institution Sesame Street / Sesame Street Classics Harvard T.H. Chan School of Public Health,0.425,0.696,true,false,false,false,false,false,true,false,20,6,MEETS_TARGET,,,unclassified:534,1968,2017,NONE,,,,category knowledge; route SOURCE_ROUTED; source policy curated
499,Knowledge Extra,UNAVAILABLE,curated/video,0,0,0,0,,,0,0,false,true,false,false,false,false,false,true,,,NOT_MEASURED_UNAVAILABLE,,,,,,OFF_AIR_BY_POLICY,Knowledge Extra would repeat 062 Knowledge's aggregate; no distinct format.,,,category knowledge; route CURATED_AGGREGATE; source policy curated; status card INTENTIONALLY_UNAVAILABLE → 062
500,Music,ON_AIR,curated/video,674,305970,84.99,2,src_kexp src_vevo,KEXP Vevo Official Music Network,0.699,0.79,true,false,false,false,false,false,true,false,90,6,MEETS_TARGET,,,unclassified:674,2012,2017,NONE,,,,category music; route SOURCE_ROUTED; source policy curated
501,Rock,ON_AIR,curated/video,229,1060184,294.5,2,src_rockpalast src_vevo,WDR Rockpalast Vevo Official Music Network,0.987,0.999,true,false,false,false,false,false,true,false,90,6,MEETS_TARGET,src_rockpalast,,unclassified:229,1976,2025,NONE,,,,category music; route SOURCE_ROUTED; source policy curated
502,Alternative,ON_AIR,curated/video,819,407293,113.14,5,src_radiohead src_foo_fighters src_smashing_pumpkins src_rem src_rhcp,Radiohead Foo Fighters Smashing Pumpkins R.E.M. Red Hot Chili Peppers,0.293,0.423,true,false,false,false,false,false,true,false,90,6,MEETS_TARGET,src_radiohead src_rem src_smashing_pumpkins src_rhcp src_foo_fighters,,unclassified:819,1984,2022,NONE,,,,category music; route SOURCE_ROUTED; source policy curated
503,Indie,ON_AIR,curated/video,338,203584,56.55,1,src_sub_pop,Sub Pop,1,1,true,false,false,false,false,false,true,false,90,6,MEETS_TARGET,src_sub_pop,,unclassified:338,2013,2017,NONE,,,,category music; route SOURCE_ROUTED; source policy curated
504,Metal,ON_AIR,curated/video,216,218857,60.79,1,src_nuclear_blast,Nuclear Blast,1,1,true,false,false,false,false,false,true,false,90,6,MEETS_TARGET,src_nuclear_blast,,unclassified:216,2018,2023,NONE,,,,category music; route SOURCE_ROUTED; source policy curated
505,Punk,ON_AIR,curated/video,301,137322,38.15,2,src_epitaph src_kexp,Epitaph Records KEXP,0.997,0.998,true,false,false,false,false,false,true,false,90,6,MEETS_TARGET,src_epitaph,,unclassified:301,2014,2021,NONE,,,,category music; route SOURCE_ROUTED; source policy curated
506,Grunge,ON_AIR,curated/video,696,211112,58.64,18,src_pearl_jam src_alice_in_chains src_mudhoney src_nirvana src_soundgarden src_stone_temple_pilots src_mad_season_vevo src_melvins src_chris_cornell src_mtv_grunge src_much_grunge src_mark_lanegan src_hole_vevo src_screaming_trees_vevo src_l7 src_nirvana_vevo src_sub_pop_grunge src_temple_of_the_dog,Pearl Jam Alice In Chains Mudhoney Nirvana Soundgarden Stone Temple Pilots Mad Season (Vevo) Melvins Chris Cornell MTV – Grunge Archive Much – Grunge Archive Mark Lanegan Hole (Vevo) Screaming Trees (Vevo) L7 Nirvana (Vevo) Sub Pop – Grunge Temple Of The Dog,0.287,0.322,true,false,false,false,false,false,true,false,90,6,MEETS_TARGET,src_pearl_jam src_alice_in_chains src_soundgarden src_nirvana src_nirvana_vevo src_stone_temple_pilots src_mudhoney src_screaming_trees_vevo src_mad_season_vevo src_melvins src_mark_lanegan src_temple_of_the_dog src_l7 src_hole_vevo src_chris_cornell src_sub_pop_grunge src_much_grunge src_mtv_grunge,,unclassified:696,1988,2025,NONE,,,,category music; route SOURCE_ROUTED; source policy curated
507,Britpop,ON_AIR,curated/video,419,175911,48.86,8,src_suede src_oasis src_manics src_blur src_manics_vevo src_supergrass src_the_verve_vevo src_pulp,Suede Oasis Manic Street Preachers Blur Manic Street Preachers (Vevo) Supergrass The Verve (Vevo) Pulp,0.153,0.377,true,false,false,false,false,false,true,false,90,6,MEETS_TARGET,src_pulp src_suede src_the_verve_vevo src_supergrass src_manics src_manics_vevo src_blur src_oasis,,unclassified:419,1990,2023,NONE,,,,category music; route SOURCE_ROUTED; source policy curated
508,New Wave,ON_AIR,curated/video,266,151096,41.97,8,src_new_order src_duran_duran src_depeche_mode src_tears_for_fears_vevo src_human_league src_vevo src_talking_heads src_kexp,New Order Duran Duran Depeche Mode Tears For Fears (Vevo) The Human League Vevo Official Music Network Talking Heads KEXP,0.226,0.39,true,false,false,false,false,false,true,false,90,6,MEETS_TARGET,src_duran_duran src_depeche_mode src_talking_heads src_new_order src_human_league src_tears_for_fears_vevo,,unclassified:266,1977,2024,NONE,,,,category music; route SOURCE_ROUTED; source policy curated
509,Goth,ON_AIR,curated/video,141,63988,17.77,5,src_the_cure src_the_cult src_siouxsie_vevo src_she_wants_revenge_vevo src_bauhaus,The Cure The Cult Siouxsie And The Banshees (Vevo) She Wants Revenge (Vevo) Bauhaus,0.411,0.573,true,false,false,false,false,false,true,false,90,6,MEETS_TARGET,src_siouxsie_vevo src_bauhaus src_the_cult src_she_wants_revenge_vevo src_the_cure,,unclassified:141,1978,2024,NONE,,,,category music; route SOURCE_ROUTED; source policy curated
510,Shoegaze,ON_AIR,curated/video,136,50096,13.92,5,src_ride src_diiv src_my_bloody_valentine src_slowdive src_cocteau_twins,Ride DIIV my bloody valentine Slowdive Cocteau Twins,0.441,0.459,true,false,false,false,false,false,true,false,90,6,MEETS_TARGET,src_ride src_cocteau_twins src_diiv src_slowdive src_my_bloody_valentine,,unclassified:136,1984,2025,NONE,,,,category music; route SOURCE_ROUTED; source policy curated
511,Progressive,ON_AIR,curated/video,298,198691,55.19,1,src_insideout,InsideOut Music,1,1,true,false,false,false,false,false,true,false,90,6,MEETS_TARGET,src_insideout,,unclassified:298,2012,2025,NONE,,,,category music; route SOURCE_ROUTED; source policy curated
512,Classic Rock,ON_AIR,curated/video,467,340788,94.66,9,src_jimi_hendrix src_pink_floyd src_bruce_springsteen src_tom_petty src_eric_clapton src_led_zeppelin src_the_doors src_the_who_vevo src_vevo,Jimi Hendrix Pink Floyd Bruce Springsteen Tom Petty & The Heartbreakers Eric Clapton Led Zeppelin The Doors The Who (Vevo) Vevo Official Music Network,0.128,0.269,true,false,false,false,false,false,true,false,90,6,MEETS_TARGET,src_led_zeppelin src_pink_floyd src_the_doors src_jimi_hendrix src_tom_petty src_bruce_springsteen src_eric_clapton src_the_who_vevo,,unclassified:467,1965,2026,NONE,,,,category music; route SOURCE_ROUTED; source policy curated
513,Hard Rock,ON_AIR,curated/video,1208,424099,117.81,9,src_def_leppard src_kiss src_bon_jovi src_acdc src_aerosmith src_guns_n_roses src_motley_crue src_vevo src_kexp,Def Leppard KISS Bon Jovi AC/DC Aerosmith Guns N' Roses Mötley Crüe Vevo Official Music Network KEXP,0.245,0.28,true,false,false,false,false,false,true,false,90,6,MEETS_TARGET,src_acdc src_guns_n_roses src_aerosmith src_def_leppard src_kiss src_bon_jovi src_motley_crue,,unclassified:1208,1975,2024,NONE,,,,category music; route SOURCE_ROUTED; source policy curated
514,Blues,ON_AIR,curated/video,284,212999,59.17,6,src_joe_bonamassa src_beth_hart src_bb_king src_gary_clark_jr src_keb_mo src_kexp,Joe Bonamassa Beth Hart B.B. King Gary Clark Jr. Keb' Mo' KEXP,0.282,0.567,true,false,false,false,false,false,true,false,90,6,MEETS_TARGET,src_joe_bonamassa src_bb_king src_gary_clark_jr src_keb_mo src_beth_hart,,unclassified:284,1967,2023,NONE,,,,category music; route SOURCE_ROUTED; source policy curated
515,Jazz,ON_AIR,curated/video,127,367980,102.22,2,src_jalc src_kexp,Jazz at Lincoln Center KEXP,0.992,0.999,true,false,false,false,false,false,true,false,90,6,MEETS_TARGET,src_jalc,,unclassified:127,2013,2020,NONE,,,,category music; route SOURCE_ROUTED; source policy curated
516,Soul,ON_AIR,curated/video,176,80315,22.31,2,src_soul_train src_kexp,Soul Train KEXP,0.989,0.983,true,false,false,false,false,false,true,false,90,6,MEETS_TARGET,src_soul_train,,unclassified:176,1974,1974,NONE,,,,category music; route SOURCE_ROUTED; source policy curated
517,Funk,ON_AIR,curated/video,169,146345,40.65,4,src_vulf src_lettuce src_snarky_puppy src_kexp,Vulfpeck Lettuce Snarky Puppy KEXP,0.473,0.569,true,false,false,false,false,false,true,false,90,6,MEETS_TARGET,src_vulf src_lettuce src_snarky_puppy,,unclassified:169,2016,2020,NONE,,,,category music; route SOURCE_ROUTED; source policy curated
518,Disco,ON_AIR,curated/video,153,42182,11.72,3,src_gloria_gaynor src_nile_rodgers src_bee_gees,Gloria Gaynor Nile Rodgers & CHIC Bee Gees,0.627,0.572,true,false,false,false,false,false,true,false,90,6,MEETS_TARGET,src_nile_rodgers src_gloria_gaynor src_bee_gees,,unclassified:153,1975,2019,NONE,,,,category music; route SOURCE_ROUTED; source policy curated
519,R&B,ON_AIR,curated/video,638,222567,61.82,4,src_alicia_keys src_ne_yo src_usher src_brandy,Alicia Keys NE-YO Usher Brandy,0.469,0.517,true,false,false,false,false,false,true,false,90,6,MEETS_TARGET,src_usher src_alicia_keys src_brandy src_ne_yo,,unclassified:638,1994,2023,NONE,,,,category music; route SOURCE_ROUTED; source policy curated
520,Hip-Hop,ON_AIR,curated/video,357,248664,69.07,6,src_1xtra_hiphop src_hot97 src_wu_tang_clan src_run_the_jewels src_public_enemy src_vevo,BBC Radio 1Xtra – Hip-Hop HOT 97 – Freestyles and Performances Wu-Tang Clan Run The Jewels Public Enemy (Channel ZERO) Vevo Official Music Network,0.42,0.601,true,false,false,false,false,false,true,false,90,6,MEETS_TARGET,src_run_the_jewels src_wu_tang_clan src_public_enemy src_1xtra_hiphop src_hot97,,unclassified:357,1990,2026,NONE,,,,category music; route SOURCE_ROUTED; source policy curated
521,Electronic,ON_AIR,curated/video,169,931027,258.62,1,src_cercle,Cercle,1,1,true,false,false,false,false,false,true,false,90,6,MEETS_TARGET,src_cercle,,unclassified:169,2017,2024,NONE,,,,category music; route SOURCE_ROUTED; source policy curated
522,House,ON_AIR,curated/video,300,1117179,310.33,1,src_toolroom,Toolroom Records,1,1,true,false,false,false,false,false,true,false,90,6,MEETS_TARGET,src_toolroom,,unclassified:300,2019,2025,NONE,,,,category music; route SOURCE_ROUTED; source policy curated
523,Techno,ON_AIR,curated/video,138,634926,176.37,2,src_mixmag src_resident_advisor,Mixmag Resident Advisor,0.928,0.953,true,false,false,false,false,false,true,false,90,6,MEETS_TARGET,src_chm src_computerphile src_numberphile src_resident_advisor src_mixmag,,unclassified:138,,,NONE,,,,category music; route SOURCE_ROUTED; source policy curated
524,Ambient,ON_AIR,curated/video,234,88166,24.49,1,src_hammock,Hammock,1,1,true,false,false,false,false,false,true,false,90,6,MEETS_TARGET,src_national_rail_scenic src_hammock,,unclassified:234,2012,2012,NONE,,,,category music; route SOURCE_ROUTED; source policy curated
525,Classical,ON_AIR,curated/video,300,890881,247.47,1,src_hr_symphony,hr-Sinfonieorchester – Frankfurt Radio Symphony,1,1,true,false,false,false,false,false,true,false,90,6,MEETS_TARGET,src_hr_symphony,,unclassified:300,,,NONE,,,,category music; route SOURCE_ROUTED; source policy curated
526,Opera,ON_AIR,curated/video,77,380987,105.83,1,src_operavision,OperaVision,1,1,true,false,false,false,false,false,true,false,90,6,VIABLE_BELOW_TARGET,src_operavision,,unclassified:77,,,BELOW_TARGET,77 programmes / 105.83 h against the MUSIC target of 90 / 6 h.,,,category music; route SOURCE_ROUTED; source policy curated
527,Folk,ON_AIR,curated/video,101,39768,11.05,1,src_newport_folk,Newport Folk Festival,1,1,true,false,false,false,false,false,true,false,90,6,MEETS_TARGET,src_newport_folk,,unclassified:101,2011,2026,NONE,,,,category music; route SOURCE_ROUTED; source policy curated
528,Country,ON_AIR,curated/video,101,50369,13.99,2,src_opry src_kexp,Grand Ole Opry KEXP,0.99,0.996,true,false,false,false,false,false,true,false,90,6,MEETS_TARGET,src_opry,,unclassified:101,1991,1991,NONE,,,,category music; route SOURCE_ROUTED; source policy curated
529,Reggae,ON_AIR,curated/video,300,1402791,389.66,1,src_vp_records,VP Records,1,1,true,false,false,false,false,false,true,false,90,6,MEETS_TARGET,src_vp_records,,unclassified:300,2001,2022,NONE,,,,category music; route SOURCE_ROUTED; source policy curated
530,Ska,ON_AIR,curated/video,297,100952,28.04,5,src_madness src_the_specials src_the_beat src_toots src_the_selecter,Madness The Specials The Beat Toots and the Maytals The Selecter,0.283,0.429,true,false,false,false,false,false,true,false,90,6,MEETS_TARGET,src_madness src_the_selecter src_the_beat src_toots src_the_specials,,unclassified:297,1967,2025,NONE,,,,category music; route SOURCE_ROUTED; source policy curated
531,World Music,ON_AIR,curated/video,288,276044,76.68,6,src_playing_for_change src_tinariwen src_angelique_kidjo src_songhoy_blues src_vevo src_kexp,Playing For Change Tinariwen Angelique Kidjo Songhoy Blues Vevo Official Music Network KEXP,0.521,0.818,true,false,false,false,false,false,true,false,90,6,MEETS_TARGET,src_playing_for_change src_tinariwen src_songhoy_blues src_angelique_kidjo,,unclassified:288,2009,2026,NONE,,,,category music; route SOURCE_ROUTED; source policy curated
532,Latin,ON_AIR,curated/video,300,211665,58.8,1,src_latin_grammys,Latin GRAMMYs,1,1,true,false,false,false,false,false,true,false,90,6,MEETS_TARGET,src_latin_grammys,,unclassified:300,,,NONE,,,,category music; route SOURCE_ROUTED; source policy curated
533,Afrobeat,ON_AIR,curated/video,46,32384,9,1,src_afro_nation,Afro Nation,1,1,true,false,false,false,false,false,true,false,90,6,VIABLE_BELOW_TARGET,src_afro_nation,,unclassified:46,2024,2025,BELOW_TARGET,46 programmes / 9 h against the MUSIC target of 90 / 6 h.,,,category music; route SOURCE_ROUTED; source policy curated
534,Dance,ON_AIR,curated/video,352,2234095,620.58,3,src_tomorrowland src_anjunabeats src_kexp,Tomorrowland Anjunabeats KEXP,0.568,0.621,true,false,false,false,false,false,true,false,90,6,MEETS_TARGET,src_tomorrowland src_anjunabeats,,unclassified:352,2013,2013,NONE,,,,category music; route SOURCE_ROUTED; source policy curated
535,Drum & Bass,ON_AIR,curated/video,306,151725,42.15,3,src_ukf_dnb src_vevo src_kexp,UKF Drum & Bass Vevo Official Music Network KEXP,0.98,0.99,true,false,false,false,false,false,true,false,90,6,MEETS_TARGET,src_ukf_dnb,,unclassified:306,,,NONE,,,,category music; route SOURCE_ROUTED; source policy curated
536,Trip-Hop,ON_AIR,curated/video,113,39066,10.85,2,src_zero_7 src_massive_attack,Zero 7 Massive Attack,0.531,0.506,true,false,false,false,false,false,true,false,90,6,MEETS_TARGET,src_massive_attack src_zero_7,,unclassified:113,1990,2025,NONE,,,,category music; route SOURCE_ROUTED; source policy curated
537,Industrial,ON_AIR,curated/video,114,49317,13.7,1,src_nine_inch_nails,Nine Inch Nails,1,1,true,false,false,false,false,false,true,false,90,6,MEETS_TARGET,src_nine_inch_nails,,unclassified:114,1989,2025,NONE,,,,category music; route SOURCE_ROUTED; source policy curated
538,Emo,ON_AIR,curated/video,471,172749,47.99,5,src_jimmy_eat_world src_fall_out_boy src_my_chemical_romance src_dashboard_confessional src_paramore,Jimmy Eat World Fall Out Boy My Chemical Romance Dashboard Confessional Paramore,0.41,0.305,true,false,false,false,false,false,true,false,90,6,MEETS_TARGET,src_my_chemical_romance src_fall_out_boy src_paramore src_jimmy_eat_world src_dashboard_confessional,,unclassified:471,2001,2026,NONE,,,,category music; route SOURCE_ROUTED; source policy curated
539,Post-Rock,ON_AIR,curated/video,156,156231,43.4,1,src_sigur_ros,Sigur Rós,1,1,true,false,false,false,false,false,true,false,90,6,MEETS_TARGET,src_sigur_ros,,unclassified:156,1998,2024,NONE,,,,category music; route SOURCE_ROUTED; source policy curated
540,1950s,ON_AIR,curated/video,808,136801,38,1,src_ed_sullivan,The Ed Sullivan Show,1,1,true,false,false,false,false,false,true,false,90,6,MEETS_TARGET,,,unclassified:808,1950,1959,NONE,,,,category music; route SOURCE_ROUTED; source policy curated
541,1960s,ON_AIR,curated/video,1685,325709,90.47,11,src_ed_sullivan src_jimi_hendrix src_roy_orbison src_the_beatles src_the_doors src_beach_boys src_bb_king src_rolling_stones src_the_who_vevo src_the_specials src_led_zeppelin,The Ed Sullivan Show Jimi Hendrix Roy Orbison The Beatles The Doors The Beach Boys B.B. King The Rolling Stones The Who (Vevo) The Specials Led Zeppelin,0.961,0.875,true,false,false,false,false,false,true,false,90,6,MEETS_TARGET,,,unclassified:1685,1960,1969,NONE,,,,category music; route SOURCE_ROUTED; source policy curated
542,1970s,ON_AIR,curated/video,397,141545,39.32,22,src_ed_sullivan src_jimi_hendrix src_led_zeppelin src_rockpalast src_bb_king src_bruce_springsteen src_the_doors src_roy_orbison src_gloria_gaynor src_aerosmith src_rolling_stones src_bee_gees src_acdc src_the_specials src_kiss src_the_who_vevo src_talking_heads src_the_beatles src_siouxsie_vevo src_soul_train src_the_cure src_the_beat,The Ed Sullivan Show Jimi Hendrix Led Zeppelin WDR Rockpalast B.B. King Bruce Springsteen The Doors Roy Orbison Gloria Gaynor Aerosmith The Rolling Stones Bee Gees AC/DC The Specials KISS The Who (Vevo) Talking Heads The Beatles Siouxsie And The Banshees (Vevo) Soul Train The Cure The Beat,0.632,0.327,true,false,false,false,false,false,true,false,90,6,MEETS_TARGET,,,unclassified:397,1970,1979,NONE,,,,category music; route SOURCE_ROUTED; source policy curated
543,1980s,ON_AIR,curated/video,154,49667,13.8,32,src_gloria_gaynor src_new_order src_rockpalast src_bruce_springsteen src_acdc src_bon_jovi src_talking_heads src_rolling_stones src_roy_orbison src_the_beat src_def_leppard src_tom_petty src_bb_king src_depeche_mode src_rem src_aerosmith src_led_zeppelin src_cocteau_twins src_mudhoney src_madness src_duran_duran src_the_specials src_bee_gees src_my_bloody_valentine src_siouxsie_vevo src_the_who_vevo src_beach_boys src_sub_pop_grunge src_kiss src_human_league src_the_selecter src_the_cure,Gloria Gaynor New Order WDR Rockpalast Bruce Springsteen AC/DC Bon Jovi Talking Heads The Rolling Stones Roy Orbison The Beat Def Leppard Tom Petty & The Heartbreakers B.B. King Depeche Mode R.E.M. Aerosmith Led Zeppelin Cocteau Twins Mudhoney Madness Duran Duran The Specials Bee Gees my bloody valentine Siouxsie And The Banshees (Vevo) The Who (Vevo) The Beach Boys Sub Pop – Grunge KISS The Human League The Selecter The Cure,0.149,0.135,true,false,false,false,false,false,true,false,90,6,MEETS_TARGET,,,unclassified:154,1980,1989,NONE,,,,category music; route SOURCE_ROUTED; source policy curated
544,1990s,ON_AIR,curated/video,150,41985,11.66,33,src_bon_jovi src_oasis src_wu_tang_clan src_supergrass src_pulp src_rem src_manics src_tom_petty src_blur src_depeche_mode src_smashing_pumpkins src_usher src_stone_temple_pilots src_foo_fighters src_suede src_rhcp src_def_leppard src_manics_vevo src_cocteau_twins src_the_verve_vevo src_massive_attack src_chris_cornell src_sigur_ros src_public_enemy src_pearl_jam src_eric_clapton src_opry src_aerosmith src_madness src_bb_king src_the_cure src_keb_mo src_roy_orbison,Bon Jovi Oasis Wu-Tang Clan Supergrass Pulp R.E.M. Manic Street Preachers Tom Petty & The Heartbreakers Blur Depeche Mode Smashing Pumpkins Usher Stone Temple Pilots Foo Fighters Suede Red Hot Chili Peppers Def Leppard Manic Street Preachers (Vevo) Cocteau Twins The Verve (Vevo) Massive Attack Chris Cornell Sigur Rós Public Enemy (Channel ZERO) Pearl Jam Eric Clapton Grand Ole Opry Aerosmith Madness B.B. King The Cure Keb' Mo' Roy Orbison,0.087,0.089,true,false,false,false,false,false,true,false,90,6,MEETS_TARGET,,,unclassified:150,1990,1999,NONE,,,,category music; route SOURCE_ROUTED; source policy curated
545,2000s,ON_AIR,curated/video,219,55593,15.44,37,src_bon_jovi src_ne_yo src_usher src_rhcp src_oasis src_foo_fighters src_fall_out_boy src_50_cent src_my_chemical_romance src_rem src_supergrass src_vevo_the_killers src_sigur_ros src_nine_inch_nails src_chris_cornell src_def_leppard src_massive_attack src_manics_vevo src_jimmy_eat_world src_blur src_alicia_keys src_wu_tang_clan src_tears_for_fears_vevo src_bb_king src_eminem src_depeche_mode src_manics src_smashing_pumpkins src_pulp src_motley_crue src_zero_7 src_madness src_human_league src_the_cure src_melvins src_stone_temple_pilots src_beach_boys,Bon Jovi NE-YO Usher Red Hot Chili Peppers Oasis Foo Fighters Fall Out Boy 50 Cent (Vevo) My Chemical Romance R.E.M. Supergrass The Killers (Vevo) Sigur Rós Nine Inch Nails Chris Cornell Def Leppard Massive Attack Manic Street Preachers (Vevo) Jimmy Eat World Blur Alicia Keys Wu-Tang Clan Tears For Fears (Vevo) B.B. King Eminem (Vevo) Depeche Mode Manic Street Preachers Smashing Pumpkins Pulp Mötley Crüe Zero 7 Madness The Human League The Cure Melvins Stone Temple Pilots The Beach Boys,0.096,0.094,true,false,false,false,false,false,true,false,90,6,MEETS_TARGET,,,unclassified:219,2000,2009,NONE,,,,category music; route SOURCE_ROUTED; source policy curated
546,2010s,THIN,curated/video,7,2902,0.81,1,src_vevo,Vevo Official Music Network,1,1,true,false,false,false,false,true,false,false,90,6,BELOW_VIABLE,,,unclassified:7,2017,2017,NEEDS_DEPTH,0.81 h of distinct programming; the airing floor is 3 h.,,,category music; route SOURCE_ROUTED; source policy curated
547,2020s,ON_AIR,curated/video,40,12689,3.52,16,src_insideout src_foo_fighters src_nuclear_blast src_rhcp src_imagine_dragons src_usher src_depeche_mode src_epitaph src_the_beatles src_vevo_the_killers src_colors src_nine_inch_nails src_pearl_jam src_rolling_stones src_guns_n_roses src_khruangbin,InsideOut Music Foo Fighters Nuclear Blast Red Hot Chili Peppers Imagine Dragons (Vevo) Usher Depeche Mode Epitaph Records The Beatles The Killers (Vevo) COLORS Nine Inch Nails Pearl Jam The Rolling Stones Guns N' Roses Khruangbin,0.225,0.314,true,false,false,false,false,false,true,false,90,6,BELOW_VIABLE,,,unclassified:40,2020,2025,BELOW_TARGET,40 programmes / 3.52 h against the MUSIC target of 90 / 6 h.,,,category music; route SOURCE_ROUTED; source policy curated
548,Oldies,UNAVAILABLE,curated/video,0,0,0,0,,,0,0,false,true,false,false,false,false,false,true,,,NOT_MEASURED_UNAVAILABLE,,,,,,OFF_AIR_BY_POLICY,Oldies before 1970 is exactly the union of 540 1950s and 541 1960s.,,,category music; route SOURCE_ROUTED; source policy curated; status card INTENTIONALLY_UNAVAILABLE → 540
549,Retro Hits,HOLDING,curated/video,0,0,0,0,,,0,0,false,true,false,false,false,false,false,true,90,6,EMPTY,,,,,,NEEDS_SOURCE,UNRESOLVED (METADATA_UNAVAILABLE): No chart-position metadata for the recordings; chart status is never inferred from titles.,,,category music; route SOURCE_ROUTED; source policy curated; status card UNRESOLVED
550,Chart,HOLDING,curated/video,0,0,0,0,,,0,0,false,true,false,false,false,false,false,true,,,NOT_MEASURED_SPECIAL,,,,,,NEEDS_SOURCE,"UNRESOLVED (NO_OFFICIAL_SOURCE): No official chart programme at volume: Official Charts posts about a minute a week and Billboard's are Shorts, which are not used for volume.",,,category music; route SOURCE_ROUTED; source policy curated; film sources: ; status card UNRESOLVED
551,New Music,THIN,curated/video,49,10334,2.87,8,src_armada src_nuclear_blast src_insideout src_sub_pop src_ukf_dnb src_spinnin src_ultra src_epitaph,Armada Music Nuclear Blast InsideOut Music Sub Pop UKF Drum & Bass Spinnin' Records Ultra Records Epitaph Records,0.673,0.63,true,false,false,false,false,true,false,false,,,NOT_MEASURED_ROLLING,,src_armada src_epitaph src_insideout src_nuclear_blast src_spinnin src_sub_pop src_ukf_dnb src_ultra,unclassified:49,,,NEEDS_DEPTH,2.87 h of distinct programming; the airing floor is 3 h.,,,category music; route SOURCE_ROUTED; source policy curated; film sources: ; dynamic identity (configured): New Music: official new releases; status card DYNAMIC_EMPTY
552,Unsigned,ON_AIR,curated/video,300,667824,185.51,1,src_audiotree,Audiotree,1,1,true,false,false,false,false,false,true,false,90,6,MEETS_TARGET,src_audiotree,,unclassified:300,2023,2026,NONE,,,,category music; route SOURCE_ROUTED; source policy curated
553,Indie Sessions,ON_AIR,curated/video,298,285618,79.34,1,src_blogotheque,Blogothèque,1,1,true,false,false,false,false,false,true,false,90,6,MEETS_TARGET,src_blogotheque,,unclassified:298,2008,2026,NONE,,,,category music; route SOURCE_ROUTED; source policy curated
554,DJ Sets,ON_AIR,curated/video,304,1744728,484.65,3,src_boiler_room src_vevo src_kexp,Boiler Room Vevo Official Music Network KEXP,0.987,0.999,true,false,false,false,false,false,true,false,90,6,MEETS_TARGET,src_boiler_room,,unclassified:304,2017,2024,NONE,,,,category music; route SOURCE_ROUTED; source policy curated
555,Live,ON_AIR,curated/video,227,296348,82.32,1,src_paste,Paste Magazine,1,1,true,false,false,false,false,false,true,false,90,6,MEETS_TARGET,src_paste,,unclassified:227,2017,2026,NONE,,,,category music; route SOURCE_ROUTED; source policy curated
556,Concerts,ON_AIR,curated/video,300,493760,137.16,1,src_npr_music,NPR Music,1,1,true,false,false,false,false,false,true,false,90,6,MEETS_TARGET,src_npr_music,,unclassified:300,2020,2024,NONE,,,,category music; route SOURCE_ROUTED; source policy curated
557,Sessions,ON_AIR,curated/video,300,69133,19.2,1,src_colors,COLORS,1,1,true,false,false,false,false,false,true,false,90,6,MEETS_TARGET,src_colors,,unclassified:300,2023,2023,NONE,,,,category music; route SOURCE_ROUTED; source policy curated
558,Unplugged,ON_AIR,curated/video,300,294741,81.87,1,src_mahogany,Mahogany Sessions,1,1,true,false,false,false,false,false,true,false,90,6,MEETS_TARGET,src_mahogany,,unclassified:300,2016,2016,NONE,,,,category music; route SOURCE_ROUTED; source policy curated
559,Festivals,ON_AIR,curated/video,510,1102104,306.14,6,src_sziget src_primavera_sound src_roskilde src_bonnaroo src_coachella src_lollapalooza,Sziget Festival Primavera Sound Roskilde Festival Bonnaroo Coachella Lollapalooza,0.196,0.402,true,false,false,false,false,false,true,false,90,6,MEETS_TARGET,src_coachella src_lollapalooza src_roskilde src_primavera_sound src_sziget src_bonnaroo,,unclassified:510,2011,2023,NONE,,,,category music; route SOURCE_ROUTED; source policy curated
560,Music Documentary,ON_AIR,curated/video,131,212218,58.95,1,src_trash_theory,Trash Theory,1,1,true,false,false,false,false,false,true,false,90,6,MEETS_TARGET,src_trash_theory,,unclassified:131,,,NONE,,,,category music; route SOURCE_ROUTED; source policy curated
561,Music History,ON_AIR,curated/video,296,272556,75.71,4,src_polyphonic src_nfb src_time_team src_sky_history_uk,Polyphonic National Film Board of Canada Time Team Official / Time Team Classics Sky HISTORY UK,0.932,0.938,true,false,false,false,false,false,true,false,90,6,MEETS_TARGET,src_polyphonic,,unclassified:296,,,NONE,,,,category music; route SOURCE_ROUTED; source policy curated
562,Album Stories,ON_AIR,curated/video,22,32930,9.15,2,src_pitchfork_classic src_vevo,Pitchfork – Album Stories Vevo Official Music Network,0.909,0.984,true,false,false,false,false,false,true,false,90,6,BELOW_VIABLE,src_pitchfork_classic,,unclassified:22,,,BELOW_TARGET,22 programmes / 9.15 h against the MUSIC target of 90 / 6 h.,,,category music; route SOURCE_ROUTED; source policy curated
563,Artists,ON_AIR,curated/video,85,300521,83.48,1,src_rick_beato,Rick Beato,1,1,true,false,false,false,false,false,true,false,90,6,VIABLE_BELOW_TARGET,,src_rick_beato,unclassified:85,,,BELOW_TARGET,85 programmes / 83.48 h against the MUSIC target of 90 / 6 h.,,,category music; route SOURCE_ROUTED; source policy curated; film sources: 
564,Bands,ON_AIR,curated/video,106,27609,7.67,39,src_vevo_90s src_vevo_80s src_vevo_2000s src_insideout src_nuclear_blast src_vevo_classics src_sigur_ros src_bee_gees src_aerosmith src_rolling_stones src_rhcp src_my_chemical_romance src_def_leppard src_oasis src_nirvana src_blur src_soundgarden src_jimmy_eat_world src_rem src_bon_jovi src_foo_fighters src_smashing_pumpkins src_zero_7 src_motley_crue src_arctic_monkeys src_nine_inch_nails src_pearl_jam src_my_bloody_valentine src_guns_n_roses src_imagine_dragons src_beach_boys src_khruangbin src_vevo_blondie src_the_beatles src_vevo_abba src_the_cure src_vevo_bob_marley src_the_specials src_kiss,Vevo – '90s playlists Vevo – '80s playlists Vevo – 2000s playlists InsideOut Music Nuclear Blast Vevo – Legends & Classics playlists Sigur Rós Bee Gees Aerosmith The Rolling Stones Red Hot Chili Peppers My Chemical Romance Def Leppard Oasis Nirvana Blur Soundgarden Jimmy Eat World R.E.M. Bon Jovi Foo Fighters Smashing Pumpkins Zero 7 Mötley Crüe Arctic Monkeys (Vevo) Nine Inch Nails Pearl Jam my bloody valentine Guns N' Roses Imagine Dragons (Vevo) The Beach Boys Khruangbin Blondie (Vevo) The Beatles ABBA (Vevo) The Cure Bob Marley (Vevo) The Specials KISS,0.236,0.233,true,false,false,false,false,false,true,false,90,6,MEETS_TARGET,,src_aerosmith src_arctic_monkeys src_beach_boys src_bee_gees src_blur src_bon_jovi src_def_leppard src_foo_fighters src_guns_n_roses src_imagine_dragons src_insideout src_jimmy_eat_world src_khruangbin src_kiss src_motley_crue src_my_bloody_valentine src_my_chemical_romance src_nine_inch_nails src_nirvana src_nuclear_blast src_oasis src_pearl_jam src_rem src_rhcp src_rolling_stones src_sigur_ros src_smashing_pumpkins src_soundgarden src_the_beatles src_the_cure src_the_specials src_vevo_2000s src_vevo_80s src_vevo_90s src_vevo_abba src_vevo_blondie src_vevo_bob_marley src_vevo_classics src_zero_7,unclassified:106,1966,2025,NONE,,,,category music; route SOURCE_ROUTED; source policy curated; film sources: 
565,Producers,ON_AIR,curated/video,300,1711308,475.36,1,src_produce_like_a_pro,Produce Like A Pro,1,1,true,false,false,false,false,false,true,false,90,6,MEETS_TARGET,src_produce_like_a_pro,,unclassified:300,,,NONE,,,,category music; route SOURCE_ROUTED; source policy curated
566,Songwriters,ON_AIR,curated/video,299,663909,184.42,1,src_rick_beato,Rick Beato,1,1,true,false,false,false,false,false,true,false,90,6,MEETS_TARGET,src_rick_beato,,unclassified:299,,,NONE,,,,category music; route SOURCE_ROUTED; source policy curated
567,Studio,ON_AIR,curated/video,31,67684,18.8,2,src_mix_with_the_masters src_vevo,Mix with the Masters Vevo Official Music Network,0.968,0.988,true,false,false,false,false,false,true,false,90,6,BELOW_VIABLE,src_mix_with_the_masters,,unclassified:31,,,BELOW_TARGET,31 programmes / 18.8 h against the MUSIC target of 90 / 6 h.,,,category music; route SOURCE_ROUTED; source policy curated
568,Guitar,ON_AIR,curated/video,301,465486,129.3,2,src_fender src_kexp,Fender KEXP,0.997,0.996,true,false,false,false,false,false,true,false,90,6,MEETS_TARGET,src_fender,,unclassified:301,,,NONE,,,,category music; route SOURCE_ROUTED; source policy curated
569,Bass,ON_AIR,curated/video,122,97944,27.21,3,src_bassbuzz src_vevo src_kexp,BassBuzz Vevo Official Music Network KEXP,0.951,0.984,true,false,false,false,false,false,true,false,90,6,MEETS_TARGET,src_bassbuzz,,unclassified:122,,,NONE,,,,category music; route SOURCE_ROUTED; source policy curated
570,Drums,ON_AIR,curated/video,233,354902,98.58,1,src_drumeo,Drumeo,1,1,true,false,false,false,false,false,true,false,90,6,MEETS_TARGET,src_drumeo,,unclassified:233,,,NONE,,,,category music; route SOURCE_ROUTED; source policy curated
571,Keyboards,ON_AIR,curated/video,300,447242,124.23,1,src_pianote,Pianote,1,1,true,false,false,false,false,false,true,false,90,6,MEETS_TARGET,src_pianote,,unclassified:300,,,NONE,,,,category music; route SOURCE_ROUTED; source policy curated
572,Synths,ON_AIR,curated/video,401,743199,206.44,4,src_loopop src_moog src_korg src_kexp,loopop Moog Music KORG KEXP,0.374,0.55,true,false,false,false,false,false,true,false,90,6,MEETS_TARGET,src_moog src_loopop src_korg,,unclassified:401,,,NONE,,,,category music; route SOURCE_ROUTED; source policy curated
573,Vocals,ON_AIR,curated/video,324,132536,36.82,2,src_home_free src_kings_singers,Home Free The King's Singers,0.926,0.911,true,false,false,false,false,false,true,false,90,6,MEETS_TARGET,src_home_free src_kings_singers,,unclassified:324,2014,2019,NONE,,,,category music; route SOURCE_ROUTED; source policy curated
574,Karaoke,ON_AIR,curated/video,63,22059,6.13,1,src_sing_king,Sing King,1,1,true,false,false,false,false,false,true,false,90,6,VIABLE_BELOW_TARGET,src_sing_king,,unclassified:63,,,BELOW_TARGET,63 programmes / 6.13 h against the MUSIC target of 90 / 6 h.,,,category music; route SOURCE_ROUTED; source policy curated
575,Instrumental,ON_AIR,curated/video,103,38701,10.75,3,src_polyphia src_khruangbin src_animals_as_leaders,Polyphia Khruangbin Animals As Leaders,0.835,0.836,true,false,false,false,false,false,true,false,90,6,MEETS_TARGET,src_polyphia src_animals_as_leaders src_khruangbin,,unclassified:103,2015,2023,NONE,,,,category music; route SOURCE_ROUTED; source policy curated
576,Acoustic,ON_AIR,curated/video,300,183591,51,1,src_sofar,Sofar Sounds,1,1,true,false,false,false,false,false,true,false,90,6,MEETS_TARGET,src_sofar,,unclassified:300,,,NONE,,,,category music; route SOURCE_ROUTED; source policy curated
577,Cover Versions,ON_AIR,curated/video,300,103672,28.8,1,src_postmodern_jukebox,Postmodern Jukebox,1,1,true,false,false,false,false,false,true,false,90,6,MEETS_TARGET,src_postmodern_jukebox,,unclassified:300,,,NONE,,,,category music; route SOURCE_ROUTED; source policy curated
578,Remixes,ON_AIR,curated/video,884,215747,59.93,4,src_ultra src_spinnin src_monstercat src_armada,Ultra Records Spinnin' Records Monstercat Armada Music,0.339,0.442,true,false,false,false,false,false,true,false,90,6,MEETS_TARGET,src_spinnin src_ultra src_armada src_monstercat,,unclassified:884,,,NONE,,,,category music; route SOURCE_ROUTED; source policy curated
579,Rare Tracks,HOLDING,curated/video,0,0,0,0,,,0,0,false,true,false,false,false,false,false,true,90,6,EMPTY,,,,,,NEEDS_SOURCE,UNRESOLVED (NO_LEGITIMATE_CONTENT_MODEL): Rarity cannot be verified from any official field; an unverifiable label is not programmed.,,,category music; route SOURCE_ROUTED; source policy curated; status card UNRESOLVED
580,MTV Generation,ON_AIR,curated/video,292,79225,22.01,46,src_def_leppard src_bon_jovi src_motley_crue src_tears_for_fears_vevo src_rem src_aerosmith src_tom_petty src_blur src_siouxsie_vevo src_guns_n_roses src_oasis src_depeche_mode src_wu_tang_clan src_talking_heads src_rhcp src_pulp src_cocteau_twins src_stone_temple_pilots src_nirvana src_roy_orbison src_manics_vevo src_kiss src_smashing_pumpkins src_manics src_new_order src_nine_inch_nails src_supergrass src_madness src_my_bloody_valentine src_duran_duran src_the_who_vevo src_pearl_jam src_suede src_melvins src_the_cure src_slowdive src_public_enemy src_opry src_massive_attack src_temple_of_the_dog src_foo_fighters src_the_specials src_the_beat src_sub_pop_grunge src_human_league src_usher,Def Leppard Bon Jovi Mötley Crüe Tears For Fears (Vevo) R.E.M. Aerosmith Tom Petty & The Heartbreakers Blur Siouxsie And The Banshees (Vevo) Guns N' Roses Oasis Depeche Mode Wu-Tang Clan Talking Heads Red Hot Chili Peppers Pulp Cocteau Twins Stone Temple Pilots Nirvana Roy Orbison Manic Street Preachers (Vevo) KISS Smashing Pumpkins Manic Street Preachers New Order Nine Inch Nails Supergrass Madness my bloody valentine Duran Duran The Who (Vevo) Pearl Jam Suede Melvins The Cure Slowdive Public Enemy (Channel ZERO) Grand Ole Opry Massive Attack Temple Of The Dog Foo Fighters The Specials The Beat Sub Pop – Grunge The Human League Usher,0.113,0.11,true,false,false,false,false,false,true,false,90,6,MEETS_TARGET,,,unclassified:292,1981,1995,NONE,,,,category music; route SOURCE_ROUTED; source policy curated
581,Alternative 90,ON_AIR,curated/video,311,96535,26.82,24,src_rem src_nirvana src_radiohead src_mad_season_vevo src_oasis src_pearl_jam src_blur src_stone_temple_pilots src_soundgarden src_rhcp src_smashing_pumpkins src_nine_inch_nails src_foo_fighters src_screaming_trees_vevo src_nirvana_vevo src_hole_vevo src_mudhoney src_the_cure src_melvins src_chris_cornell src_slowdive src_alice_in_chains src_temple_of_the_dog src_my_bloody_valentine,R.E.M. Nirvana Radiohead Mad Season (Vevo) Oasis Pearl Jam Blur Stone Temple Pilots Soundgarden Red Hot Chili Peppers Smashing Pumpkins Nine Inch Nails Foo Fighters Screaming Trees (Vevo) Nirvana (Vevo) Hole (Vevo) Mudhoney The Cure Melvins Chris Cornell Slowdive Alice In Chains Temple Of The Dog my bloody valentine,0.254,0.194,true,false,false,false,false,false,true,false,90,6,MEETS_TARGET,,,unclassified:311,1990,1999,NONE,,,,category music; route SOURCE_ROUTED; source policy curated
582,Indie 2000,ON_AIR,curated/video,43,15492,4.3,5,src_radiohead src_sigur_ros src_blur src_jimmy_eat_world src_dashboard_confessional,Radiohead Sigur Rós Blur Jimmy Eat World Dashboard Confessional,0.488,0.567,true,false,false,false,false,false,true,false,90,6,BELOW_VIABLE,,,unclassified:43,2000,2009,BELOW_TARGET,43 programmes / 4.3 h against the MUSIC target of 90 / 6 h.,,,category music; route SOURCE_ROUTED; source policy curated
583,Metal 80,ON_AIR,curated/video,64,18940,5.26,7,src_def_leppard src_motley_crue src_acdc src_aerosmith src_kiss src_nine_inch_nails src_guns_n_roses,Def Leppard Mötley Crüe AC/DC Aerosmith KISS Nine Inch Nails Guns N' Roses,0.328,0.36,true,false,false,false,false,false,true,false,90,6,VIABLE_BELOW_TARGET,,,unclassified:64,1980,1989,BELOW_TARGET,64 programmes / 5.26 h against the MUSIC target of 90 / 6 h.,,,category music; route SOURCE_ROUTED; source policy curated
584,Metal 90,ON_AIR,curated/video,62,18452,5.13,9,src_def_leppard src_aerosmith src_soundgarden src_guns_n_roses src_nine_inch_nails src_motley_crue src_acdc src_alice_in_chains src_kiss,Def Leppard Aerosmith Soundgarden Guns N' Roses Nine Inch Nails Mötley Crüe AC/DC Alice In Chains KISS,0.306,0.286,true,false,false,false,false,false,true,false,90,6,VIABLE_BELOW_TARGET,,,unclassified:62,1990,1999,BELOW_TARGET,62 programmes / 5.13 h against the MUSIC target of 90 / 6 h.,,,category music; route SOURCE_ROUTED; source policy curated
585,Punk 77,THIN,curated/video,1,263,0.07,1,src_kexp,KEXP,1,1,true,false,false,false,false,true,false,false,90,6,BELOW_VIABLE,,,unclassified:1,,,NEEDS_DEPTH,0.07 h of distinct programming; the airing floor is 3 h.,,,category music; route SOURCE_ROUTED; source policy curated
586,Punk 90,HOLDING,curated/video,0,0,0,0,,,0,0,false,true,false,false,false,false,false,true,90,6,EMPTY,,,,,,NEEDS_SOURCE,UNRESOLVED (METADATA_UNAVAILABLE): Epitaph's official videos with verified release years are dated 2014-2021; none are 1990s.,,,category music; route SOURCE_ROUTED; source policy curated; status card UNRESOLVED
587,Soul 70,THIN,curated/video,2,1331,0.37,1,src_kexp,KEXP,1,1,true,false,false,false,false,true,false,false,90,6,BELOW_VIABLE,,,unclassified:2,,,NEEDS_DEPTH,0.37 h of distinct programming; the airing floor is 3 h.,,,category music; route SOURCE_ROUTED; source policy curated
588,Disco 79,HOLDING,curated/video,0,0,0,0,,,0,0,false,true,false,false,false,false,false,true,90,6,EMPTY,,,,,,NEEDS_SOURCE,UNRESOLVED (INSUFFICIENT_EXISTING_INVENTORY): 0.1 h of verified qualifying material.,,,category music; route SOURCE_ROUTED; source policy curated; status card UNRESOLVED
589,Synth 84,HOLDING,curated/video,0,0,0,0,,,0,0,false,true,false,false,false,false,false,true,90,6,EMPTY,,,,,,NEEDS_SOURCE,UNRESOLVED (METADATA_UNAVAILABLE): No song-level genre metadata for the recordings; publisher genre is not song genre.,,,category music; route SOURCE_ROUTED; source policy curated; status card UNRESOLVED
590,VEVO,ON_AIR,official/video,203,64213,17.84,1,src_vevo,Vevo Official Music Network,1,1,true,false,false,false,false,false,true,false,90,6,MEETS_TARGET,,,unclassified:203,2013,2017,NONE,,,,category music; route SOURCE_ROUTED; source policy official-source-required; provider hint VEVO
591,VEVO Pop,ON_AIR,official/video,99,38926,10.81,1,src_vevo,Vevo Official Music Network,1,1,true,false,false,false,false,false,true,false,90,6,MEETS_TARGET,,,unclassified:99,2013,2017,NONE,,,,category music; route SOURCE_ROUTED; source policy official-source-required; provider hint VEVO
592,VEVO Rock,ON_AIR,official/video,243,69744,19.37,5,src_imagine_dragons src_vevo_the_killers src_vevo_kings_of_leon src_arctic_monkeys src_vevo,Imagine Dragons (Vevo) The Killers (Vevo) Kings Of Leon (Vevo) Arctic Monkeys (Vevo) Vevo Official Music Network,0.469,0.479,true,false,false,false,false,false,true,false,90,6,MEETS_TARGET,src_vevo_the_killers src_vevo_kings_of_leon src_imagine_dragons src_arctic_monkeys,,unclassified:243,2005,2024,NONE,,,,category music; route SOURCE_ROUTED; source policy official-source-required; provider hint VEVO
593,VEVO Hip-Hop & R&B,ON_AIR,official/video,155,44611,12.39,4,src_eminem src_50_cent src_kendrick_lamar src_vevo,Eminem (Vevo) 50 Cent (Vevo) Kendrick Lamar (Vevo) Vevo Official Music Network,0.458,0.494,true,false,false,false,false,false,true,false,90,6,MEETS_TARGET,src_eminem src_kendrick_lamar src_50_cent,,unclassified:155,2002,2024,NONE,,,,category music; route SOURCE_ROUTED; source policy official-source-required; provider hint VEVO
594,VEVO Classics,HOLDING,official/video,0,0,0,0,,,0,0,false,true,false,false,false,false,false,true,90,6,EMPTY,,,,,,NEEDS_SOURCE,"UNRESOLVED (NEAR_THRESHOLD): 2.49 h of VEVO recordings with verified 1950-79 years; non-VEVO sources cannot count, and the floor stays at 3 h.",,,category music; route SOURCE_ROUTED; source policy official-source-required; provider hint VEVO; status card UNRESOLVED
595,VEVO 1980s,ON_AIR,official/video,333,79455,22.07,14,src_vevo_80s src_tears_for_fears_vevo src_vevo_classics src_siouxsie_vevo src_vevo_abba src_vevo_90s src_vevo_carpenters src_vevo_smokey_robinson src_the_who_vevo src_vevo_bob_marley src_vevo_blondie src_vevo_marvin_gaye src_vevo_2000s src_vevo_elton_john,Vevo – '80s playlists Tears For Fears (Vevo) Vevo – Legends & Classics playlists Siouxsie And The Banshees (Vevo) ABBA (Vevo) Vevo – '90s playlists Carpenters (Vevo) Smokey Robinson (Vevo) The Who (Vevo) Bob Marley (Vevo) Blondie (Vevo) Marvin Gaye (Vevo) Vevo – 2000s playlists Elton John (Vevo),0.775,0.773,true,false,false,false,false,false,true,false,90,6,MEETS_TARGET,,,unclassified:333,1980,1989,NONE,,,,category music; route SOURCE_ROUTED; source policy official-source-required; provider hint VEVO
596,VEVO 1990s,ON_AIR,official/video,263,66272,18.41,16,src_vevo_90s src_vevo_classics src_vevo_80s src_manics_vevo src_vevo_2000s src_screaming_trees_vevo src_vevo_elton_john src_hole_vevo src_vevo_barry_white src_the_verve_vevo src_siouxsie_vevo src_tears_for_fears_vevo src_mad_season_vevo src_vevo_smokey_robinson src_vevo_dolly_parton src_nirvana_vevo,Vevo – '90s playlists Vevo – Legends & Classics playlists Vevo – '80s playlists Manic Street Preachers (Vevo) Vevo – 2000s playlists Screaming Trees (Vevo) Elton John (Vevo) Hole (Vevo) Barry White (Vevo) The Verve (Vevo) Siouxsie And The Banshees (Vevo) Tears For Fears (Vevo) Mad Season (Vevo) Smokey Robinson (Vevo) Dolly Parton (Vevo) Nirvana (Vevo),0.57,0.605,true,false,false,false,false,false,true,false,90,6,MEETS_TARGET,,,unclassified:263,1990,1999,NONE,,,,category music; route SOURCE_ROUTED; source policy official-source-required; provider hint VEVO
597,VEVO 2000s,ON_AIR,official/video,316,75875,21.08,13,src_vevo_2000s src_vevo_90s src_vevo_classics src_50_cent src_vevo_80s src_vevo_the_killers src_manics_vevo src_vevo_dolly_parton src_vevo_donna_summer src_tears_for_fears_vevo src_eminem src_vevo_elton_john src_vevo_temptations,Vevo – 2000s playlists Vevo – '90s playlists Vevo – Legends & Classics playlists 50 Cent (Vevo) Vevo – '80s playlists The Killers (Vevo) Manic Street Preachers (Vevo) Dolly Parton (Vevo) Donna Summer (Vevo) Tears For Fears (Vevo) Eminem (Vevo) Elton John (Vevo) The Temptations (Vevo),0.611,0.617,true,false,false,false,false,false,true,false,90,6,MEETS_TARGET,,,unclassified:316,2000,2009,NONE,,,,category music; route SOURCE_ROUTED; source policy official-source-required; provider hint VEVO
598,VEVO Live & Performance,ON_AIR,official/video,214,78580,21.83,1,src_vevo_live,Vevo – Live Performances,1,1,true,false,false,false,false,false,true,false,90,6,MEETS_TARGET,src_vevo_live,,unclassified:214,,,NONE,,,,category music; route SOURCE_ROUTED; source policy official-source-required; provider hint VEVO
599,VEVO Discover,ON_AIR,official/video,893,192493,53.47,1,src_vevo_dscvr,Vevo DSCVR,1,1,true,false,false,false,false,false,true,false,90,6,MEETS_TARGET,src_vevo_dscvr,,unclassified:893,,,NONE,,,,category music; route SOURCE_ROUTED; source policy official-source-required; provider hint VEVO
600,Business,ON_AIR,curated/video,785,1666640,462.96,3,src_stanford_gsb src_hbr src_cnbc_make_it,Stanford Graduate School of Business Harvard Business Review CNBC Make It,0.382,0.692,true,false,false,false,false,false,true,false,20,6,MEETS_TARGET,src_stanford_gsb src_hbr src_cnbc_make_it,,unclassified:785,,,NONE,,,,category business-tech; route SOURCE_ROUTED; source policy curated
601,Markets,THIN,curated/video,4,1594,0.44,2,src_time_team src_rick_steves,Time Team Official / Time Team Classics Rick Steves' Europe,0.75,0.799,true,false,false,false,false,true,false,false,20,6,BELOW_VIABLE,,,unclassified:4,,,NEEDS_DEPTH,0.44 h of distinct programming; the airing floor is 3 h.,,,category business-tech; route CURATED_AGGREGATE; source policy curated
602,Economics,THIN,curated/video,2,2075,0.58,2,src_nfb src_harvard_chan,National Film Board of Canada Harvard T.H. Chan School of Public Health,0.5,0.869,true,false,false,false,false,true,false,false,20,6,BELOW_VIABLE,,,unclassified:2,,,NEEDS_DEPTH,0.58 h of distinct programming; the airing floor is 3 h.,,,category business-tech; route CURATED_AGGREGATE; source policy curated
603,Finance,ON_AIR,curated/video,268,264652,73.51,1,src_plain_bagel,The Plain Bagel,1,1,true,false,false,false,false,false,true,false,20,6,MEETS_TARGET,src_plain_bagel,,unclassified:268,,,NONE,,,,category business-tech; route CURATED_AGGREGATE; source policy curated
604,Companies,THIN,curated/video,1,91,0.03,1,src_harvard_chan,Harvard T.H. Chan School of Public Health,1,1,true,false,false,false,false,true,false,false,20,6,BELOW_VIABLE,,,unclassified:1,,,NEEDS_DEPTH,0.03 h of distinct programming; the airing floor is 3 h.,,,category business-tech; route CURATED_AGGREGATE; source policy curated
605,Entrepreneurs,THIN,curated/video,1,73,0.02,1,src_harvard_chan,Harvard T.H. Chan School of Public Health,1,1,true,false,false,false,false,true,false,false,20,6,BELOW_VIABLE,,,unclassified:1,,,NEEDS_DEPTH,0.02 h of distinct programming; the airing floor is 3 h.,,,category business-tech; route CURATED_AGGREGATE; source policy curated
606,Startups,ON_AIR,curated/video,298,940244,261.18,1,src_ycombinator,Y Combinator,1,1,true,false,false,false,false,false,true,false,20,6,MEETS_TARGET,src_ycombinator,,unclassified:298,,,NONE,,,,category business-tech; route SOURCE_ROUTED; source policy curated
607,Industry,THIN,curated/video,3,4447,1.24,2,src_b1m src_rick_steves,The B1M Rick Steves' Europe,0.667,0.981,true,false,false,false,false,true,false,false,20,6,BELOW_VIABLE,src_practical_engineering src_b1m,,unclassified:3,,,NEEDS_DEPTH,1.24 h of distinct programming; the airing floor is 3 h.,,,category business-tech; route CURATED_AGGREGATE; source policy curated
608,Management,ON_AIR,curated/video,102,190759,52.99,1,src_lbs,London Business School,1,1,true,false,false,false,false,false,true,false,20,6,MEETS_TARGET,src_lbs,,unclassified:102,,,NONE,,,,category business-tech; route CURATED_AGGREGATE; source policy curated
609,Leadership,ON_AIR,curated/video,9,22781,6.33,2,src_harvard_chan src_bloomberg_originals,Harvard T.H. Chan School of Public Health Bloomberg Originals,0.889,0.937,true,false,false,false,false,false,true,false,20,6,BELOW_VIABLE,,src_bloomberg_originals,unclassified:9,,,BELOW_TARGET,9 programmes / 6.33 h against the POLICY target of 20 / 6 h.,"imported 1.0.7: 1 routed, 1 in today's pool (0.4 h)",,category business-tech; route CURATED_AGGREGATE; source policy curated
610,Marketing,ON_AIR,curated/video,53,80719,22.42,13,src_bloomberg_originals src_bof src_cnbc_make_it src_cannes_lions src_ycombinator src_stanford_gsb src_starter_story src_hbr src_bi_manufacturing src_business_casual src_cnbc_documentary src_lbs src_company_man,Bloomberg Originals The Business of Fashion CNBC Make It Cannes Lions Y Combinator Stanford Graduate School of Business Starter Story Harvard Business Review Business Insider – Manufacturing Business Casual CNBC – Documentaries London Business School Company Man,0.245,0.253,true,false,false,false,false,false,true,false,20,6,MEETS_TARGET,,src_bi_manufacturing src_bloomberg_originals src_bof src_business_casual src_cannes_lions src_cnbc_documentary src_cnbc_make_it src_company_man src_hbr src_lbs src_stanford_gsb src_starter_story src_ycombinator,unclassified:53,,,NONE,,,,category business-tech; route CURATED_AGGREGATE; source policy curated; film sources: 
611,Advertising,ON_AIR,curated/video,20,28198,7.83,1,src_cannes_lions,Cannes Lions,1,1,true,false,false,false,false,false,true,false,20,6,MEETS_TARGET,src_cannes_lions,,unclassified:20,,,NONE,,,,category business-tech; route CURATED_AGGREGATE; source policy curated
612,Retail,ON_AIR,curated/video,57,82815,23,10,src_bof src_company_man src_cnbc_documentary src_hbr src_modern_mba src_logically_answered src_two_cents src_plain_bagel src_business_casual src_wendover,The Business of Fashion Company Man CNBC – Documentaries Harvard Business Review Modern MBA Logically Answered Two Cents The Plain Bagel Business Casual Wendover Productions,0.333,0.433,true,false,false,false,false,false,true,false,20,6,MEETS_TARGET,,src_bof src_business_casual src_cnbc_documentary src_company_man src_hbr src_logically_answered src_modern_mba src_plain_bagel src_two_cents src_wendover,unclassified:57,,,NONE,,,,category business-tech; route SOURCE_ROUTED; source policy curated; film sources: 
613,Small Business,ON_AIR,curated/video,184,167426,46.51,1,src_starter_story,Starter Story,1,1,true,false,false,false,false,false,true,false,20,6,MEETS_TARGET,src_starter_story,,unclassified:184,,,NONE,,,,category business-tech; route SOURCE_ROUTED; source policy curated
614,Global Business,ON_AIR,curated/video,297,313877,87.19,1,src_economics_explained,Economics Explained,1,1,true,false,false,false,false,false,true,false,20,6,MEETS_TARGET,src_economics_explained,,unclassified:297,,,NONE,,,,category business-tech; route SOURCE_ROUTED; source policy curated
615,Business History,ON_AIR,curated/video,558,406280,112.86,3,src_company_man src_logically_answered src_business_casual,Company Man Logically Answered Business Casual,0.534,0.544,true,false,false,false,false,false,true,false,20,6,MEETS_TARGET,src_company_man src_business_casual src_logically_answered,,unclassified:558,,,NONE,,,,category business-tech; route SOURCE_ROUTED; source policy curated
616,Economic History,UNAVAILABLE,curated/video,0,0,0,0,,,0,0,false,true,false,false,false,false,false,true,,,NOT_MEASURED_UNAVAILABLE,,,,,,OFF_AIR_BY_POLICY,Same name and identity as 424 Economic History; its eligible programmes are the history inventory 400 and 424 already air.,,,category business-tech; route SOURCE_ROUTED; source policy curated; status card INTENTIONALLY_UNAVAILABLE → 424
617,Money,ON_AIR,curated/video,181,84215,23.39,1,src_two_cents,Two Cents,1,1,true,false,false,false,false,false,true,false,20,6,MEETS_TARGET,src_two_cents,,unclassified:181,,,NONE,,,,category business-tech; route CURATED_AGGREGATE; source policy curated
618,Banking,ON_AIR,curated/video,162,330108,91.7,1,src_bank_of_england,Bank of England,1,1,true,false,false,false,false,false,true,false,20,6,MEETS_TARGET,src_bank_of_england,,unclassified:162,,,NONE,,,,category business-tech; route CURATED_AGGREGATE; source policy curated
619,Investing,ON_AIR,curated/video,152,108618,30.17,1,src_ben_felix,Ben Felix,1,1,true,false,false,false,false,false,true,false,20,6,MEETS_TARGET,src_ben_felix,,unclassified:152,,,NONE,,,,category business-tech; route CURATED_AGGREGATE; source policy curated
620,Property,HOLDING,curated/video,0,0,0,0,,,0,0,false,true,false,false,false,false,false,true,20,6,EMPTY,,,,,,NEEDS_SOURCE,"UNRESOLVED (INSUFFICIENT_EXISTING_INVENTORY): 2.9 h of eligible programmes, most of it already the identity of 767 Property Life.",,,category business-tech; route SOURCE_ROUTED; source policy curated; status card UNRESOLVED
621,Trade,THIN,curated/video,1,650,0.18,1,src_nfb,National Film Board of Canada,1,1,true,false,false,false,false,true,false,false,20,6,BELOW_VIABLE,,,unclassified:1,,,NEEDS_DEPTH,0.18 h of distinct programming; the airing floor is 3 h.,,,category business-tech; route CURATED_AGGREGATE; source policy curated
622,Manufacturing,ON_AIR,curated/video,86,98446,27.35,3,src_bi_manufacturing src_cnbc_manufacturing src_insider_manufacturing,Business Insider – Manufacturing CNBC – Manufacturing Insider – Manufacturing,0.605,0.747,true,false,false,false,false,false,true,false,20,6,MEETS_TARGET,src_bi_manufacturing src_insider_manufacturing src_cnbc_manufacturing,,unclassified:86,,,NONE,,,,category business-tech; route SOURCE_ROUTED; source policy curated
623,Supply Chain,ON_AIR,curated/video,34,34712,9.64,1,src_wendover,Wendover Productions,1,1,true,false,false,false,false,false,true,false,20,6,MEETS_TARGET,src_wendover,,unclassified:34,,,NONE,,,,category business-tech; route SOURCE_ROUTED; source policy curated
624,Energy Business,ON_AIR,curated/video,45,60304,16.75,11,src_dw_documentary src_just_have_a_think src_economics_explained src_cnbc_documentary src_megaprojects src_thames_tv src_climate_town src_plain_bagel src_wendover src_logically_answered src_business_casual,DW Documentary Just Have a Think Economics Explained CNBC – Documentaries Megaprojects Thames TV Climate Town The Plain Bagel Wendover Productions Logically Answered Business Casual,0.289,0.279,true,false,false,false,false,false,true,false,20,6,MEETS_TARGET,src_practical_engineering src_b1m,src_business_casual src_climate_town src_cnbc_documentary src_dw_documentary src_economics_explained src_just_have_a_think src_logically_answered src_megaprojects src_plain_bagel src_thames_tv src_wendover,unclassified:45,,,NONE,,,,category business-tech; route SOURCE_ROUTED; source policy curated; film sources: 
625,Media Business,ON_AIR,curated/video,57,76132,21.15,15,src_stanford_gsb src_company_man src_bloomberg_originals src_logically_answered src_cnbc_documentary src_bof src_business_casual src_cannes_lions src_lbs src_hbr src_modern_mba src_megaprojects src_thames_tv src_economics_explained src_cnbc_make_it,Stanford Graduate School of Business Company Man Bloomberg Originals Logically Answered CNBC – Documentaries The Business of Fashion Business Casual Cannes Lions London Business School Harvard Business Review Modern MBA Megaprojects Thames TV Economics Explained CNBC Make It,0.316,0.19,true,false,false,false,false,false,true,false,20,6,MEETS_TARGET,,src_bloomberg_originals src_bof src_business_casual src_cannes_lions src_cnbc_documentary src_cnbc_make_it src_company_man src_economics_explained src_hbr src_lbs src_logically_answered src_megaprojects src_modern_mba src_stanford_gsb src_thames_tv,unclassified:57,,,NONE,,,,category business-tech; route SOURCE_ROUTED; source policy curated; film sources: 
626,Sports Business,ON_AIR,curated/video,62,113316,31.48,10,src_bloomberg_originals src_modern_mba src_cnbc_documentary src_hbr src_b1m src_economics_explained src_logically_answered src_cnbc_make_it src_copa90 src_business_casual,Bloomberg Originals Modern MBA CNBC – Documentaries Harvard Business Review The B1M Economics Explained Logically Answered CNBC Make It COPA90 Business Casual,0.823,0.913,true,false,false,false,false,false,true,false,20,6,MEETS_TARGET,,src_b1m src_bloomberg_originals src_business_casual src_cnbc_documentary src_cnbc_make_it src_copa90 src_economics_explained src_hbr src_logically_answered src_modern_mba,unclassified:62,,,NONE,,,,category business-tech; route SOURCE_ROUTED; source policy curated; sport routing: any sport; film sources: 
627,Fashion Business,ON_AIR,curated/video,300,676034,187.79,1,src_bof,The Business of Fashion,1,1,true,false,false,false,false,false,true,false,20,6,MEETS_TARGET,src_bof,,unclassified:300,,,NONE,,,,category business-tech; route SOURCE_ROUTED; source policy curated
628,Food Business,ON_AIR,curated/video,40,38618,10.73,12,src_cnbc_make_it src_james_hoffmann src_modern_mba src_bi_manufacturing src_cna_insider src_dw_documentary src_company_man src_cnbc_documentary src_atk src_business_casual src_logically_answered src_two_cents,CNBC Make It James Hoffmann Modern MBA Business Insider – Manufacturing CNA Insider DW Documentary Company Man CNBC – Documentaries America's Test Kitchen Business Casual Logically Answered Two Cents,0.475,0.288,true,false,false,false,false,false,true,false,20,6,MEETS_TARGET,,src_atk src_bi_manufacturing src_business_casual src_cna_insider src_cnbc_documentary src_cnbc_make_it src_company_man src_dw_documentary src_james_hoffmann src_logically_answered src_modern_mba src_two_cents,unclassified:40,,,NONE,,,,category business-tech; route SOURCE_ROUTED; source policy curated; film sources: 
629,Business Documentary,ON_AIR,curated/video,446,951297,264.25,3,src_bloomberg_originals src_cnbc_documentary src_economist,Bloomberg Originals CNBC – Documentaries The Economist,0.655,0.637,true,false,false,false,false,false,true,false,20,6,MEETS_TARGET,src_bloomberg_originals src_cnbc_documentary src_economist,,unclassified:446,,,NONE,,,,category business-tech; route SOURCE_ROUTED; source policy curated
630,Technology,ON_AIR,curated/video,335,757031,210.29,3,src_chm src_computerphile src_numberphile,Computer History Museum Computerphile Numberphile,0.472,0.833,true,false,false,false,false,false,true,false,20,6,MEETS_TARGET,src_chm src_computerphile src_numberphile,,unclassified:335,,,NONE,,,,category business-tech; route SOURCE_ROUTED; source policy curated
631,Computing,ON_AIR,curated/video,127,157815,43.84,1,src_ben_eater,Ben Eater,1,1,true,false,false,false,false,false,true,false,20,6,MEETS_TARGET,src_chm src_computerphile src_numberphile src_ben_eater,,unclassified:127,,,NONE,,,,category business-tech; route SOURCE_ROUTED; source policy curated
632,Software,ON_AIR,curated/video,9,25716,7.14,2,src_chm src_computerphile,Computer History Museum Computerphile,0.667,0.903,true,false,false,false,false,false,true,false,20,6,BELOW_VIABLE,src_chm src_computerphile src_numberphile,,unclassified:9,,,BELOW_TARGET,9 programmes / 7.14 h against the LONGFORM target of 20 / 6 h.,,,category business-tech; route SOURCE_ROUTED; source policy curated
633,Hardware,ON_AIR,curated/video,284,492120,136.7,1,src_linus_tech_tips,Linus Tech Tips,1,1,true,false,false,false,false,false,true,false,20,6,MEETS_TARGET,src_chm src_computerphile src_numberphile src_linus_tech_tips,,unclassified:284,,,NONE,,,,category business-tech; route SOURCE_ROUTED; source policy curated
634,Programming,ON_AIR,curated/video,300,3003998,834.44,1,src_freecodecamp,freeCodeCamp.org,1,1,true,false,false,false,false,false,true,false,20,6,MEETS_TARGET,src_chm src_computerphile src_numberphile src_freecodecamp,,unclassified:300,,,NONE,,,,category business-tech; route SOURCE_ROUTED; source policy curated
635,Open Source,ON_AIR,curated/video,300,865051,240.29,1,src_linux_foundation,The Linux Foundation,1,1,true,false,false,false,false,false,true,false,20,6,MEETS_TARGET,src_chm src_computerphile src_numberphile src_linux_foundation,,unclassified:300,,,NONE,,,,category business-tech; route SOURCE_ROUTED; source policy curated
636,Internet,ON_AIR,curated/video,314,1583916,439.98,2,src_ietf src_ripe_ncc,IETF – Internet Engineering Task Force RIPE NCC,0.771,0.878,true,false,false,false,false,false,true,false,20,6,MEETS_TARGET,src_chm src_computerphile src_numberphile src_ripe_ncc src_ietf,,unclassified:314,,,NONE,,,,category business-tech; route SOURCE_ROUTED; source policy curated; film sources: 
637,Web,ON_AIR,curated/video,600,1524323,423.42,2,src_kevin_powell src_web_dev_simplified,Kevin Powell Web Dev Simplified,0.5,0.564,true,false,false,false,false,false,true,false,20,6,MEETS_TARGET,src_chm src_computerphile src_numberphile src_kevin_powell src_web_dev_simplified,,unclassified:600,,,NONE,,,,category business-tech; route SOURCE_ROUTED; source policy curated
638,Cybersecurity,ON_AIR,curated/video,300,1033344,287.04,1,src_defcon,DEF CON,1,1,true,false,false,false,false,false,true,false,20,6,MEETS_TARGET,src_chm src_computerphile src_numberphile src_defcon,,unclassified:300,,,NONE,,,,category business-tech; route SOURCE_ROUTED; source policy curated
639,Networks,ON_AIR,curated/video,169,315373,87.6,1,src_networkchuck,NetworkChuck,1,1,true,false,false,false,false,false,true,false,20,6,MEETS_TARGET,src_chm src_computerphile src_numberphile src_networkchuck,,unclassified:169,,,NONE,,,,category business-tech; route SOURCE_ROUTED; source policy curated
640,AI,ON_AIR,curated/video,300,167543,46.54,1,src_two_minute_papers,Two Minute Papers,1,1,true,false,false,false,false,false,true,false,20,6,MEETS_TARGET,src_chm src_computerphile src_numberphile src_two_minute_papers,,unclassified:300,,,NONE,,,,category business-tech; route SOURCE_ROUTED; source policy curated
641,Machine Learning,ON_AIR,curated/video,222,254005,70.56,1,src_statquest,StatQuest with Josh Starmer,1,1,true,false,false,false,false,false,true,false,20,6,MEETS_TARGET,src_chm src_computerphile src_numberphile src_statquest,,unclassified:222,,,NONE,,,,category business-tech; route SOURCE_ROUTED; source policy curated
642,Robotics,ON_AIR,curated/video,298,353792,98.28,1,src_james_bruton,James Bruton,1,1,true,false,false,false,false,false,true,false,20,6,MEETS_TARGET,src_chm src_computerphile src_numberphile src_james_bruton,,unclassified:298,,,NONE,,,,category business-tech; route SOURCE_ROUTED; source policy curated
643,Automation,ON_AIR,curated/video,300,166674,46.3,1,src_realpars,RealPars,1,1,true,false,false,false,false,false,true,false,20,6,MEETS_TARGET,src_chm src_computerphile src_numberphile src_realpars,,unclassified:300,,,NONE,,,,category business-tech; route SOURCE_ROUTED; source policy curated; film sources: 
644,Data,ON_AIR,curated/video,300,608956,169.15,1,src_alex_the_analyst,Alex The Analyst,1,1,true,false,false,false,false,false,true,false,20,6,MEETS_TARGET,src_chm src_computerphile src_numberphile src_alex_the_analyst,,unclassified:300,,,NONE,,,,category business-tech; route SOURCE_ROUTED; source policy curated
645,Cloud,ON_AIR,curated/video,448,692462,192.35,2,src_be_a_better_dev src_techworld_nana,Be A Better Dev TechWorld with Nana,0.67,0.588,true,false,false,false,false,false,true,false,20,6,MEETS_TARGET,src_chm src_computerphile src_numberphile src_techworld_nana src_be_a_better_dev,,unclassified:448,,,NONE,,,,category business-tech; route SOURCE_ROUTED; source policy curated
646,Semiconductors,ON_AIR,curated/video,184,206917,57.48,1,src_asianometry,Asianometry,1,1,true,false,false,false,false,false,true,false,20,6,MEETS_TARGET,src_chm src_computerphile src_numberphile src_asianometry,,unclassified:184,,,NONE,,,,category business-tech; route SOURCE_ROUTED; source policy curated
647,Mobile,ON_AIR,curated/video,158,630977,175.27,1,src_chm,Computer History Museum,1,1,true,false,false,false,false,false,true,false,20,6,MEETS_TARGET,src_chm src_computerphile src_numberphile,,unclassified:158,,,NONE,,,,category business-tech; route SOURCE_ROUTED; source policy curated
648,Consumer Tech,ON_AIR,curated/video,8,34984,9.72,1,src_chm,Computer History Museum,1,1,true,false,false,false,false,false,true,false,20,6,BELOW_VIABLE,src_chm src_computerphile src_numberphile,,unclassified:8,,,BELOW_TARGET,8 programmes / 9.72 h against the LONGFORM target of 20 / 6 h.,,,category business-tech; route SOURCE_ROUTED; source policy curated
649,Tech Reviews,ON_AIR,curated/video,296,307449,85.4,1,src_mkbhd,Marques Brownlee,1,1,true,false,false,false,false,false,true,false,20,6,MEETS_TARGET,src_chm src_computerphile src_numberphile src_mkbhd,,unclassified:296,,,NONE,,,,category business-tech; route SOURCE_ROUTED; source policy curated
650,Engineering,ON_AIR,curated/video,264,212818,59.12,3,src_practical_engineering src_b1m src_royal_institution,Practical Engineering The B1M Royal Institution,0.545,0.54,true,false,false,false,false,false,true,false,20,6,MEETS_TARGET,src_practical_engineering src_b1m,,unclassified:264,1984,1987,NONE,,,,category business-tech; route SOURCE_ROUTED; source policy curated
651,Mechanical Engineering,ON_AIR,curated/video,43,43268,12.02,1,src_efficient_engineer,The Efficient Engineer,1,1,true,false,false,false,false,false,true,false,20,6,MEETS_TARGET,src_practical_engineering src_b1m src_efficient_engineer,,unclassified:43,,,NONE,,,,category business-tech; route SOURCE_ROUTED; source policy curated
652,Electrical Engineering,ON_AIR,curated/video,199,161629,44.9,1,src_electroboom,ElectroBOOM,1,1,true,false,false,false,false,false,true,false,20,6,MEETS_TARGET,src_practical_engineering src_b1m src_electroboom,,unclassified:199,,,NONE,,,,category business-tech; route SOURCE_ROUTED; source policy curated
653,Civil Engineering,ON_AIR,curated/video,15,22061,6.13,1,src_brick_immortar,Brick Immortar – Structural Failures,1,1,true,false,false,false,false,false,true,false,20,6,VIABLE_BELOW_TARGET,src_practical_engineering src_b1m src_brick_immortar,,unclassified:15,,,BELOW_TARGET,15 programmes / 6.13 h against the LONGFORM target of 20 / 6 h.,,,category business-tech; route SOURCE_ROUTED; source policy curated
654,Chemical Engineering,ON_AIR,curated/video,34,123212,34.23,1,src_icheme,Institution of Chemical Engineers (IChemE),1,1,true,false,false,false,false,false,true,false,20,6,MEETS_TARGET,src_practical_engineering src_b1m src_icheme,,unclassified:34,,,NONE,,,,category business-tech; route SOURCE_ROUTED; source policy curated; film sources: 
655,Aerospace Engineering,UNAVAILABLE,curated/video,0,0,0,0,,,0,0,false,true,false,false,false,false,false,true,,,NOT_MEASURED_UNAVAILABLE,src_practical_engineering src_b1m,,,,,OFF_AIR_BY_POLICY,Excluded by network policy.,,,category business-tech; route SOURCE_ROUTED; source policy curated; status card OFF_AIR
656,Automotive Engineering,ON_AIR,curated/video,552,370422,102.9,4,src_practical_engineering src_hagerty src_motorweek src_b1m,Practical Engineering Hagerty MotorWeek The B1M,0.301,0.31,true,false,false,false,false,false,true,false,20,6,MEETS_TARGET,src_hagerty src_motorweek src_practical_engineering src_b1m,,unclassified:552,,,NONE,,,,category business-tech; route SOURCE_ROUTED; source policy curated
657,Marine Engineering,ON_AIR,curated/video,72,43537,12.09,1,src_chief_makoi,Chief MAKOi,1,1,true,false,false,false,false,false,true,false,20,6,MEETS_TARGET,src_practical_engineering src_b1m src_chief_makoi,,unclassified:72,,,NONE,,,,category business-tech; route SOURCE_ROUTED; source policy curated
658,Industrial Design,ON_AIR,curated/video,32,37503,10.42,1,src_design_museum,Design Museum,1,1,true,false,false,false,false,false,true,false,20,6,MEETS_TARGET,src_practical_engineering src_b1m src_design_museum,,unclassified:32,,,NONE,,,,category business-tech; route SOURCE_ROUTED; source policy curated
659,Product Design,ON_AIR,curated/video,275,181452,50.4,1,src_eric_strebel,Eric Strebel,1,1,true,false,false,false,false,false,true,false,20,6,MEETS_TARGET,src_eric_strebel,,unclassified:275,,,NONE,,,,category business-tech; route SOURCE_ROUTED; source policy curated
660,Architecture,ON_AIR,curated/video,113,73652,20.46,2,src_b1m src_nfb,The B1M National Film Board of Canada,0.991,0.988,true,false,false,false,false,false,true,false,20,6,MEETS_TARGET,src_practical_engineering src_b1m,,unclassified:113,,,NONE,,,,category business-tech; route SOURCE_ROUTED; source policy curated
661,Construction,ON_AIR,curated/video,16,19478,5.41,2,src_practical_engineering src_b1m,Practical Engineering The B1M,0.563,0.756,true,false,false,false,false,false,true,false,20,6,VIABLE_BELOW_TARGET,src_practical_engineering src_b1m,,unclassified:16,,,BELOW_TARGET,16 programmes / 5.41 h against the LONGFORM target of 20 / 6 h.,,,category business-tech; route SOURCE_ROUTED; source policy curated
662,Infrastructure,ON_AIR,curated/video,144,99394,27.61,10,src_practical_engineering src_hs2 src_brick_immortar src_road_guy_rob src_b1m src_engineering_rosie src_network_rail src_casual_navigation src_wendover src_city_beautiful,Practical Engineering HS2 Ltd Brick Immortar – Structural Failures Road Guy Rob The B1M Engineering with Rosie Network Rail Casual Navigation Wendover Productions City Beautiful,0.368,0.356,true,false,false,false,false,false,true,false,20,6,MEETS_TARGET,src_practical_engineering src_b1m,src_b1m src_brick_immortar src_casual_navigation src_city_beautiful src_engineering_rosie src_hs2 src_network_rail src_practical_engineering src_road_guy_rob src_wendover,unclassified:144,,,NONE,,,,category business-tech; route SOURCE_ROUTED; source policy curated; film sources: 
663,Megaprojects,ON_AIR,curated/video,194,175321,48.7,2,src_megaprojects src_the_build,Megaprojects The Build,0.686,0.814,true,false,false,false,false,false,true,false,20,6,MEETS_TARGET,src_practical_engineering src_b1m src_megaprojects src_the_build,,unclassified:194,,,NONE,,,,category business-tech; route SOURCE_ROUTED; source policy curated
664,Transport Technology,ON_AIR,curated/video,540,913560,253.77,4,src_chm src_practical_engineering src_computerphile src_b1m,Computer History Museum Practical Engineering Computerphile The B1M,0.293,0.691,true,false,false,false,false,false,true,false,20,6,MEETS_TARGET,src_chm src_computerphile src_numberphile src_practical_engineering src_b1m,,unclassified:540,,,NONE,,,,category business-tech; route SOURCE_ROUTED; source policy curated
665,Rail Technology,ON_AIR,curated/video,244,61940,17.21,1,src_hs2,HS2 Ltd,1,1,true,false,false,false,false,false,true,false,120,5,MEETS_TARGET,src_chm src_computerphile src_numberphile src_national_rail_scenic src_hs2,,unclassified:244,,,NONE,,,,category business-tech; route SOURCE_ROUTED; source policy curated
666,Aviation Technology,UNAVAILABLE,curated/video,0,0,0,0,,,0,0,false,true,false,false,false,false,false,true,,,NOT_MEASURED_UNAVAILABLE,src_chm src_computerphile src_numberphile,,,,,OFF_AIR_BY_POLICY,Excluded by network policy.,,,category business-tech; route SOURCE_ROUTED; source policy curated; status card OFF_AIR
667,Space Industry,UNAVAILABLE,curated/video,0,0,0,0,,,0,0,false,true,false,false,false,false,false,true,,,NOT_MEASURED_UNAVAILABLE,src_practical_engineering src_b1m,,,,,OFF_AIR_BY_POLICY,Excluded by network policy.,,,category business-tech; route EXCLUDED; source policy curated; status card OFF_AIR
668,Energy,ON_AIR,curated/video,144,114830,31.9,1,src_practical_engineering,Practical Engineering,1,1,true,false,false,false,false,false,true,false,20,6,MEETS_TARGET,src_practical_engineering src_b1m,,unclassified:144,,,NONE,,,,category business-tech; route SOURCE_ROUTED; source policy curated
669,Renewables,ON_AIR,curated/video,77,67417,18.73,1,src_engineering_rosie,Engineering with Rosie,1,1,true,false,false,false,false,false,true,false,20,6,MEETS_TARGET,src_practical_engineering src_b1m src_engineering_rosie,,unclassified:77,,,NONE,,,,category business-tech; route SOURCE_ROUTED; source policy curated
670,Automotive,ON_AIR,curated/video,296,182851,50.79,2,src_hagerty src_motorweek,Hagerty MotorWeek,0.561,0.6,true,false,false,false,false,false,true,false,20,6,MEETS_TARGET,src_hagerty src_motorweek,,unclassified:296,,,NONE,,,,category business-tech; route SOURCE_ROUTED; source policy curated
671,Cars,ON_AIR,curated/video,32,26451,7.35,2,src_hagerty src_motorweek,Hagerty MotorWeek,0.719,0.916,true,false,false,false,false,false,true,false,20,6,MEETS_TARGET,src_hagerty src_motorweek,,unclassified:32,,,NONE,,,,category business-tech; route SOURCE_ROUTED; source policy curated
672,Classic Cars,ON_AIR,curated/video,299,616316,171.2,1,src_jay_leno,Jay Leno's Garage,1,1,true,false,false,false,false,false,true,false,20,6,MEETS_TARGET,src_hagerty src_motorweek src_jay_leno,,unclassified:299,,,NONE,,,,category business-tech; route SOURCE_ROUTED; source policy curated
673,Electric Vehicles,ON_AIR,curated/video,166,73195,20.33,1,src_motorweek,MotorWeek,1,1,true,false,false,false,false,false,true,false,120,5,MEETS_TARGET,src_hagerty src_motorweek,,unclassified:166,,,NONE,,,,category business-tech; route SOURCE_ROUTED; source policy curated
674,Motorcycles,ON_AIR,curated/video,300,171480,47.63,1,src_fortnine,FortNine,1,1,true,false,false,false,false,false,true,false,20,6,MEETS_TARGET,src_hagerty src_motorweek src_fortnine,,unclassified:300,,,NONE,,,,category business-tech; route SOURCE_ROUTED; source policy curated
675,Trucks,ON_AIR,curated/video,20,26789,7.44,6,src_jay_leno src_hagerty src_defcon src_wendover src_huntley_transport src_chrisfix,Jay Leno's Garage Hagerty DEF CON Wendover Productions Huntley Film Archives – Transport ChrisFix – Car Care Basics,0.35,0.443,true,false,false,false,false,false,true,false,20,6,MEETS_TARGET,src_hagerty src_motorweek,src_defcon src_hagerty src_huntley_transport src_jay_leno src_wendover src_chrisfix,unclassified:20,,,NONE,,"imported 1.0.7: 1 routed, 1 in today's pool (0.3 h)",,category business-tech; route SOURCE_ROUTED; source policy curated; film sources: 
676,Aviation,UNAVAILABLE,curated/video,0,0,0,0,,,0,0,false,true,false,false,false,false,false,true,,,NOT_MEASURED_UNAVAILABLE,,,,,,OFF_AIR_BY_POLICY,Excluded by network policy.,,,category business-tech; route CURATED_AGGREGATE; source policy curated; status card OFF_AIR
677,Aircraft,UNAVAILABLE,curated/video,0,0,0,0,,,0,0,false,true,false,false,false,false,false,true,,,NOT_MEASURED_UNAVAILABLE,,,,,,OFF_AIR_BY_POLICY,Excluded by network policy.,,,category business-tech; route SOURCE_ROUTED; source policy curated; status card OFF_AIR
678,Railways,ON_AIR,curated/video,300,208447,57.9,1,src_jago_hazzard,Jago Hazzard,1,1,true,false,false,false,false,false,true,false,20,6,MEETS_TARGET,src_national_rail_scenic src_jago_hazzard,,unclassified:300,,,NONE,,,,category business-tech; route SOURCE_ROUTED; source policy curated
679,Trains,ON_AIR,curated/video,132,126586,35.16,1,src_nrm,National Railway Museum,1,1,true,false,false,false,false,false,true,false,20,6,MEETS_TARGET,src_national_rail_scenic src_nrm,,unclassified:132,,,NONE,,,,category business-tech; route SOURCE_ROUTED; source policy curated
680,Ships,THIN,curated/video,3,7845,2.18,2,src_time_team src_royal_institution,Time Team Official / Time Team Classics Royal Institution,0.667,0.739,true,false,false,false,false,true,false,false,20,6,BELOW_VIABLE,,,unclassified:3,,,NEEDS_DEPTH,2.18 h of distinct programming; the airing floor is 3 h.,,,category business-tech; route CURATED_AGGREGATE; source policy curated
681,Maritime,ON_AIR,curated/video,145,78941,21.93,1,src_casual_navigation,Casual Navigation,1,1,true,false,false,false,false,false,true,false,20,6,MEETS_TARGET,src_casual_navigation,,unclassified:145,,,NONE,,,,category business-tech; route SOURCE_ROUTED; source policy curated
682,Spaceflight,UNAVAILABLE,curated/video,0,0,0,0,,,0,0,false,true,false,false,false,false,false,true,,,NOT_MEASURED_UNAVAILABLE,,,,,,OFF_AIR_BY_POLICY,Excluded by network policy.,,,category business-tech; route EXCLUDED; source policy curated; status card OFF_AIR
683,Satellites,UNAVAILABLE,curated/video,0,0,0,0,,,0,0,false,true,false,false,false,false,false,true,,,NOT_MEASURED_UNAVAILABLE,,,,,,OFF_AIR_BY_POLICY,Excluded by network policy.,,,category business-tech; route EXCLUDED; source policy curated; status card OFF_AIR
684,Science Industry,ON_AIR,curated/video,638,1060032,294.45,5,src_royal_institution src_harvard_chan src_practical_engineering src_b1m src_numberphile,Royal Institution Harvard T.H. Chan School of Public Health Practical Engineering The B1M Numberphile,0.356,0.674,true,false,false,false,false,false,true,false,20,6,MEETS_TARGET,src_chm src_computerphile src_numberphile src_practical_engineering src_b1m,,unclassified:638,1968,2017,NONE,,,,category business-tech; route SOURCE_ROUTED; source policy curated
685,Future Tech,ON_AIR,curated/video,135,351246,97.57,3,src_royal_society_future src_long_now src_ieee_spectrum,The Royal Society – Future Technology The Long Now Foundation – Future Technology IEEE Spectrum,0.4,0.511,true,false,false,false,false,false,true,false,20,6,MEETS_TARGET,src_chm src_computerphile src_numberphile src_practical_engineering src_b1m src_ieee_spectrum src_long_now src_royal_society_future,,unclassified:135,,,NONE,,,,category business-tech; route SOURCE_ROUTED; source policy curated; film sources: 
686,Inventions,ON_AIR,curated/video,68,25111,6.98,3,src_henry_ford src_science_museum src_nihf,The Henry Ford – Inventions Science Museum – Inventions National Inventors Hall of Fame,0.794,0.616,true,false,false,false,false,false,true,false,120,5,VIABLE_BELOW_TARGET,src_chm src_computerphile src_numberphile src_practical_engineering src_b1m src_henry_ford src_nihf src_science_museum,,unclassified:68,,,BELOW_TARGET,68 programmes / 6.98 h against the SHORT_FORM target of 120 / 5 h.,,,category business-tech; route SOURCE_ROUTED; source policy curated; film sources: 
687,Makers,ON_AIR,curated/video,137,178935,49.7,2,src_red_green src_missouri_star,The Red Green Show Missouri Star Quilt Company,0.628,0.738,true,false,false,false,false,false,true,false,20,6,MEETS_TARGET,,,unclassified:137,1991,2005,NONE,,,,category business-tech; route SOURCE_ROUTED; source policy curated
688,Workshop,ON_AIR,curated/video,1061,1211048,336.4,4,src_jimmy_diresta src_laura_kampf src_paul_sellers src_steve_ramsey,Jimmy DiResta Laura Kampf Paul Sellers Steve Ramsey – Woodworking for Mere Mortals,0.283,0.301,true,false,false,false,false,false,true,false,20,6,MEETS_TARGET,src_paul_sellers src_steve_ramsey src_jimmy_diresta src_laura_kampf,,unclassified:1061,,,NONE,,,,category business-tech; route SOURCE_ROUTED; source policy curated; film sources: 
689,Tech History,ON_AIR,curated/video,48,301606,83.78,2,src_chm src_computerphile,Computer History Museum Computerphile,0.958,0.995,true,false,false,false,false,false,true,false,20,6,MEETS_TARGET,src_chm src_computerphile src_numberphile,,unclassified:48,,,NONE,,,,category business-tech; route SOURCE_ROUTED; source policy curated
690,Digital Culture,ON_AIR,curated/video,619,2688032,746.68,4,src_berkman_klein src_oii src_folding_ideas src_internet_historian,Berkman Klein Center for Internet & Society Oxford Internet Institute Folding Ideas – Digital Culture Internet Historian,0.485,0.508,true,false,false,false,false,false,true,false,20,6,MEETS_TARGET,src_chm src_computerphile src_numberphile src_oii src_berkman_klein src_internet_historian src_folding_ideas,,unclassified:619,,,NONE,,,,category business-tech; route SOURCE_ROUTED; source policy curated; film sources: 
691,Tech Interviews,ON_AIR,curated/video,350,2984670,829.08,3,src_chm_interviews src_dwarkesh src_cch,Computer History Museum – Oral Histories and Conversations Dwarkesh Patel – Technology Interviews The Centre for Computing History – Conversations,0.857,0.908,true,false,false,false,false,false,true,false,20,6,MEETS_TARGET,src_chm src_computerphile src_numberphile src_chm_interviews src_dwarkesh src_cch,,unclassified:350,,,NONE,,,,category business-tech; route SOURCE_ROUTED; source policy curated; film sources: 
692,Founder Stories,ON_AIR,curated/video,34,53818,14.95,6,src_nfb src_royal_institution src_rick_steves src_time_team src_sky_history_uk src_harvard_chan,National Film Board of Canada Royal Institution Rick Steves' Europe Time Team Official / Time Team Classics Sky HISTORY UK Harvard T.H. Chan School of Public Health,0.441,0.656,true,false,false,false,false,false,true,false,20,6,MEETS_TARGET,,,unclassified:34,,,NONE,,,,category business-tech; route CURATED_AGGREGATE; source policy curated
693,Company Stories,ON_AIR,curated/video,81,168243,46.73,1,src_modern_mba,Modern MBA,1,1,true,false,false,false,false,false,true,false,20,6,MEETS_TARGET,src_modern_mba,,unclassified:81,,,NONE,,,,category business-tech; route SOURCE_ROUTED; source policy curated
694,Market History,ON_AIR,curated/video,16,27040,7.51,1,src_patrick_boyle,Patrick Boyle – Market History,1,1,true,false,false,false,false,false,true,false,20,6,VIABLE_BELOW_TARGET,src_patrick_boyle,,unclassified:16,,,BELOW_TARGET,16 programmes / 7.51 h against the LONGFORM target of 20 / 6 h.,,,category business-tech; route SOURCE_ROUTED; source policy curated
695,Economic Ideas,ON_AIR,curated/video,9,20430,5.68,6,src_chm src_gresham_medicine src_harvard_chan src_nfb src_missouri_star src_bh_photo,Computer History Museum Gresham College – History of Medicine Harvard T.H. Chan School of Public Health National Film Board of Canada Missouri Star Quilt Company B&H Photo Video Event Space,0.222,0.42,true,false,false,false,false,false,true,false,20,6,BELOW_VIABLE,src_chm src_computerphile src_numberphile,src_gresham_medicine,unclassified:9,,,BELOW_TARGET,9 programmes / 5.68 h against the LONGFORM target of 20 / 6 h.,"imported 1.0.7: 2 routed, 2 in today's pool (1.74 h)","editorial: 0 held, 1 rejected",category business-tech; route CURATED_AGGREGATE; source policy curated
696,Work,THIN,curated/video,4,6782,1.88,3,src_royal_institution src_nfb src_bbc_archive,Royal Institution National Film Board of Canada BBC Archive,0.5,0.475,true,false,false,false,false,true,false,false,20,6,BELOW_VIABLE,,src_bbc_archive,unclassified:4,,,NEEDS_DEPTH,1.88 h of distinct programming; the airing floor is 3 h.,"imported 1.0.7: 1 routed, 1 in today's pool (0.33 h)",,category business-tech; route CURATED_AGGREGATE; source policy curated
697,Careers,ON_AIR,curated/video,81,114536,31.82,9,src_hbr src_alex_the_analyst src_techworld_nana src_cnbc_make_it src_ycombinator src_ted src_networkchuck src_two_cents src_be_a_better_dev,Harvard Business Review Alex The Analyst TechWorld with Nana CNBC Make It Y Combinator TED NetworkChuck Two Cents Be A Better Dev,0.531,0.486,true,false,false,false,false,false,true,false,20,6,MEETS_TARGET,,src_alex_the_analyst src_be_a_better_dev src_cnbc_make_it src_hbr src_networkchuck src_techworld_nana src_ted src_two_cents src_ycombinator,unclassified:81,,,NONE,,,,category business-tech; route SOURCE_ROUTED; source policy curated; film sources: 
698,Productivity,ON_AIR,curated/video,147,190149,52.82,1,src_ali_abdaal,Ali Abdaal,1,1,true,false,false,false,false,false,true,false,20,6,MEETS_TARGET,src_ali_abdaal,,unclassified:147,,,NONE,,,,category business-tech; route CURATED_AGGREGATE; source policy curated
699,Business Extra,UNAVAILABLE,curated/video,0,0,0,0,,,0,0,false,true,false,false,false,false,false,true,,,NOT_MEASURED_UNAVAILABLE,,,,,,OFF_AIR_BY_POLICY,Business Extra would repeat 600 Business; no distinct format.,,,category business-tech; route SOURCE_ROUTED; source policy curated; status card INTENTIONALLY_UNAVAILABLE → 600
700,Food,ON_AIR,curated/video,228,157607,43.78,2,src_atk src_rick_steves,America's Test Kitchen Rick Steves' Europe,0.974,0.995,true,false,false,false,false,false,true,false,20,6,MEETS_TARGET,,,unclassified:228,,,NONE,,,,category lifestyle; route SOURCE_ROUTED; source policy curated
701,Cooking,ON_AIR,curated/video,300,766607,212.95,1,src_jamie_oliver,Jamie Oliver,1,1,true,false,false,false,false,false,true,false,20,6,MEETS_TARGET,src_jamie_oliver,,unclassified:300,,,NONE,,,,category lifestyle; route SOURCE_ROUTED; source policy curated
702,Home Cooking,ON_AIR,curated/video,27,19966,5.55,1,src_atk,America's Test Kitchen,1,1,true,false,false,false,false,false,true,false,20,6,VIABLE_BELOW_TARGET,,,unclassified:27,,,BELOW_TARGET,27 programmes / 5.55 h against the LONGFORM target of 20 / 6 h.,,,category lifestyle; route SOURCE_ROUTED; source policy curated
703,World Food,ON_AIR,curated/video,299,650783,180.77,1,src_best_ever_food,Best Ever Food Review Show,1,1,true,false,false,false,false,false,true,false,20,6,MEETS_TARGET,src_best_ever_food,,unclassified:299,,,NONE,,,,category lifestyle; route SOURCE_ROUTED; source policy curated
704,British Food,ON_AIR,curated/video,298,134111,37.25,1,src_great_british_chefs,Great British Chefs,1,1,true,false,false,false,false,false,true,false,20,6,MEETS_TARGET,src_great_british_chefs,,unclassified:298,,,NONE,,,,category lifestyle; route SOURCE_ROUTED; source policy curated
705,European Food,ON_AIR,curated/video,300,183034,50.84,1,src_pasta_grannies,Pasta Grannies,1,1,true,false,false,false,false,false,true,false,20,6,MEETS_TARGET,src_pasta_grannies,,unclassified:300,,,NONE,,,,category lifestyle; route SOURCE_ROUTED; source policy curated
706,Asian Food,ON_AIR,curated/video,211,200134,55.59,1,src_made_with_lau,Made With Lau,1,1,true,false,false,false,false,false,true,false,20,6,MEETS_TARGET,src_made_with_lau,,unclassified:211,,,NONE,,,,category lifestyle; route SOURCE_ROUTED; source policy curated
707,African Food,ON_AIR,curated/video,300,213016,59.17,1,src_flo_chinyere,Flo Chinyere,1,1,true,false,false,false,false,false,true,false,20,6,MEETS_TARGET,src_flo_chinyere,,unclassified:300,,,NONE,,,,category lifestyle; route SOURCE_ROUTED; source policy curated
708,American Food,ON_AIR,curated/video,300,408191,113.39,1,src_sam_the_cooking_guy,Sam the Cooking Guy,1,1,true,false,false,false,false,false,true,false,20,6,MEETS_TARGET,src_sam_the_cooking_guy,,unclassified:300,,,NONE,,,,category lifestyle; route SOURCE_ROUTED; source policy curated
709,Latin Food,ON_AIR,curated/video,300,427472,118.74,1,src_rick_bayless,Rick Bayless,1,1,true,false,false,false,false,false,true,false,20,6,MEETS_TARGET,src_rick_bayless,,unclassified:300,,,NONE,,,,category lifestyle; route SOURCE_ROUTED; source policy curated
710,Street Food,ON_AIR,curated/video,300,859581,238.77,1,src_mark_wiens,Mark Wiens,1,1,true,false,false,false,false,false,true,false,20,6,MEETS_TARGET,src_mark_wiens,,unclassified:300,,,NONE,,,,category lifestyle; route SOURCE_ROUTED; source policy curated
711,Baking,ON_AIR,curated/video,300,242675,67.41,1,src_preppy_kitchen,Preppy Kitchen,1,1,true,false,false,false,false,false,true,false,20,6,MEETS_TARGET,src_preppy_kitchen,,unclassified:300,,,NONE,,,,category lifestyle; route SOURCE_ROUTED; source policy curated
712,Bread,ON_AIR,curated/video,242,181488,50.41,1,src_bake_with_jack,Bake with Jack,1,1,true,false,false,false,false,false,true,false,20,6,MEETS_TARGET,src_bake_with_jack,,unclassified:242,,,NONE,,,,category lifestyle; route SOURCE_ROUTED; source policy curated
713,Desserts,ON_AIR,curated/video,175,157028,43.62,1,src_sugar_geek,Sugar Geek Show,1,1,true,false,false,false,false,false,true,false,20,6,MEETS_TARGET,src_sugar_geek,,unclassified:175,,,NONE,,,,category lifestyle; route SOURCE_ROUTED; source policy curated
714,Vegetarian,ON_AIR,curated/video,300,144988,40.27,1,src_manjulas_kitchen,Manjula's Kitchen,1,1,true,false,false,false,false,false,true,false,20,6,MEETS_TARGET,src_manjulas_kitchen,,unclassified:300,,,NONE,,,,category lifestyle; route SOURCE_ROUTED; source policy curated
715,Vegan,ON_AIR,curated/video,205,171674,47.69,1,src_rainbow_plant_life,Rainbow Plant Life,1,1,true,false,false,false,false,false,true,false,20,6,MEETS_TARGET,src_rainbow_plant_life,,unclassified:205,,,NONE,,,,category lifestyle; route SOURCE_ROUTED; source policy curated
716,Barbecue,ON_AIR,curated/video,300,332111,92.25,1,src_chuds_bbq,Chuds BBQ,1,1,true,false,false,false,false,false,true,false,20,6,MEETS_TARGET,src_chuds_bbq,,unclassified:300,,,NONE,,,,category lifestyle; route SOURCE_ROUTED; source policy curated
717,Seafood,ON_AIR,curated/video,205,186262,51.74,16,src_chef_jean_pierre src_great_british_chefs src_rick_bayless src_made_with_lau src_eater src_sam_the_cooking_guy src_kenji src_jamie_oliver src_dianxi_xiaoge src_chuds_bbq src_atk src_adam_ragusea src_pasta_grannies src_tasting_history src_flo_chinyere src_li_ziqi,Chef Jean-Pierre Great British Chefs Rick Bayless Made With Lau Eater Sam the Cooking Guy J. Kenji López-Alt Jamie Oliver Dianxi Xiaoge Chuds BBQ America's Test Kitchen Adam Ragusea Pasta Grannies Tasting History with Max Miller Flo Chinyere Li Ziqi,0.312,0.165,true,false,false,false,false,false,true,false,20,6,MEETS_TARGET,,src_adam_ragusea src_atk src_chef_jean_pierre src_chuds_bbq src_dianxi_xiaoge src_eater src_flo_chinyere src_great_british_chefs src_jamie_oliver src_kenji src_li_ziqi src_made_with_lau src_pasta_grannies src_rick_bayless src_sam_the_cooking_guy src_tasting_history,unclassified:205,,,NONE,,,,category lifestyle; route SOURCE_ROUTED; source policy curated; film sources: 
718,Food Science,ON_AIR,curated/video,300,538848,149.68,1,src_adam_ragusea,Adam Ragusea,1,1,true,false,false,false,false,false,true,false,20,6,MEETS_TARGET,src_chm src_computerphile src_numberphile src_adam_ragusea,,unclassified:300,,,NONE,,,,category lifestyle; route SOURCE_ROUTED; source policy curated
719,Food History,ON_AIR,curated/video,298,388034,107.79,1,src_tasting_history,Tasting History with Max Miller,1,1,true,false,false,false,false,false,true,false,20,6,MEETS_TARGET,src_tasting_history,,unclassified:298,,,NONE,,,,category lifestyle; route SOURCE_ROUTED; source policy curated
720,Restaurants,ON_AIR,curated/video,300,309433,85.95,1,src_eater,Eater,1,1,true,false,false,false,false,false,true,false,20,6,MEETS_TARGET,src_eater,,unclassified:300,,,NONE,,,,category lifestyle; route SOURCE_ROUTED; source policy curated
721,Chefs,ON_AIR,curated/video,300,442099,122.81,1,src_chef_jean_pierre,Chef Jean-Pierre,1,1,true,false,false,false,false,false,true,false,20,6,MEETS_TARGET,src_chef_jean_pierre,,unclassified:300,,,NONE,,,,category lifestyle; route SOURCE_ROUTED; source policy curated
722,Kitchen Skills,ON_AIR,curated/video,43,49403,13.72,1,src_atk,America's Test Kitchen,1,1,true,false,false,false,false,false,true,false,20,6,MEETS_TARGET,,,unclassified:43,,,NONE,,,,category lifestyle; route SOURCE_ROUTED; source policy curated
723,Budget Cooking,ON_AIR,curated/video,146,53780,14.94,3,src_weissman_budget src_budget_bytes src_miguel_barclay,Joshua Weissman – But Cheaper Budget Bytes Miguel Barclay – One Pound Meals,0.39,0.605,true,false,false,false,false,false,true,false,120,5,MEETS_TARGET,src_budget_bytes src_miguel_barclay src_weissman_budget,,unclassified:146,,,NONE,,,,category lifestyle; route SOURCE_ROUTED; source policy curated
724,Quick Meals,ON_AIR,curated/video,300,368802,102.45,1,src_kenji,J. Kenji López-Alt,1,1,true,false,false,false,false,false,true,false,20,6,MEETS_TARGET,src_kenji,,unclassified:300,,,NONE,,,,category lifestyle; route SOURCE_ROUTED; source policy curated
725,Slow Cooking,ON_AIR,curated/video,188,183661,51.02,16,src_chuds_bbq src_chef_jean_pierre src_kenji src_sam_the_cooking_guy src_flo_chinyere src_rick_bayless src_tasting_history src_pasta_grannies src_eater src_atk src_great_british_chefs src_adam_ragusea src_made_with_lau src_jamie_oliver src_rainbow_plant_life src_li_ziqi,Chuds BBQ Chef Jean-Pierre J. Kenji López-Alt Sam the Cooking Guy Flo Chinyere Rick Bayless Tasting History with Max Miller Pasta Grannies Eater America's Test Kitchen Great British Chefs Adam Ragusea Made With Lau Jamie Oliver Rainbow Plant Life Li Ziqi,0.213,0.233,true,false,false,false,false,false,true,false,20,6,MEETS_TARGET,,src_adam_ragusea src_atk src_chef_jean_pierre src_chuds_bbq src_eater src_flo_chinyere src_great_british_chefs src_jamie_oliver src_kenji src_li_ziqi src_made_with_lau src_pasta_grannies src_rainbow_plant_life src_rick_bayless src_sam_the_cooking_guy src_tasting_history,unclassified:188,,,NONE,,,,category lifestyle; route SOURCE_ROUTED; source policy curated; film sources: 
726,Regional Food,ON_AIR,curated/video,159,120096,33.36,9,src_pasta_grannies src_rick_bayless src_made_with_lau src_manjulas_kitchen src_kenji src_jamie_oliver src_great_british_chefs src_eater src_tasting_history,Pasta Grannies Rick Bayless Made With Lau Manjula's Kitchen J. Kenji López-Alt Jamie Oliver Great British Chefs Eater Tasting History with Max Miller,0.616,0.494,true,false,false,false,false,false,true,false,20,6,MEETS_TARGET,,src_eater src_great_british_chefs src_jamie_oliver src_kenji src_made_with_lau src_manjulas_kitchen src_pasta_grannies src_rick_bayless src_tasting_history,unclassified:159,,,NONE,,,,category lifestyle; route SOURCE_ROUTED; source policy curated; film sources: 
727,Drinks,ON_AIR,curated/video,299,694450,192.9,1,src_how_to_drink,How To Drink,1,1,true,false,false,false,false,false,true,false,20,6,MEETS_TARGET,src_how_to_drink,,unclassified:299,,,NONE,,,,category lifestyle; route SOURCE_ROUTED; source policy curated
728,Coffee & Tea,ON_AIR,curated/video,300,300751,83.54,1,src_james_hoffmann,James Hoffmann,1,1,true,false,false,false,false,false,true,false,20,6,MEETS_TARGET,src_james_hoffmann,,unclassified:300,,,NONE,,,,category lifestyle; route SOURCE_ROUTED; source policy curated
729,Food Extra,UNAVAILABLE,curated/video,0,0,0,0,,,0,0,false,true,false,false,false,false,false,true,,,NOT_MEASURED_UNAVAILABLE,,,,,,OFF_AIR_BY_POLICY,Overflow slot of the food family; 700 Food carries the identity.,,,category lifestyle; route SOURCE_ROUTED; source policy curated; status card INTENTIONALLY_UNAVAILABLE → 700
730,Health,ON_AIR,curated/video,430,953373,264.83,4,src_royal_institution src_harvard_chan src_yoga_adriene src_hasfit,Royal Institution Harvard T.H. Chan School of Public Health Yoga With Adriene HASfit,0.528,0.75,true,false,false,false,false,false,true,false,20,6,MEETS_TARGET,src_hasfit src_yoga_adriene,,unclassified:430,1968,2017,NONE,,,,category lifestyle; route SOURCE_ROUTED; source policy curated
731,Health Science,ON_AIR,curated/video,66,118279,32.86,4,src_royal_institution src_harvard_chan src_yoga_adriene src_hasfit,Royal Institution Harvard T.H. Chan School of Public Health Yoga With Adriene HASfit,0.47,0.665,true,false,false,false,false,false,true,false,20,6,MEETS_TARGET,src_hasfit src_yoga_adriene src_chm src_computerphile src_numberphile,,unclassified:66,,,NONE,,,,category lifestyle; route SOURCE_ROUTED; source policy curated
732,Fitness,ON_AIR,curated/video,900,1803913,501.09,3,src_fitness_blender src_ps_fit src_body_coach,Fitness Blender PS Fit (POPSUGAR Fitness) The Body Coach TV,0.333,0.378,true,false,false,false,false,false,true,false,20,6,MEETS_TARGET,src_hasfit src_yoga_adriene src_fitness_blender src_body_coach src_ps_fit,,unclassified:900,,,NONE,,,,category lifestyle; route SOURCE_ROUTED; source policy curated
733,Strength & Conditioning,ON_AIR,curated/video,8,14401,4,2,src_hasfit src_yoga_adriene,HASfit Yoga With Adriene,0.5,0.502,true,false,false,false,false,false,true,false,20,6,BELOW_VIABLE,src_hasfit src_yoga_adriene,,unclassified:8,,,BELOW_TARGET,8 programmes / 4 h against the LONGFORM target of 20 / 6 h.,,,category lifestyle; route SOURCE_ROUTED; source policy curated
734,Cardio,ON_AIR,curated/video,495,899809,249.95,2,src_heather_robertson src_madfit,Heather Robertson MadFit,0.606,0.751,true,false,false,false,false,false,true,false,20,6,MEETS_TARGET,src_hasfit src_yoga_adriene src_madfit src_heather_robertson,,unclassified:495,,,NONE,,,,category lifestyle; route SOURCE_ROUTED; source policy curated
735,Mobility,ON_AIR,curated/video,233,238785,66.33,1,src_tom_merrick,Tom Merrick,1,1,true,false,false,false,false,false,true,false,20,6,MEETS_TARGET,src_hasfit src_yoga_adriene src_tom_merrick,,unclassified:233,,,NONE,,,,category lifestyle; route SOURCE_ROUTED; source policy curated
736,Yoga,ON_AIR,curated/video,38,53880,14.97,2,src_yoga_adriene src_hasfit,Yoga With Adriene HASfit,0.947,0.964,true,false,false,false,false,false,true,false,20,6,MEETS_TARGET,src_hasfit src_yoga_adriene,,unclassified:38,,,NONE,,,,category lifestyle; route SOURCE_ROUTED; source policy curated
737,Pilates,ON_AIR,curated/video,186,335963,93.32,1,src_move_with_nicole,Move With Nicole,1,1,true,false,false,false,false,false,true,false,20,6,MEETS_TARGET,src_hasfit src_yoga_adriene src_move_with_nicole,,unclassified:186,,,NONE,,,,category lifestyle; route SOURCE_ROUTED; source policy curated
738,Walking,ON_AIR,curated/video,40,83902,23.31,1,src_grow_with_jo,growwithjo,1,1,true,false,false,false,false,false,true,false,20,6,MEETS_TARGET,src_hasfit src_yoga_adriene src_grow_with_jo,,unclassified:40,,,NONE,,,,category lifestyle; route SOURCE_ROUTED; source policy curated
739,Running Life,ON_AIR,curated/video,300,564382,156.77,1,src_running_channel,The Running Channel,1,1,true,false,false,false,false,false,true,false,20,6,MEETS_TARGET,src_hasfit src_yoga_adriene src_running_channel,,unclassified:300,,,NONE,,,,category lifestyle; route SOURCE_ROUTED; source policy curated
740,Nutrition,ON_AIR,curated/video,300,327625,91.01,1,src_nutrition_made_simple,Nutrition Made Simple!,1,1,true,false,false,false,false,false,true,false,20,6,MEETS_TARGET,src_nutrition_made_simple,,unclassified:300,,,NONE,,,,category lifestyle; route SOURCE_ROUTED; source policy curated
741,Sleep,ON_AIR,curated/video,154,195709,54.36,2,src_harvard_chan src_yoga_adriene,Harvard T.H. Chan School of Public Health Yoga With Adriene,0.675,0.647,true,false,false,false,false,false,true,false,20,6,MEETS_TARGET,src_hasfit src_yoga_adriene,,unclassified:154,,,NONE,,,,category lifestyle; route SOURCE_ROUTED; source policy curated
742,Wellbeing,ON_AIR,curated/video,300,199509,55.42,1,src_tracey_marks,Dr. Tracey Marks,1,1,true,false,false,false,false,false,true,false,20,6,MEETS_TARGET,src_hasfit src_yoga_adriene src_tracey_marks,,unclassified:300,,,NONE,,,,category lifestyle; route SOURCE_ROUTED; source policy curated
743,Mindfulness,ON_AIR,curated/video,170,138926,38.59,1,src_headspace,Headspace,1,1,true,false,false,false,false,false,true,false,20,6,MEETS_TARGET,src_hasfit src_yoga_adriene src_headspace,,unclassified:170,,,NONE,,,,category lifestyle; route SOURCE_ROUTED; source policy curated
744,Healthy Ageing,ON_AIR,curated/video,81,76966,21.38,1,src_brad_stanfield,Dr Brad Stanfield,1,1,true,false,false,false,false,false,true,false,20,6,MEETS_TARGET,src_hasfit src_yoga_adriene src_brad_stanfield,,unclassified:81,,,NONE,,,,category lifestyle; route SOURCE_ROUTED; source policy curated
745,Public Health,ON_AIR,curated/video,38,44718,12.42,4,src_harvard_chan src_royal_institution src_yoga_adriene src_hasfit,Harvard T.H. Chan School of Public Health Royal Institution Yoga With Adriene HASfit,0.816,0.833,true,false,false,false,false,false,true,false,120,5,BELOW_VIABLE,src_hasfit src_yoga_adriene,,unclassified:38,,,BELOW_TARGET,38 programmes / 12.42 h against the SHORT_FORM target of 120 / 5 h. Generation 3 candidates held by editorial or code decisions.,,"editorial: 13 held, 4 rejected; code-blocked: 11 LEGITIMATE_BOUNDED_REUSE (not implemented)",category lifestyle; route SOURCE_ROUTED; source policy curated
746,Medical History,ON_AIR,curated/video,5,17000,4.72,1,src_gresham_medicine,Gresham College – History of Medicine,1,1,true,false,false,false,false,false,true,false,20,6,BELOW_VIABLE,src_gresham_medicine,,unclassified:5,,,BELOW_TARGET,5 programmes / 4.72 h against the LONGFORM target of 20 / 6 h.,"imported 1.0.7: 1 routed, 1 in today's pool (0.97 h)",,category lifestyle; route SOURCE_ROUTED; source policy curated
747,Anatomy,ON_AIR,curated/video,536,349198,97,3,src_kenhub src_anatomyzone src_ninja_nerd_anatomy,Kenhub AnatomyZone Ninja Nerd – Anatomy,0.56,0.503,true,false,false,false,false,false,true,false,20,6,MEETS_TARGET,src_ninja_nerd_anatomy src_kenhub src_anatomyzone,,unclassified:536,,,NONE,,,,category lifestyle; route SOURCE_ROUTED; source policy curated
748,Physiology,ON_AIR,curated/video,244,140987,39.16,4,src_khan_medicine_physiology src_armando_physiology src_ninja_nerd_physiology src_osmosis_physiology,Khan Academy Medicine – Physiology Armando Hasudungan – Physiology Ninja Nerd – Physiology Osmosis – Physiology,0.713,0.674,true,false,false,false,false,false,true,false,20,6,MEETS_TARGET,src_ninja_nerd_physiology src_armando_physiology src_osmosis_physiology src_khan_medicine_physiology,,unclassified:244,,,NONE,,,,category lifestyle; route SOURCE_ROUTED; source policy curated
749,Health Documentary,ON_AIR,curated/video,43,111109,30.86,5,src_cna_insider src_dw_documentary src_abc_news_indepth src_frontline src_cnbc_documentary,CNA Insider DW Documentary ABC News In-depth FRONTLINE PBS CNBC – Documentaries,0.326,0.304,true,false,false,false,false,false,true,false,20,6,MEETS_TARGET,src_hasfit src_yoga_adriene,src_abc_news_indepth src_cna_insider src_cnbc_documentary src_dw_documentary src_frontline,unclassified:43,,,NONE,,,,category lifestyle; route SOURCE_ROUTED; source policy curated; film sources: 
750,Home,ON_AIR,curated/video,129,162064,45.02,2,src_bh_photo src_missouri_star,B&H Photo Video Event Space Missouri Star Quilt Company,0.605,0.711,true,false,false,false,false,false,true,false,20,6,MEETS_TARGET,,,unclassified:129,,,NONE,,,,category lifestyle; route SOURCE_ROUTED; source policy curated
751,Interior Design,ON_AIR,curated/video,299,325358,90.38,1,src_architectural_digest,Architectural Digest,1,1,true,false,false,false,false,false,true,false,20,6,MEETS_TARGET,src_architectural_digest,,unclassified:299,,,NONE,,,,category lifestyle; route SOURCE_ROUTED; source policy curated
752,Architecture at Home,THIN,curated/video,1,911,0.25,1,src_nfb,National Film Board of Canada,1,1,true,false,false,false,false,true,false,false,20,6,BELOW_VIABLE,src_practical_engineering src_b1m,,unclassified:1,,,NEEDS_DEPTH,0.25 h of distinct programming; the airing floor is 3 h.,,,category lifestyle; route SOURCE_ROUTED; source policy curated
753,DIY,ON_AIR,curated/video,300,548260,152.29,1,src_this_old_house,This Old House,1,1,true,false,false,false,false,false,true,false,20,6,MEETS_TARGET,src_this_old_house,,unclassified:300,,,NONE,,,,category lifestyle; route SOURCE_ROUTED; source policy curated
754,Repairs,ON_AIR,curated/video,119,361510,100.42,1,src_home_renovision,Home RenoVision DIY,1,1,true,false,false,false,false,false,true,false,20,6,MEETS_TARGET,src_home_renovision,,unclassified:119,,,NONE,,,,category lifestyle; route SOURCE_ROUTED; source policy curated
755,Woodworking,ON_AIR,curated/video,290,231207,64.22,1,src_stumpy_nubs,Stumpy Nubs,1,1,true,false,false,false,false,false,true,false,20,6,MEETS_TARGET,src_stumpy_nubs,,unclassified:290,,,NONE,,,,category lifestyle; route SOURCE_ROUTED; source policy curated
756,Metalworking,ON_AIR,curated/video,131,167492,46.53,1,src_blondihacks,Blondihacks,1,1,true,false,false,false,false,false,true,false,20,6,MEETS_TARGET,src_blondihacks,,unclassified:131,,,NONE,,,,category lifestyle; route SOURCE_ROUTED; source policy curated
757,Craft,ON_AIR,curated/video,51,46862,13.02,1,src_missouri_star,Missouri Star Quilt Company,1,1,true,false,false,false,false,false,true,false,20,6,MEETS_TARGET,,,unclassified:51,,,NONE,,,,category lifestyle; route SOURCE_ROUTED; source policy curated
758,Sewing,ON_AIR,curated/video,165,227514,63.2,1,src_bernadette_banner,Bernadette Banner,1,1,true,false,false,false,false,false,true,false,20,6,MEETS_TARGET,src_bernadette_banner,,unclassified:165,,,NONE,,,,category lifestyle; route SOURCE_ROUTED; source policy curated
759,Knitting,ON_AIR,curated/video,300,292809,81.34,1,src_verypink_knits,VeryPink Knits,1,1,true,false,false,false,false,false,true,false,20,6,MEETS_TARGET,src_verypink_knits,,unclassified:300,,,NONE,,,,category lifestyle; route SOURCE_ROUTED; source policy curated
760,Garden,ON_AIR,curated/video,300,199023,55.28,1,src_rhs,Royal Horticultural Society,1,1,true,false,false,false,false,false,true,false,120,5,MEETS_TARGET,,,unclassified:300,,,NONE,,,,category lifestyle; route SOURCE_ROUTED; source policy curated
761,Gardening,ON_AIR,curated/video,28,34162,9.49,1,src_rhs,Royal Horticultural Society,1,1,true,false,false,false,false,false,true,false,20,6,MEETS_TARGET,,,unclassified:28,,,NONE,,,,category lifestyle; route SOURCE_ROUTED; source policy curated
762,Plants,ON_AIR,curated/video,43,20967,5.82,1,src_rhs,Royal Horticultural Society,1,1,true,false,false,false,false,false,true,false,20,6,VIABLE_BELOW_TARGET,,,unclassified:43,,,BELOW_TARGET,43 programmes / 5.82 h against the LONGFORM target of 20 / 6 h.,,,category lifestyle; route SOURCE_ROUTED; source policy curated
763,Allotments,ON_AIR,curated/video,300,319904,88.86,1,src_huw_richards,Huw Richards,1,1,true,false,false,false,false,false,true,false,20,6,MEETS_TARGET,src_huw_richards,,unclassified:300,,,NONE,,,,category lifestyle; route SOURCE_ROUTED; source policy curated
764,Landscape,ON_AIR,curated/video,113,372659,103.52,8,src_nature_relaxation_films src_rail_relaxation src_free_documentary_nature src_kraig_adams src_national_rail_scenic src_terra_mater src_relaxation_film src_balu_nature,Nature Relaxation Films Rail Relaxation Free Documentary – Nature Kraig Adams National Rail Scenic Railway Journeys Terra Mater Relaxation Film Balu – Relaxing Nature in 4K,0.292,0.331,true,false,false,false,false,false,true,false,20,6,MEETS_TARGET,src_national_rail_scenic,src_balu_nature src_free_documentary_nature src_kraig_adams src_national_rail_scenic src_nature_relaxation_films src_rail_relaxation src_relaxation_film src_terra_mater,unclassified:113,,,NONE,,,,category lifestyle; route SOURCE_ROUTED; source policy curated; film sources: 
765,Home Restoration,ON_AIR,curated/video,272,382797,106.33,3,src_belgrave_villa src_restoring_number_four src_chateau_diaries,Belgrave Villa Renovation Restoring Number Four The Chateau Diaries,0.412,0.445,true,false,false,false,false,false,true,false,20,6,MEETS_TARGET,src_belgrave_villa src_restoring_number_four src_chateau_diaries,,unclassified:272,,,NONE,,,,category lifestyle; route SOURCE_ROUTED; source policy curated
766,Tiny Homes,ON_AIR,curated/video,300,224621,62.39,1,src_exploring_alternatives,Exploring Alternatives,1,1,true,false,false,false,false,false,true,false,20,6,MEETS_TARGET,src_exploring_alternatives,,unclassified:300,,,NONE,,,,category lifestyle; route SOURCE_ROUTED; source policy curated
767,Property Life,ON_AIR,curated/video,42,46743,12.98,12,src_ben_felix src_cnbc_documentary src_bbc_archive src_city_beautiful src_modern_mba src_home_renovision src_plain_bagel src_this_old_house src_two_cents src_exploring_alternatives src_bloomberg_originals src_economics_explained,Ben Felix CNBC – Documentaries BBC Archive City Beautiful Modern MBA Home RenoVision DIY The Plain Bagel This Old House Two Cents Exploring Alternatives Bloomberg Originals Economics Explained,0.238,0.18,true,false,false,false,false,false,true,false,20,6,MEETS_TARGET,,src_bbc_archive src_ben_felix src_bloomberg_originals src_city_beautiful src_cnbc_documentary src_economics_explained src_exploring_alternatives src_home_renovision src_modern_mba src_plain_bagel src_this_old_house src_two_cents,unclassified:42,,,NONE,,,,category lifestyle; route SOURCE_ROUTED; source policy curated; film sources: 
768,Organisation,ON_AIR,curated/video,300,311244,86.46,1,src_clutterbug,Clutterbug,1,1,true,false,false,false,false,false,true,false,20,6,MEETS_TARGET,src_clutterbug,,unclassified:300,,,NONE,,,,category lifestyle; route CURATED_AGGREGATE; source policy curated
769,Indian Cooking,ON_AIR,curated/video,170,88442,24.57,1,src_manjulas_kitchen,Manjula's Kitchen,1,1,true,false,false,false,false,false,true,false,20,6,MEETS_TARGET,,src_manjulas_kitchen,unclassified:170,,,NONE,,,,category lifestyle; route SOURCE_ROUTED; source policy curated; film sources: 
770,Travel,ON_AIR,curated/video,260,103626,28.79,2,src_rick_steves src_national_rail_scenic,Rick Steves' Europe National Rail Scenic Railway Journeys,0.954,0.705,true,false,false,false,false,false,true,false,120,5,MEETS_TARGET,src_national_rail_scenic src_lonely_planet,,unclassified:260,,,NONE,,,,category lifestyle; route SOURCE_ROUTED; source policy curated
771,World Travel,ON_AIR,curated/video,242,85701,23.81,3,src_lonely_planet src_rick_steves src_national_rail_scenic,Lonely Planet Rick Steves' Europe National Rail Scenic Railway Journeys,0.595,0.728,true,false,false,false,false,false,true,false,120,5,MEETS_TARGET,src_national_rail_scenic src_lonely_planet,,unclassified:242,,,NONE,,,,category lifestyle; route SOURCE_ROUTED; source policy curated
772,City Breaks,ON_AIR,curated/video,299,238177,66.16,1,src_wolters_world,Wolters World,1,1,true,false,false,false,false,false,true,false,20,6,MEETS_TARGET,src_lonely_planet src_wolters_world,,unclassified:299,,,NONE,,,,category lifestyle; route SOURCE_ROUTED; source policy curated
773,Road Trips,ON_AIR,curated/video,513,729330,202.59,2,src_itchy_boots src_kombi_life,Itchy Boots Kombi Life,0.585,0.653,true,false,false,false,false,false,true,false,20,6,MEETS_TARGET,src_hagerty src_motorweek src_lonely_planet src_kombi_life src_itchy_boots,,unclassified:513,,,NONE,,,,category lifestyle; route SOURCE_ROUTED; source policy curated
774,Rail Travel,ON_AIR,curated/video,153,124284,34.52,1,src_all_the_stations,All The Stations,1,1,true,false,false,false,false,false,true,false,20,6,MEETS_TARGET,src_national_rail_scenic src_lonely_planet src_all_the_stations,,unclassified:153,,,NONE,,,,category lifestyle; route SOURCE_ROUTED; source policy curated
775,Walking Travel,ON_AIR,curated/video,899,4215279,1170.91,3,src_prowalk src_rambalac src_wind_walk,Prowalk Tours Rambalac Wind Walk Travel Videos,0.334,0.419,true,false,false,false,false,false,true,false,20,6,MEETS_TARGET,src_hasfit src_yoga_adriene src_national_rail_scenic src_lonely_planet src_prowalk src_rambalac src_wind_walk,,unclassified:899,,,NONE,,,,category lifestyle; route SOURCE_ROUTED; source policy curated
776,Adventure Travel,ON_AIR,curated/video,484,564586,156.83,2,src_indigo_traveller src_eva_zu_beck,Indigo Traveller Eva zu Beck,0.564,0.532,true,false,false,false,false,false,true,false,20,6,MEETS_TARGET,src_national_rail_scenic src_lonely_planet src_indigo_traveller src_eva_zu_beck,,unclassified:484,,,NONE,,,,category lifestyle; route SOURCE_ROUTED; source policy curated
777,Budget Travel,ON_AIR,curated/video,101,88802,24.67,5,src_older_backpacker src_holiday_expert src_hopscotch src_nomadic_matt src_travel_tiny_budget,OlderBackpacker Holiday Expert Hopscotch the Globe Nomadic Matt Travel Big with a Tiny Budget,0.574,0.603,true,false,false,false,false,false,true,false,20,6,MEETS_TARGET,src_national_rail_scenic src_lonely_planet src_travel_tiny_budget src_older_backpacker src_holiday_expert src_hopscotch src_nomadic_matt,,unclassified:101,,,NONE,,,,category lifestyle; route SOURCE_ROUTED; source policy curated
778,Luxury Travel,ON_AIR,curated/video,23,35313,9.81,5,src_kara_and_nate src_lost_leblanc src_arte_travel src_indigo_traveller src_architectural_digest,Kara and Nate Lost LeBlanc ARTE.tv Documentary – Travel Indigo Traveller Architectural Digest,0.522,0.654,true,false,false,false,false,false,true,false,20,6,MEETS_TARGET,src_national_rail_scenic src_lonely_planet,src_architectural_digest src_arte_travel src_indigo_traveller src_kara_and_nate src_lost_leblanc,unclassified:23,,,NONE,,,,category lifestyle; route SOURCE_ROUTED; source policy curated; film sources: 
779,Travel History,ON_AIR,curated/video,294,433484,120.41,1,src_travel_film_archive,Travel Film Archive,1,1,true,false,false,false,false,false,true,false,20,6,MEETS_TARGET,src_national_rail_scenic src_lonely_planet src_travel_film_archive,,unclassified:294,,,NONE,,,,category lifestyle; route SOURCE_ROUTED; source policy curated
780,Outdoors,ON_AIR,curated/video,233,334496,92.92,1,src_steve_wallis,Steve Wallis,1,1,true,false,false,false,false,false,true,false,20,6,MEETS_TARGET,src_national_rail_scenic src_steve_wallis,,unclassified:233,,,NONE,,,,category lifestyle; route SOURCE_ROUTED; source policy curated
781,Camping,ON_AIR,curated/video,197,350319,97.31,1,src_outdoor_boys,Outdoor Boys,1,1,true,false,false,false,false,false,true,false,20,6,MEETS_TARGET,src_outdoor_boys,,unclassified:197,,,NONE,,,,category lifestyle; route CURATED_AGGREGATE; source policy curated
782,Hiking,ON_AIR,curated/video,239,449376,124.83,1,src_kraig_adams,Kraig Adams,1,1,true,false,false,false,false,false,true,false,20,6,MEETS_TARGET,src_kraig_adams,,unclassified:239,,,NONE,,,,category lifestyle; route CURATED_AGGREGATE; source policy curated
783,Bushcraft,ON_AIR,curated/video,300,685535,190.43,1,src_ta_outdoors,TA Outdoors,1,1,true,false,false,false,false,false,true,false,20,6,MEETS_TARGET,src_ta_outdoors,,unclassified:300,,,NONE,,,,category lifestyle; route SOURCE_ROUTED; source policy curated
784,Nature Life,ON_AIR,curated/video,85,214100,59.47,1,src_terra_mater,Terra Mater,1,1,true,false,false,false,false,false,true,false,20,6,MEETS_TARGET,src_terra_mater,,unclassified:85,,,NONE,,,,category lifestyle; route SOURCE_ROUTED; source policy curated
785,Pets,ON_AIR,curated/video,9,13369,3.71,8,src_royal_institution src_bh_photo src_rhs src_red_green src_nfb src_sky_history_uk src_rick_steves src_harvard_chan,Royal Institution B&H Photo Video Event Space Royal Horticultural Society The Red Green Show National Film Board of Canada Sky HISTORY UK Rick Steves' Europe Harvard T.H. Chan School of Public Health,0.222,0.266,true,false,false,false,false,false,true,false,20,6,BELOW_VIABLE,,,unclassified:9,1996,2012,BELOW_TARGET,9 programmes / 3.71 h against the POLICY target of 20 / 6 h.,,,category lifestyle; route CURATED_AGGREGATE; source policy curated
786,Dogs,ON_AIR,curated/video,11,14933,4.15,7,src_nfb src_rhs src_royal_institution src_time_team src_red_green src_antiques_roadshow_pbs src_sky_history_uk,National Film Board of Canada Royal Horticultural Society Royal Institution Time Team Official / Time Team Classics The Red Green Show ANTIQUES ROADSHOW PBS Sky HISTORY UK,0.273,0.394,true,false,false,false,false,false,true,false,20,6,BELOW_VIABLE,,,unclassified:11,1995,1995,BELOW_TARGET,11 programmes / 4.15 h against the POLICY target of 20 / 6 h.,,,category lifestyle; route CURATED_AGGREGATE; source policy curated
787,Cats,ON_AIR,curated/video,59,14540,4.04,2,src_the_dodo src_nfb,The Dodo National Film Board of Canada,0.983,0.953,true,false,false,false,false,false,true,false,120,5,VIABLE_BELOW_TARGET,src_the_dodo,,unclassified:59,,,BELOW_TARGET,59 programmes / 4.04 h against the SHORT_FORM target of 120 / 5 h.,,,category lifestyle; route CURATED_AGGREGATE; source policy curated
788,Animals,ON_AIR,curated/video,357,101992,28.33,1,src_the_dodo,The Dodo,1,1,true,false,false,false,false,false,true,false,120,5,MEETS_TARGET,src_the_dodo,,unclassified:357,,,NONE,,,,category lifestyle; route SOURCE_ROUTED; source policy curated
789,Rural Life,ON_AIR,curated/video,414,556101,154.47,2,src_dianxi_xiaoge src_li_ziqi,Dianxi Xiaoge Li Ziqi,0.725,0.888,true,false,false,false,false,false,true,false,20,6,MEETS_TARGET,src_li_ziqi src_dianxi_xiaoge,,unclassified:414,,,NONE,,,,category lifestyle; route SOURCE_ROUTED; source policy curated
790,Fashion,ON_AIR,curated/video,300,237655,66.02,1,src_vogue,Vogue,1,1,true,false,false,false,false,false,true,false,20,6,MEETS_TARGET,src_vogue,,unclassified:300,,,NONE,,,,category lifestyle; route CURATED_AGGREGATE; source policy curated
791,Style,THIN,curated/video,4,6536,1.82,3,src_bh_photo src_rhs src_rick_steves,B&H Photo Video Event Space Royal Horticultural Society Rick Steves' Europe,0.5,0.589,true,false,false,false,false,true,false,false,20,6,BELOW_VIABLE,,,unclassified:4,,,NEEDS_DEPTH,1.82 h of distinct programming; the airing floor is 3 h.,,,category lifestyle; route CURATED_AGGREGATE; source policy curated
792,Beauty,THIN,curated/video,5,8403,2.33,4,src_royal_institution src_nfb src_rhs src_rick_steves,Royal Institution National Film Board of Canada Royal Horticultural Society Rick Steves' Europe,0.4,0.74,true,false,false,false,false,true,false,false,20,6,BELOW_VIABLE,,,unclassified:5,,,NEEDS_DEPTH,2.33 h of distinct programming; the airing floor is 3 h.,,,category lifestyle; route CURATED_AGGREGATE; source policy curated
793,Photography,ON_AIR,curated/video,85,128527,35.7,2,src_bh_photo src_nfb,B&H Photo Video Event Space National Film Board of Canada,0.918,0.896,true,false,false,false,false,false,true,false,20,6,MEETS_TARGET,,,unclassified:85,,,NONE,Generation 3 candidates held by editorial or code decisions.,,"editorial: 3 held, 0 rejected; code-blocked: 2 QUESTIONABLE_REUSE (not implemented)",category lifestyle; route SOURCE_ROUTED; source policy curated
794,Art & Making,ON_AIR,curated/video,8,14934,4.15,2,src_nfb src_bh_photo,National Film Board of Canada B&H Photo Video Event Space,0.625,0.622,true,false,false,false,false,false,true,false,20,6,BELOW_VIABLE,,,unclassified:8,,,BELOW_TARGET,8 programmes / 4.15 h against the LONGFORM target of 20 / 6 h.,,,category lifestyle; route SOURCE_ROUTED; source policy curated
795,Collecting,ON_AIR,curated/video,158,105696,29.36,3,src_sothebys src_christies src_strong_museum,Sotheby's – Collecting Christie's – Collecting The Strong National Museum of Play,0.589,0.54,true,false,false,false,false,false,true,false,20,6,MEETS_TARGET,src_christies src_sothebys src_strong_museum,,unclassified:158,,,NONE,,,,category lifestyle; route SOURCE_ROUTED; source policy curated; film sources: 
796,Antiques,ON_AIR,curated/video,84,30640,8.51,1,src_antiques_roadshow_pbs,ANTIQUES ROADSHOW PBS,1,1,true,false,false,false,false,false,true,false,120,5,VIABLE_BELOW_TARGET,,,unclassified:84,,,BELOW_TARGET,84 programmes / 8.51 h against the SHORT_FORM target of 120 / 5 h.,,,category lifestyle; route SOURCE_ROUTED; source policy curated
797,Design Life,ON_AIR,curated/video,11,26290,7.3,3,src_nfb src_bh_photo src_antiques_roadshow_pbs,National Film Board of Canada B&H Photo Video Event Space ANTIQUES ROADSHOW PBS,0.636,0.894,true,false,false,false,false,false,true,false,20,6,BELOW_VIABLE,,,unclassified:11,,,BELOW_TARGET,11 programmes / 7.3 h against the LONGFORM target of 20 / 6 h.,,,category lifestyle; route SOURCE_ROUTED; source policy curated
798,Everyday Skills,ON_AIR,curated/video,476,329995,91.67,3,src_chrisfix src_ifixit src_british_red_cross,ChrisFix – Car Care Basics iFixit – Repair Skills British Red Cross – First Aid,0.464,0.599,true,false,false,false,false,false,true,false,20,6,MEETS_TARGET,src_ifixit src_british_red_cross src_chrisfix,,unclassified:476,,,NONE,,,,category lifestyle; route SOURCE_ROUTED; source policy curated; film sources: 
799,Lifestyle Extra,UNAVAILABLE,curated/video,0,0,0,0,,,0,0,false,true,false,false,false,false,false,true,,,NOT_MEASURED_UNAVAILABLE,src_hasfit src_yoga_adriene,,,,,OFF_AIR_BY_POLICY,Overflow slot of the lifestyle block (700-790); its 51 eligible programmes are 687 Makers' identity.,,,category lifestyle; route SOURCE_ROUTED; source policy curated; status card INTENTIONALLY_UNAVAILABLE → 700
800,Specialist,ON_AIR,curated/video,34,46595,12.94,17,src_92ny_books src_eevblog src_severn_valley src_us_national_archives src_national_gallery src_oceanliner_designs src_american_theatre_wing src_chicago_film_archives src_cruising_the_cut src_tv_academy_interviews src_british_museum src_huntley_architecture src_huntley_industrial src_8bit_guy src_huntley_transport src_network_rail src_huntley_motoring,92NY – Books and Authors EEVblog Severn Valley Railway US National Archives The National Gallery Oceanliner Designs American Theatre Wing – Working in the Theatre Chicago Film Archives Cruising The Cut Television Academy Foundation – The Interviews The British Museum Huntley Film Archives – Architecture Huntley Film Archives – Industry The 8-Bit Guy Huntley Film Archives – Transport Network Rail Huntley Film Archives – Motoring,0.059,0.145,true,false,false,false,false,false,true,false,20,6,MEETS_TARGET,,src_8bit_guy src_92ny_books src_american_theatre_wing src_british_museum src_chicago_film_archives src_cruising_the_cut src_eevblog src_huntley_architecture src_huntley_industrial src_huntley_motoring src_huntley_transport src_national_gallery src_network_rail src_oceanliner_designs src_severn_valley src_tv_academy_interviews src_us_national_archives,unclassified:34,,,NONE,,,,category specialist; route CURATED_AGGREGATE; source policy curated; film sources: 
801,Archive,ON_AIR,curated/video,169,166074,46.13,1,src_chicago_film_archives,Chicago Film Archives,1,1,true,false,false,false,false,false,true,false,20,6,MEETS_TARGET,src_chicago_film_archives,,unclassified:169,,,NONE,,,,category specialist; route SOURCE_ROUTED; source policy curated; general-entertainment mix; film sources: 
802,Public Domain,HOLDING,curated/video,0,0,0,0,,,0,0,false,true,false,false,false,false,false,true,20,6,EMPTY,,,,,,BLOCKED_RIGHTS,RIGHTS_BLOCKED: US public-domain status does not establish UK public-domain status; no title has a UK determination.,,,category specialist; route SOURCE_ROUTED; source policy curated; status card RIGHTS_BLOCKED
803,Film Archive,ON_AIR,curated/video,171,361008,100.28,1,src_nfb,National Film Board of Canada,1,1,true,false,false,false,false,false,true,false,20,6,MEETS_TARGET,,,unclassified:171,,,NONE,,,,category specialist; route SOURCE_ROUTED; source policy curated
804,Television Archive,ON_AIR,curated/video,1230,1509710,419.36,9,src_time_team src_mst3k src_buzzr src_lol_network src_red_green src_glitch src_sky_history_uk src_clover_chaos src_black_white,Time Team Official / Time Team Classics Mystery Science Theater 3000 BUZZR LOL! Network The Red Green Show GLITCH Productions Sky HISTORY UK Clover Chaos &Black&White,0.185,0.265,true,false,false,false,false,false,true,false,20,6,MEETS_TARGET,,,unclassified:1230,1976,2005,NONE,,,,category specialist; route SOURCE_ROUTED; source policy curated
805,Newsreel Archive,ON_AIR,curated/video,2012,325604,90.45,1,src_british_pathe,British Pathé,1,1,true,false,false,false,false,false,true,false,120,5,MEETS_TARGET,src_british_pathe src_nbc_news_now src_livenow_fox,,unclassified:2012,,,NONE,,,,category specialist; route SOURCE_ROUTED; source policy curated; owned source British Pathé
806,Advertising Archive,HOLDING,curated/video,0,0,0,0,,,0,0,false,true,false,false,false,false,false,true,20,6,EMPTY,,,,,,NEEDS_SOURCE,UNRESOLVED (NO_OFFICIAL_SOURCE): No official or authorised publisher for the identity.,,,category specialist; route SOURCE_ROUTED; source policy curated; status card UNRESOLVED
807,Educational Archive,ON_AIR,curated/video,1117,2177008,604.72,4,src_nfb src_royal_institution src_sesame_street src_harvard_chan,National Film Board of Canada Royal Institution Sesame Street / Sesame Street Classics Harvard T.H. Chan School of Public Health,0.522,0.528,true,false,false,false,false,false,true,false,20,6,MEETS_TARGET,,,unclassified:1117,1968,2017,NONE,,,,category specialist; route SOURCE_ROUTED; source policy curated
808,Government Film Archive,ON_AIR,curated/video,334,525556,145.99,4,src_us_national_archives src_iwm src_yorkshire_film_archive src_national_archives_uk,US National Archives Imperial War Museums Yorkshire and North East Film Archive The National Archives UK,0.877,0.961,true,false,false,false,false,false,true,false,20,6,MEETS_TARGET,src_us_national_archives src_iwm src_national_archives_uk src_yorkshire_film_archive,,unclassified:334,,,NONE,,,,category specialist; route SOURCE_ROUTED; source policy curated
809,Industrial Film Archive,ON_AIR,curated/video,116,68018,18.89,1,src_huntley_industrial,Huntley Film Archives – Industry,1,1,true,false,false,false,false,false,true,false,20,6,MEETS_TARGET,src_huntley_industrial,,unclassified:116,,,NONE,,,,category specialist; route SOURCE_ROUTED; source policy curated
810,Retro Computing,ON_AIR,curated/video,297,282635,78.51,1,src_8bit_guy,The 8-Bit Guy,1,1,true,false,false,false,false,false,true,false,20,6,MEETS_TARGET,src_chm src_computerphile src_numberphile src_8bit_guy,,unclassified:297,,,NONE,,,,category specialist; route SOURCE_ROUTED; source policy curated
811,Home Computers,ON_AIR,curated/video,135,130898,36.36,2,src_computerphile src_chm,Computerphile Computer History Museum,0.933,0.726,true,false,false,false,false,false,true,false,20,6,MEETS_TARGET,src_chm src_computerphile src_numberphile,,unclassified:135,,,NONE,,,,category specialist; route SOURCE_ROUTED; source policy curated
812,Fortnite,HOLDING,curated/video,0,0,0,0,,,0,0,false,true,false,false,false,false,false,true,20,6,EMPTY,,,,,,NEEDS_SOURCE,"UNRESOLVED (NO_OFFICIAL_SOURCE): Fortnite channel: the catalogue holds two substantial Fortnite programmes (about 32 minutes), too little to schedule; awaiting a targeted acquisition from official and creator publishers. Generation 3 candidates held by editorial or code decisions.",,"editorial: 5 held, 3 rejected; code-blocked: 2 LEGITIMATE_BOUNDED_REUSE (not implemented); Fortnite tranche c956cb12ca8c4ec2: 6 approved / 2 held, 2.07 h, EDITORIALLY_REVIEWED_NOT_IMPORTED",category specialist; route SOURCE_ROUTED; source policy curated; status card UNRESOLVED
813,Console Archive,ON_AIR,curated/video,300,312802,86.89,1,src_modern_vintage_gamer,Modern Vintage Gamer,1,1,true,false,false,false,false,false,true,false,20,6,MEETS_TARGET,src_modern_vintage_gamer,,unclassified:300,,,NONE,,,,category specialist; route SOURCE_ROUTED; source policy curated
814,Software History,ON_AIR,curated/video,434,1086575,301.83,4,src_chm src_noclip src_computerphile src_nfb,Computer History Museum Noclip Computerphile National Film Board of Canada,0.364,0.581,true,false,false,false,false,false,true,false,20,6,MEETS_TARGET,src_chm src_computerphile src_numberphile,,unclassified:434,,,NONE,,,,category specialist; route SOURCE_ROUTED; source policy curated
815,Internet History,ON_AIR,curated/video,42,172539,47.93,8,src_chm_internet src_ripe_ncc src_chm src_oii src_logically_answered src_bbc_archive src_computerphile src_company_man,Computer History Museum – Internet History RIPE NCC Computer History Museum Oxford Internet Institute Logically Answered BBC Archive Computerphile Company Man,0.714,0.803,true,false,false,false,false,false,true,false,20,6,MEETS_TARGET,src_chm src_computerphile src_numberphile src_chm_internet,src_chm src_computerphile src_bbc_archive src_company_man src_logically_answered src_ripe_ncc src_oii,unclassified:42,,,NONE,,,,category specialist; route SOURCE_ROUTED; source policy curated; film sources: 
816,Electronics,ON_AIR,curated/video,1054,2296474,637.91,4,src_eevblog src_chm src_bigclive src_greatscott,EEVblog Computer History Museum bigclivedotcom GreatScott!,0.284,0.424,true,false,false,false,false,false,true,false,20,6,MEETS_TARGET,src_chm src_computerphile src_numberphile src_eevblog src_greatscott src_bigclive,,unclassified:1054,,,NONE,,,,category specialist; route SOURCE_ROUTED; source policy curated
817,Amateur Radio,ON_AIR,curated/video,299,2373812,659.39,1,src_ham_radio_crash_course,Ham Radio Crash Course,1,1,true,false,false,false,false,false,true,false,20,6,MEETS_TARGET,src_ham_radio_crash_course,,unclassified:299,,,NONE,,,,category specialist; route SOURCE_ROUTED; source policy curated
818,Radio History,ON_AIR,curated/video,30,19543,5.43,6,src_huntley_radio src_arrl_history src_bbc_archive_radio src_oceanliner_designs src_bvws src_bbc_archive_broadcasting,Huntley Film Archives – Radio ARRL – Radio History BBC Archive – Radio History Oceanliner Designs British Vintage Wireless Society BBC Archive – Broadcasting History,0.5,0.426,true,false,false,false,false,false,true,false,120,5,BELOW_VIABLE,src_huntley_radio src_bbc_archive_radio src_bvws src_arrl_history,src_oceanliner_designs src_bbc_archive_broadcasting,unclassified:30,,,BELOW_TARGET,30 programmes / 5.43 h against the SHORT_FORM target of 120 / 5 h. Generation 3 candidates held by editorial or code decisions.,,"imported 1.0.10: 3 routed, 3 in today's pool (0.83 h); editorial: 1 held, 13 rejected; code-blocked: 1 WRONG_DESTINATION (not implemented)",category specialist; route SOURCE_ROUTED; source policy curated; film sources: 
819,Tech Archive,ON_AIR,curated/video,26,48238,13.4,7,src_bbc_archive src_chm src_thames_tv src_british_movietone src_chicago_film_archives src_huntley_industrial src_huntley_events,BBC Archive Computer History Museum Thames TV British Movietone Chicago Film Archives Huntley Film Archives – Industry Huntley Film Archives – Historic Events,0.654,0.818,true,false,false,false,false,false,true,false,20,6,MEETS_TARGET,src_chm src_computerphile src_numberphile,src_bbc_archive src_british_movietone src_chicago_film_archives src_chm src_huntley_events src_huntley_industrial src_thames_tv,unclassified:26,,,NONE,,,,category specialist; route SOURCE_ROUTED; source policy curated; film sources: 
820,Railways,ON_AIR,curated/video,12,30537,8.48,1,src_national_rail_scenic,National Rail Scenic Railway Journeys,1,1,true,false,false,false,false,false,true,false,20,6,VIABLE_BELOW_TARGET,src_national_rail_scenic,,unclassified:12,,,BELOW_TARGET,12 programmes / 8.48 h against the LONGFORM target of 20 / 6 h.,,,category specialist; route SOURCE_ROUTED; source policy curated
821,Steam Railways,ON_AIR,curated/video,336,172929,48.04,3,src_severn_valley src_bluebell src_kwvr,Severn Valley Railway Bluebell Railway Keighley and Worth Valley Railway,0.583,0.719,true,false,false,false,false,false,true,false,120,5,MEETS_TARGET,src_national_rail_scenic src_severn_valley src_bluebell src_kwvr,,unclassified:336,,,NONE,,,,category specialist; route SOURCE_ROUTED; source policy curated
822,Modern Railways,ON_AIR,curated/video,298,57503,15.97,1,src_network_rail,Network Rail,1,1,true,false,false,false,false,false,true,false,120,5,MEETS_TARGET,src_national_rail_scenic src_network_rail,,unclassified:298,,,NONE,,,,category specialist; route SOURCE_ROUTED; source policy curated
823,Rail Journeys,ON_AIR,curated/video,300,2211647,614.35,1,src_rail_relaxation,Rail Relaxation,1,1,true,false,false,false,false,false,true,false,20,6,MEETS_TARGET,src_national_rail_scenic src_rail_relaxation,,unclassified:300,,,NONE,,,,category specialist; route SOURCE_ROUTED; source policy curated
824,Stations,ON_AIR,curated/video,99,71534,19.87,2,src_jago_hazzard src_all_the_stations,Jago Hazzard All The Stations,0.919,0.909,true,false,false,false,false,false,true,false,20,6,MEETS_TARGET,src_national_rail_scenic,src_jago_hazzard src_all_the_stations,unclassified:99,,,NONE,,,,category specialist; route SOURCE_ROUTED; source policy curated
825,Model Railways,ON_AIR,curated/video,297,1082331,300.65,1,src_sams_trains,Sam'sTrains,1,1,true,false,false,false,false,false,true,false,20,6,MEETS_TARGET,src_national_rail_scenic src_sams_trains,,unclassified:297,,,NONE,,,,category specialist; route SOURCE_ROUTED; source policy curated
826,Aviation,UNAVAILABLE,curated/video,0,0,0,0,,,0,0,false,true,false,false,false,false,false,true,,,NOT_MEASURED_UNAVAILABLE,,,,,,OFF_AIR_BY_POLICY,Excluded by network policy.,,,category specialist; route CURATED_AGGREGATE; source policy curated; status card OFF_AIR
827,Classic Aircraft,UNAVAILABLE,curated/video,0,0,0,0,,,0,0,false,true,false,false,false,false,false,true,,,NOT_MEASURED_UNAVAILABLE,,,,,,OFF_AIR_BY_POLICY,Excluded by network policy.,,,category specialist; route SOURCE_ROUTED; source policy curated; status card OFF_AIR
828,Airports,UNAVAILABLE,curated/video,0,0,0,0,,,0,0,false,true,false,false,false,false,false,true,,,NOT_MEASURED_UNAVAILABLE,,,,,,OFF_AIR_BY_POLICY,Excluded by network policy.,,,category specialist; route SOURCE_ROUTED; source policy curated; status card OFF_AIR
829,Flight Deck,UNAVAILABLE,curated/video,0,0,0,0,,,0,0,false,true,false,false,false,false,false,true,,,NOT_MEASURED_UNAVAILABLE,,,,,,OFF_AIR_BY_POLICY,Excluded by network policy.,,,category specialist; route CURATED_AGGREGATE; source policy curated; status card OFF_AIR
830,Maritime,ON_AIR,curated/video,36,46901,13.03,11,src_harvard_chan src_time_team src_nfb src_red_green src_sky_history_uk src_royal_institution src_lol_network src_buzzr src_antiques_roadshow_pbs src_rick_steves src_mst3k,Harvard T.H. Chan School of Public Health Time Team Official / Time Team Classics National Film Board of Canada The Red Green Show Sky HISTORY UK Royal Institution LOL! Network BUZZR ANTIQUES ROADSHOW PBS Rick Steves' Europe Mystery Science Theater 3000,0.25,0.457,true,false,false,false,false,false,true,false,20,6,MEETS_TARGET,,,unclassified:36,1996,2003,NONE,,,,category specialist; route CURATED_AGGREGATE; source policy curated
831,Ocean Liners,THIN,curated/video,2,3409,0.95,1,src_nfb,National Film Board of Canada,1,1,true,false,false,false,false,true,false,false,20,6,BELOW_VIABLE,,,unclassified:2,,,NEEDS_DEPTH,0.95 h of distinct programming; the airing floor is 3 h.,,,category specialist; route SOURCE_ROUTED; source policy curated
832,Ships,ON_AIR,curated/video,300,634476,176.24,3,src_oceanliner_designs src_time_team src_royal_institution,Oceanliner Designs Time Team Official / Time Team Classics Royal Institution,0.99,0.988,true,false,false,false,false,false,true,false,20,6,MEETS_TARGET,src_oceanliner_designs,,unclassified:300,,,NONE,,,,category specialist; route CURATED_AGGREGATE; source policy curated
833,Sailing Archive,ON_AIR,curated/video,29,11931,3.31,1,src_huntley_sailing,Huntley Film Archives – Sailing,1,1,true,false,false,false,false,false,true,false,20,6,VIABLE_BELOW_TARGET,src_huntley_sailing,,unclassified:29,,,BELOW_TARGET,29 programmes / 3.31 h against the LONGFORM target of 20 / 6 h.,,,category specialist; route SOURCE_ROUTED; source policy curated; sport routing: sailing
834,Canals,ON_AIR,curated/video,300,509233,141.45,1,src_cruising_the_cut,Cruising The Cut,1,1,true,false,false,false,false,false,true,false,20,6,MEETS_TARGET,src_cruising_the_cut,,unclassified:300,,,NONE,,,,category specialist; route CURATED_AGGREGATE; source policy curated
835,Road Transport,ON_AIR,curated/video,92,92198,25.61,1,src_road_guy_rob,Road Guy Rob,1,1,true,false,false,false,false,false,true,false,20,6,MEETS_TARGET,src_hagerty src_motorweek src_road_guy_rob,,unclassified:92,,,NONE,,,,category specialist; route SOURCE_ROUTED; source policy curated
836,Classic Cars Archive,ON_AIR,curated/video,116,44971,12.49,1,src_huntley_motoring,Huntley Film Archives – Motoring,1,1,true,false,false,false,false,false,true,false,120,5,VIABLE_BELOW_TARGET,src_hagerty src_motorweek src_huntley_motoring,,unclassified:116,,,BELOW_TARGET,116 programmes / 12.49 h against the SHORT_FORM target of 120 / 5 h.,,,category specialist; route SOURCE_ROUTED; source policy curated
837,Buses,ON_AIR,curated/video,24,19062,5.3,10,src_huntley_transport src_all_the_stations src_road_guy_rob src_jay_leno src_bbc_archive src_jago_hazzard src_thames_tv src_nrm src_huntley_events src_huntley_architecture,Huntley Film Archives – Transport All The Stations Road Guy Rob Jay Leno's Garage BBC Archive Jago Hazzard Thames TV National Railway Museum Huntley Film Archives – Historic Events Huntley Film Archives – Architecture,0.333,0.201,true,false,false,false,false,false,true,false,20,6,VIABLE_BELOW_TARGET,,src_all_the_stations src_bbc_archive src_huntley_architecture src_huntley_events src_huntley_transport src_jago_hazzard src_jay_leno src_nrm src_road_guy_rob src_thames_tv,unclassified:24,,,BELOW_TARGET,24 programmes / 5.3 h against the LONGFORM target of 20 / 6 h.,,,category specialist; route SOURCE_ROUTED; source policy curated; film sources: 
838,Trams,ON_AIR,curated/video,25,21659,6.02,8,src_jago_hazzard src_rail_relaxation src_huntley_transport src_huntley_motoring src_nrm src_all_the_stations src_huntley_architecture src_city_beautiful,Jago Hazzard Rail Relaxation Huntley Film Archives – Transport Huntley Film Archives – Motoring National Railway Museum All The Stations Huntley Film Archives – Architecture City Beautiful,0.56,0.495,true,false,false,false,false,false,true,false,20,6,MEETS_TARGET,src_national_rail_scenic,src_all_the_stations src_city_beautiful src_huntley_architecture src_huntley_motoring src_huntley_transport src_jago_hazzard src_nrm src_rail_relaxation,unclassified:25,,,NONE,,,,category specialist; route SOURCE_ROUTED; source policy curated; film sources: 
839,Transport Archive,ON_AIR,curated/video,182,96123,26.7,1,src_huntley_transport,Huntley Film Archives – Transport,1,1,true,false,false,false,false,false,true,false,20,6,MEETS_TARGET,src_huntley_transport,,unclassified:182,,,NONE,,,,category specialist; route SOURCE_ROUTED; source policy curated
840,Books,ON_AIR,curated/video,81,335478,93.19,1,src_92ny_books,92NY – Books and Authors,1,1,true,false,false,false,false,false,true,false,20,6,MEETS_TARGET,src_92ny_books,,unclassified:81,,,NONE,,,,category specialist; route SOURCE_ROUTED; source policy curated
841,Audiobooks,HOLDING,curated/video,0,0,0,0,,,0,0,false,true,false,false,false,false,false,true,20,6,EMPTY,,,,,,BLOCKED_RIGHTS,"RIGHTS_BLOCKED: LibriVox checks US public-domain status only; UK status of each text and translation is not established, and audio needs a separate provider.",,,category specialist; route SOURCE_ROUTED; source policy curated; status card RIGHTS_BLOCKED
842,Poetry,ON_AIR,curated/video,422,378207,105.06,2,src_button_poetry src_poetry_foundation,Button Poetry Poetry Foundation,0.711,0.584,true,false,false,false,false,false,true,false,120,5,MEETS_TARGET,src_button_poetry src_poetry_foundation,,unclassified:422,,,NONE,,,,category specialist; route SOURCE_ROUTED; source policy curated
843,Literature Archive,ON_AIR,curated/video,58,163586,45.44,6,src_lannan src_thames_tv src_dick_cavett src_bbc_archive src_us_national_archives src_nfb,Lannan Foundation – Readings and Conversations Thames TV The Dick Cavett Show BBC Archive US National Archives National Film Board of Canada,0.793,0.884,true,false,false,false,false,false,true,false,20,6,MEETS_TARGET,src_lannan,src_thames_tv src_bbc_archive src_dick_cavett src_nfb src_us_national_archives,unclassified:58,,,NONE,,,,category specialist; route SOURCE_ROUTED; source policy curated; film sources: 
844,Theatre Archive,ON_AIR,curated/video,311,1257280,349.24,5,src_american_theatre_wing src_dick_cavett src_ap_archive src_us_national_archives src_chicago_film_archives,American Theatre Wing – Working in the Theatre The Dick Cavett Show AP Archive US National Archives Chicago Film Archives,0.965,0.99,true,false,false,false,false,false,true,false,20,6,MEETS_TARGET,src_american_theatre_wing,src_dick_cavett src_us_national_archives src_chicago_film_archives src_ap_archive,unclassified:311,,,NONE,,,,category specialist; route SOURCE_ROUTED; source policy curated; film sources: 
845,Art History,ON_AIR,curated/video,207,136388,37.89,1,src_art_assignment,The Art Assignment,1,1,true,false,false,false,false,false,true,false,20,6,MEETS_TARGET,src_art_assignment,,unclassified:207,,,NONE,,,,category specialist; route SOURCE_ROUTED; source policy curated
846,Museums,ON_AIR,curated/video,296,227215,63.12,1,src_british_museum,The British Museum,1,1,true,false,false,false,false,false,true,false,20,6,MEETS_TARGET,src_british_museum,,unclassified:296,,,NONE,,,,category specialist; route SOURCE_ROUTED; source policy curated
847,Galleries,ON_AIR,curated/video,300,520971,144.71,1,src_national_gallery,The National Gallery,1,1,true,false,false,false,false,false,true,false,20,6,MEETS_TARGET,src_national_gallery,,unclassified:300,,,NONE,,,,category specialist; route CURATED_AGGREGATE; source policy curated
848,Architecture Archive,ON_AIR,curated/video,251,109180,30.33,1,src_huntley_architecture,Huntley Film Archives – Architecture,1,1,true,false,false,false,false,false,true,false,120,5,MEETS_TARGET,src_practical_engineering src_b1m src_huntley_architecture,,unclassified:251,,,NONE,,,,category specialist; route SOURCE_ROUTED; source policy curated; film sources: 
849,Design Archive,ON_AIR,curated/video,111,161491,44.86,4,src_cooper_hewitt src_vitra src_va_design src_eames_office,Cooper Hewitt – Design History Vitra Design Museum V&A – Design History Eames Office,0.333,0.578,true,false,false,false,false,false,true,false,20,6,MEETS_TARGET,src_va_design src_cooper_hewitt src_vitra src_eames_office,,unclassified:111,,,NONE,,,,category specialist; route SOURCE_ROUTED; source policy curated; film sources: 
850,Live World,HOLDING,live/video,0,0,0,0,,,0,0,false,true,true,false,false,false,false,true,,,NOT_MEASURED_LIVE,,,,,,NEEDS_LIVE_PROVIDER,Live-only channel with no verified official stream.,,,"category webcams; route SOURCE_ROUTED; source policy official-or-authorized-source-required; live streams only; film sources: ; dynamic identity (configured): Live World: famous places live, around the clock; status card OFF_AIR"
851,World Cams,HOLDING,live/video,0,0,0,0,,,0,0,false,true,true,false,false,false,false,true,,,NOT_MEASURED_LIVE,,,,,,NEEDS_LIVE_PROVIDER,Live-only channel with no verified official stream.,,,category webcams; route SOURCE_ROUTED; source policy official-or-authorized-source-required; live streams only; film sources: ; dynamic identity (configured): World Cams: live webcams from every continent; status card OFF_AIR
852,City Cams,HOLDING,live/video,0,0,0,0,,,0,0,false,true,true,false,false,false,false,true,,,NOT_MEASURED_LIVE,,,,,,NEEDS_LIVE_PROVIDER,Live-only channel with no verified official stream.,,,category webcams; route SOURCE_ROUTED; source policy official-or-authorized-source-required; live streams only; film sources: ; dynamic identity (configured): City Cams: city streets and skylines live; status card OFF_AIR
853,London Live,HOLDING,live/video,0,0,0,0,,,0,0,false,true,true,false,false,false,false,true,,,NOT_MEASURED_LIVE,,,,,,NEEDS_LIVE_PROVIDER,Live-only channel with no verified official stream.,,,category webcams; route FREE_LIVE_DISCOVERY; source policy official-or-authorized-source-required; live streams only; film sources: ; dynamic identity (configured): London Live: London's streets and river live; status card OFF_AIR
854,New York Live,HOLDING,live/video,0,0,0,0,,,0,0,false,true,true,false,false,false,false,true,,,NOT_MEASURED_LIVE,,,,,,NEEDS_LIVE_PROVIDER,Live-only channel with no verified official stream.,,,category webcams; route FREE_LIVE_DISCOVERY; source policy official-or-authorized-source-required; live streams only; film sources: ; dynamic identity (configured): New York Live: New York City live; status card OFF_AIR
855,Europe Live,HOLDING,live/video,0,0,0,0,,,0,0,false,true,true,false,false,false,false,true,,,NOT_MEASURED_LIVE,,,,,,NEEDS_LIVE_PROVIDER,Live-only channel with no verified official stream.,,,"category webcams; route FREE_LIVE_DISCOVERY; source policy official-or-authorized-source-required; live streams only; film sources: ; dynamic identity (configured): Europe Live: Europe's towns, cities and coasts live; status card OFF_AIR"
856,Asia Live,HOLDING,live/video,0,0,0,0,,,0,0,false,true,true,false,false,false,false,true,,,NOT_MEASURED_LIVE,,,,,,NEEDS_LIVE_PROVIDER,Live-only channel with no verified official stream.,,,category webcams; route FREE_LIVE_DISCOVERY; source policy official-or-authorized-source-required; live streams only; film sources: ; dynamic identity (configured): Asia Live: Asia's cities and coasts live; status card OFF_AIR
857,Americas Live,HOLDING,live/video,0,0,0,0,,,0,0,false,true,true,false,false,false,false,true,,,NOT_MEASURED_LIVE,,,,,,NEEDS_LIVE_PROVIDER,Live-only channel with no verified official stream.,,,"category webcams; route FREE_LIVE_DISCOVERY; source policy official-or-authorized-source-required; live streams only; film sources: ; dynamic identity (configured): Americas Live: North, Central and South America live; status card OFF_AIR"
858,Africa Live,HOLDING,live/video,0,0,0,0,,,0,0,false,true,true,false,false,false,false,true,,,NOT_MEASURED_LIVE,,,,,,NEEDS_LIVE_PROVIDER,Live-only channel with no verified official stream.,,,"category webcams; route FREE_LIVE_DISCOVERY; source policy official-or-authorized-source-required; live streams only; film sources: ; dynamic identity (configured): Africa Live: Africa's wildlife, cities and coasts live; status card OFF_AIR"
859,Australia & Pacific,HOLDING,live/video,0,0,0,0,,,0,0,false,true,true,false,false,false,false,true,,,NOT_MEASURED_LIVE,,,,,,NEEDS_LIVE_PROVIDER,Live-only channel with no verified official stream.,,,"category webcams; route FREE_LIVE_DISCOVERY; source policy official-or-authorized-source-required; live streams only; film sources: ; dynamic identity (configured): Australia & Pacific: Australia, New Zealand and the islands live; status card OFF_AIR"
860,Beaches Live,HOLDING,live/video,0,0,0,0,,,0,0,false,true,true,false,false,false,false,true,,,NOT_MEASURED_LIVE,,,,,,NEEDS_LIVE_PROVIDER,Live-only channel with no verified official stream.,,,category webcams; route SOURCE_ROUTED; source policy official-or-authorized-source-required; live streams only; film sources: ; dynamic identity (configured): Beaches Live: beaches and surf live; status card OFF_AIR
861,Harbours Live,HOLDING,live/video,0,0,0,0,,,0,0,false,true,true,false,false,false,false,true,,,NOT_MEASURED_LIVE,,,,,,NEEDS_LIVE_PROVIDER,Live-only channel with no verified official stream.,,,"category webcams; route SOURCE_ROUTED; source policy official-or-authorized-source-required; live streams only; film sources: ; dynamic identity (configured): Harbours Live: harbours, ports and marinas live; status card OFF_AIR"
862,Airports Live,UNAVAILABLE,live/video,0,0,0,0,,,0,0,false,true,true,false,false,false,false,true,,,NOT_MEASURED_UNAVAILABLE,,,,,,OFF_AIR_BY_POLICY,Excluded by network policy.,,,category webcams; route SOURCE_ROUTED; source policy official-or-authorized-source-required; live streams only; status card OFF_AIR
863,Railcams,HOLDING,live/video,0,0,0,0,,,0,0,false,true,true,false,false,false,false,true,,,NOT_MEASURED_LIVE,src_national_rail_scenic,,,,,NEEDS_LIVE_PROVIDER,Live-only channel with no verified official stream.,,,category webcams; route SOURCE_ROUTED; source policy official-or-authorized-source-required; live streams only; film sources: ; dynamic identity (configured): Railcams: railways and stations live; status card OFF_AIR
864,Roads & Traffic,HOLDING,live/video,0,0,0,0,,,0,0,false,true,true,false,false,false,false,true,,,NOT_MEASURED_LIVE,src_hagerty src_motorweek,,,,,NEEDS_LIVE_PROVIDER,Live-only channel with no verified official stream.,,,"category webcams; route FREE_LIVE_DISCOVERY; source policy official-or-authorized-source-required; live streams only; film sources: ; dynamic identity (configured): Roads & Traffic: roads, junctions and bridges live; status card OFF_AIR"
865,Mountains Live,HOLDING,live/video,0,0,0,0,,,0,0,false,true,true,false,false,false,false,true,,,NOT_MEASURED_LIVE,,,,,,NEEDS_LIVE_PROVIDER,Live-only channel with no verified official stream.,,,category webcams; route SOURCE_ROUTED; source policy official-or-authorized-source-required; live streams only; film sources: ; dynamic identity (configured): Mountains Live: mountains and ski slopes live; status card OFF_AIR
866,Rivers Live,HOLDING,live/video,0,0,0,0,,,0,0,false,true,true,false,false,false,false,true,,,NOT_MEASURED_LIVE,,,,,,NEEDS_LIVE_PROVIDER,Live-only channel with no verified official stream.,,,"category webcams; route SOURCE_ROUTED; source policy official-or-authorized-source-required; live streams only; film sources: ; dynamic identity (configured): Rivers Live: rivers, lakes and falls live; status card OFF_AIR"
867,Weather Live,HOLDING,live/video,0,0,0,0,,,0,0,false,true,true,false,false,false,false,true,,,NOT_MEASURED_LIVE,src_nbc_news_now src_livenow_fox,,,,,NEEDS_LIVE_PROVIDER,Live-only channel with no verified official stream.,,,category webcams; route SOURCE_ROUTED; source policy official-or-authorized-source-required; live streams only; film sources: ; dynamic identity (configured): Weather Live: skies and weather live; status card OFF_AIR
868,Storm Cams,HOLDING,live/video,0,0,0,0,,,0,0,false,true,true,false,false,false,false,true,,,NOT_MEASURED_LIVE,,,,,,NEEDS_LIVE_PROVIDER,Live-only channel with no verified official stream.,,,"category webcams; route SOURCE_ROUTED; source policy official-or-authorized-source-required; live streams only; film sources: ; dynamic identity (configured): Storm Cams: waves, wind, snow and storms live; status card OFF_AIR"
869,Wildlife Live,HOLDING,live/video,0,0,0,0,,,0,0,false,true,true,false,false,false,false,true,,,NOT_MEASURED_LIVE,,,,,,NEEDS_LIVE_PROVIDER,Live-only channel with no verified official stream.,,,category webcams; route SOURCE_ROUTED; source policy official-or-authorized-source-required; live streams only; film sources: ; dynamic identity (configured): Wildlife Live: wild animals live; status card OFF_AIR
870,Bird Cams,HOLDING,live/video,0,0,0,0,,,0,0,false,true,true,false,false,false,false,true,,,NOT_MEASURED_LIVE,,,,,,NEEDS_LIVE_PROVIDER,Live-only channel with no verified official stream.,,,category webcams; route SOURCE_ROUTED; source policy official-or-authorized-source-required; live streams only; film sources: ; dynamic identity (configured): Bird Cams: nests and feeders live; status card OFF_AIR
871,Ocean Cams,HOLDING,live/video,0,0,0,0,,,0,0,false,true,true,false,false,false,false,true,,,NOT_MEASURED_LIVE,,,,,,NEEDS_LIVE_PROVIDER,Live-only channel with no verified official stream.,,,category webcams; route SOURCE_ROUTED; source policy official-or-authorized-source-required; live streams only; film sources: ; dynamic identity (configured): Ocean Cams: under the sea and along the shore live; status card OFF_AIR
872,Zoos & Sanctuaries,HOLDING,live/video,0,0,0,0,,,0,0,false,true,true,false,false,false,false,true,,,NOT_MEASURED_LIVE,,,,,,NEEDS_LIVE_PROVIDER,Live-only channel with no verified official stream.,,,"category webcams; route SOURCE_ROUTED; source policy official-or-authorized-source-required; live streams only; film sources: ; dynamic identity (configured): Zoos & Sanctuaries: zoos, rescues and farms live; status card OFF_AIR"
873,Space Live,UNAVAILABLE,live/video,0,0,0,0,,,0,0,false,true,true,false,false,false,false,true,,,NOT_MEASURED_UNAVAILABLE,,,,,,OFF_AIR_BY_POLICY,Excluded by network policy.,,,category webcams; route EXCLUDED; source policy official-or-authorized-source-required; live streams only; status card OFF_AIR
874,Earth From Space,UNAVAILABLE,live/video,0,0,0,0,,,0,0,false,true,true,false,false,false,false,true,,,NOT_MEASURED_UNAVAILABLE,,,,,,OFF_AIR_BY_POLICY,Excluded by network policy.,,,category webcams; route EXCLUDED; source policy official-or-authorized-source-required; live streams only; status card OFF_AIR
875,Aurora Live,HOLDING,live/video,0,0,0,0,,,0,0,false,true,true,false,false,false,false,true,,,NOT_MEASURED_LIVE,,,,,,NEEDS_LIVE_PROVIDER,Live-only channel with no verified official stream.,,,category webcams; route FREE_LIVE_DISCOVERY; source policy official-or-authorized-source-required; live streams only; film sources: ; dynamic identity (configured): Aurora Live: the northern lights and Arctic skies live; status card OFF_AIR
876,Volcano Cams,HOLDING,live/video,0,0,0,0,,,0,0,false,true,true,false,false,false,false,true,,,NOT_MEASURED_LIVE,,,,,,NEEDS_LIVE_PROVIDER,Live-only channel with no verified official stream.,,,category webcams; route SOURCE_ROUTED; source policy official-or-authorized-source-required; live streams only; film sources: ; dynamic identity (configured): Volcano Cams: volcanoes live; status card OFF_AIR
877,Slow World,HOLDING,live/video,0,0,0,0,,,0,0,false,true,true,false,false,false,false,true,,,NOT_MEASURED_LIVE,,,,,,NEEDS_LIVE_PROVIDER,Live-only channel with no verified official stream.,,,"category webcams; route SOURCE_ROUTED; source policy official-or-authorized-source-required; live streams only; film sources: ; dynamic identity (configured): Slow World: quiet places live, nothing hurried; status card OFF_AIR"
878,Night Cams,HOLDING,live/video,0,0,0,0,,,0,0,false,true,true,false,false,false,false,true,,,NOT_MEASURED_LIVE,,,,,,NEEDS_LIVE_PROVIDER,Live-only channel with no verified official stream.,,,"category webcams; route SOURCE_ROUTED; source policy official-or-authorized-source-required; live streams only; film sources: ; dynamic identity (configured): Night Cams: cities and skies after dark, live; status card OFF_AIR"
879,Cat Cams,HOLDING,live/video,0,0,0,0,,,0,0,false,true,true,false,false,false,false,true,,,NOT_MEASURED_LIVE,,,,,,NEEDS_LIVE_PROVIDER,Live-only channel with no verified official stream.,,,category webcams; route SOURCE_ROUTED; source policy official-or-authorized-source-required; live streams only; film sources: ; dynamic identity (configured): Cat Cams: cats and kittens live; status card OFF_AIR
880,Community,THIN,curated/video,3,6716,1.87,1,src_time_team,Time Team Official / Time Team Classics,1,1,true,false,false,false,false,true,false,false,20,6,BELOW_VIABLE,,,unclassified:3,,,NEEDS_DEPTH,1.87 h of distinct programming; the airing floor is 3 h.,,,category specialist; route CURATED_AGGREGATE; source policy curated
881,Local TV,THIN,curated/video,3,355,0.1,2,src_rick_steves src_mst3k,Rick Steves' Europe Mystery Science Theater 3000,0.667,0.614,true,false,false,false,false,true,false,false,20,6,BELOW_VIABLE,,,unclassified:3,,,NEEDS_DEPTH,0.1 h of distinct programming; the airing floor is 3 h.,,,category specialist; route CURATED_AGGREGATE; source policy curated
882,Independent TV,ON_AIR,curated/video,58,87085,24.19,1,src_thames_tv,Thames TV,1,1,true,false,false,false,false,false,true,false,20,6,MEETS_TARGET,,src_thames_tv,unclassified:58,,,NONE,,,,category specialist; route CURATED_AGGREGATE; source policy curated; film sources: 
883,Creator TV,UNAVAILABLE,curated/video,0,0,0,0,,,0,0,false,true,false,false,false,false,false,true,,,NOT_MEASURED_UNAVAILABLE,,,,,,OFF_AIR_BY_POLICY,Creator TV is the identity of 292 Creators; its eligible programmes are already aired by 277 and 292.,,,category specialist; route SOURCE_ROUTED; source policy curated; status card INTENTIONALLY_UNAVAILABLE → 292
884,Experimental,HOLDING,curated/video,0,0,0,0,,,0,0,false,true,false,false,true,false,false,true,,,NOT_MEASURED_SPECIAL,,,,,,NEEDS_SOURCE,UNRESOLVED (IDENTITY_UNRESOLVED): No repository evidence defines what Experimental would air.,,,category specialist; route RETROTV_ORIGINAL_GENERATED; source policy curated; status card UNRESOLVED
885,Video Art,HOLDING,curated/video,0,0,0,0,,,0,0,false,true,false,false,false,false,false,true,20,6,EMPTY,,,,,,NEEDS_SOURCE,UNRESOLVED (NO_OFFICIAL_SOURCE): No official or authorised publisher for the identity.,,,category specialist; route SOURCE_ROUTED; source policy curated; status card UNRESOLVED
886,Generative,HOLDING,curated/video,0,0,0,0,,,0,0,false,true,false,false,true,false,false,true,,,NOT_MEASURED_SPECIAL,,,,,,NEEDS_SOURCE,UNRESOLVED (IDENTITY_UNRESOLVED): No repository evidence defines Generative; generative-AI programming is excluded.,,,category specialist; route RETROTV_ORIGINAL_GENERATED; source policy curated; status card UNRESOLVED
887,Test Card,ON_AIR,curated/video,0,0,0,0,,,0,0,true,false,false,false,true,false,true,false,,,NOT_MEASURED_SPECIAL,,,,,,NONE,,,,category specialist; route SOURCE_ROUTED; source policy curated; RetroTV original format: test-card
888,Continuity,UNAVAILABLE,curated/video,0,0,0,0,,,0,0,false,true,false,false,true,false,false,true,,,NOT_MEASURED_UNAVAILABLE,,,,,,OFF_AIR_BY_POLICY,"Continuity (what is on, what is next) is the listings service on 894; no separate continuity media exists.",,,category specialist; route RETROTV_ORIGINAL_GENERATED; source policy curated; status card INTENTIONALLY_UNAVAILABLE → 894
889,Idents,HOLDING,curated/video,0,0,0,0,,,0,0,false,true,false,false,true,false,false,true,,,NOT_MEASURED_SPECIAL,,,,,,NEEDS_SOURCE,"UNRESOLVED (ORIGINAL_MEDIA_REQUIRED): Idents need TVN-produced ident films; none exist, and archive idents are broadcasters' property.",,,category specialist; route RETROTV_ORIGINAL_GENERATED; source policy curated; status card UNRESOLVED
890,Retro Ad Break,HOLDING,curated/video,0,0,0,0,,,0,0,false,true,false,false,true,false,false,true,,,NOT_MEASURED_SPECIAL,,,,,,NEEDS_SOURCE,UNRESOLVED (NO_OFFICIAL_SOURCE): Retro adverts need an official advertising archive (see 806); TVN has no advertising system.,,,category specialist; route RETROTV_ORIGINAL_GENERATED; source policy curated; status card UNRESOLVED
891,Trailers & Promos,ON_AIR,curated/video,900,244414,67.89,1,src_trailers_from_hell,Trailers From Hell,1,1,true,false,false,false,false,false,true,false,250,8,MEETS_TARGET,src_national_rail_scenic src_rt_trailers src_trailers_from_hell,,unclassified:900,,,NONE,,,,category specialist; route SOURCE_ROUTED; source policy curated; film sources: 
892,Station Archive,ON_AIR,curated/video,55,49581,13.77,1,src_gbh_archives,GBH Archives,1,1,true,false,false,false,false,false,true,false,20,6,MEETS_TARGET,src_gbh_archives,,unclassified:55,,,NONE,,,,category specialist; route SOURCE_ROUTED; source policy curated; film sources: 
893,Broadcast History,ON_AIR,curated/video,330,229948,63.87,3,src_tv_academy_interviews src_paley_center src_bbc_archive_broadcasting,Television Academy Foundation – The Interviews The Paley Center for Media BBC Archive – Broadcasting History,0.909,0.738,true,false,false,false,false,false,true,false,20,6,MEETS_TARGET,src_hagerty src_motorweek src_bbc_archive_broadcasting src_tv_academy_interviews src_paley_center,,unclassified:330,,,NONE,,,,category specialist; route SOURCE_ROUTED; source policy curated
894,Teletext,ON_AIR,curated/video,0,0,0,0,,,0,0,true,false,false,false,true,false,true,false,,,NOT_MEASURED_SPECIAL,,,,,,NONE,,,,category specialist; route RETROTV_ORIGINAL_GENERATED; source policy curated; RetroTV original format: listings
895,Weather Maps,THIN,curated/video,14,8881,2.47,1,src_met_office,Met Office,1,1,true,false,false,false,false,true,false,false,,,NOT_MEASURED_ROLLING,src_nbc_news_now src_livenow_fox,src_met_office,unclassified:14,,,NEEDS_DEPTH,2.47 h of distinct programming; the airing floor is 3 h.,,,category specialist; route SOURCE_ROUTED; source policy curated; film sources: ; dynamic identity (configured): Weather Maps: chart-led long-range and synoptic forecasts; status card DYNAMIC_EMPTY
896,Clocks,ON_AIR,curated/video,0,0,0,0,,,0,0,true,false,false,false,true,false,true,false,,,NOT_MEASURED_SPECIAL,,,,,,NONE,,,,category specialist; route RETROTV_ORIGINAL_GENERATED; source policy curated; RetroTV original format: test-card
897,Closedown,ON_AIR,curated/video,0,0,0,0,,,0,0,true,false,false,false,true,false,true,false,,,NOT_MEASURED_SPECIAL,,,,,,NONE,,,,category specialist; route RETROTV_ORIGINAL_GENERATED; source policy curated; RetroTV original format: test-card
898,Night Network,ON_AIR,curated/video,0,0,0,0,,,0,0,true,false,false,false,true,false,true,false,,,NOT_MEASURED_SPECIAL,,,,,,NONE,,,,category specialist; route SOURCE_ROUTED; source policy curated; RetroTV original format: night-block
899,Specialist Extra,UNAVAILABLE,curated/video,0,0,0,0,,,0,0,false,true,false,false,true,false,false,true,,,NOT_MEASURED_UNAVAILABLE,,,,,,OFF_AIR_BY_POLICY,Specialist Extra would repeat 800 Specialist; no distinct format.,,,category specialist; route RETROTV_ORIGINAL_GENERATED; source policy curated; status card INTENTIONALLY_UNAVAILABLE → 800
900,News,ON_AIR,live/video,158,133784,37.16,2,src_livenow_fox src_nbc_news_now,LiveNOW from FOX NBC News NOW,0.595,0.665,true,false,true,false,false,false,true,false,20,6,MEETS_TARGET,src_nbc_news_now src_livenow_fox,,unclassified:158,,,NONE,,,,category news; route SOURCE_ROUTED; source policy curated
901,World News,ON_AIR,live/video,24,33744,9.37,2,src_nbc_news_now src_livenow_fox,NBC News NOW LiveNOW from FOX,0.583,0.647,true,false,true,false,false,false,true,false,20,6,MEETS_TARGET,src_nbc_news_now src_livenow_fox,,unclassified:24,,,NONE,,,,category news; route SOURCE_ROUTED; source policy curated
902,US News,ON_AIR,live/video,117,25895,7.19,3,src_abc_news src_nbc_news src_cbs_news,ABC News NBC News CBS News,0.479,0.415,true,false,true,false,false,false,true,false,,,NOT_MEASURED_ROLLING,src_nbc_news_now src_livenow_fox,src_abc_news src_cbs_news src_nbc_news,unclassified:117,,,NONE,,,,category news; route SOURCE_ROUTED; source policy curated; film sources: ; dynamic identity (configured): US News: rolling US news; status card DYNAMIC_EMPTY
903,Europe News,ON_AIR,live/video,50,10864,3.02,1,src_euronews,euronews,1,1,true,false,true,false,false,false,true,false,,,NOT_MEASURED_LIVE,src_nbc_news_now src_livenow_fox,src_euronews,unclassified:50,,,NONE,,,,category news; route SOURCE_ROUTED; source policy curated; film sources: ; dynamic identity (configured): Europe News: rolling Europe news; official live stream: Euronews English Live; status card LIVE_INTERRUPTED
904,Asia News,ON_AIR,live/video,34,10538,2.93,1,src_cna,CNA,1,1,true,false,true,false,false,false,true,false,,,NOT_MEASURED_LIVE,src_nbc_news_now src_livenow_fox,src_cna,unclassified:34,,,NONE,,,,category news; route SOURCE_ROUTED; source policy curated; film sources: ; dynamic identity (configured): Asia News: rolling Asia news; official live stream: CNA 24/7 Live; status card LIVE_INTERRUPTED
905,Africa News,ON_AIR,live/video,43,4405,1.22,1,src_africanews,africanews,1,1,true,false,true,false,false,false,true,false,,,NOT_MEASURED_LIVE,src_nbc_news_now src_livenow_fox,src_africanews,unclassified:43,,,NONE,,,,category news; route SOURCE_ROUTED; source policy curated; film sources: ; dynamic identity (configured): Africa News: rolling Africa news; official live stream: Africanews English Live; status card LIVE_INTERRUPTED
906,Middle East News,THIN,live/video,35,8690,2.41,1,src_aljazeera_english,Al Jazeera English,1,1,true,false,true,false,false,true,false,false,,,NOT_MEASURED_ROLLING,src_nbc_news_now src_livenow_fox,src_aljazeera_english,unclassified:35,,,NEEDS_DEPTH,2.41 h of distinct programming; the airing floor is 3 h.,,,category news; route SOURCE_ROUTED; source policy curated; film sources: ; dynamic identity (configured): Middle East News: rolling Middle East news; status card DYNAMIC_EMPTY
907,Business News,ON_AIR,live/video,58,54540,15.15,1,src_bloomberg_tv,Bloomberg Television,1,1,true,false,true,false,false,false,true,false,,,NOT_MEASURED_LIVE,src_nbc_news_now src_livenow_fox,src_bloomberg_tv,unclassified:58,,,NONE,,,,category news; route SOURCE_ROUTED; source policy curated; film sources: ; dynamic identity (configured): Business News: rolling business news; official live stream: Bloomberg Business News Live; status card LIVE_INTERRUPTED
908,Technology News,ON_AIR,live/video,442,859773,238.83,4,src_chm src_computerphile src_livenow_fox src_nbc_news_now,Computer History Museum Computerphile LiveNOW from FOX NBC News NOW,0.357,0.734,true,false,true,false,false,false,true,false,20,6,MEETS_TARGET,src_chm src_computerphile src_numberphile src_nbc_news_now src_livenow_fox,,unclassified:442,,,NONE,,,,category news; route SOURCE_ROUTED; source policy curated
909,Science News,ON_AIR,live/video,540,1006245,279.51,5,src_royal_institution src_harvard_chan src_livenow_fox src_nbc_news_now src_numberphile,Royal Institution Harvard T.H. Chan School of Public Health LiveNOW from FOX NBC News NOW Numberphile,0.42,0.71,true,false,true,false,false,false,true,false,20,6,MEETS_TARGET,src_chm src_computerphile src_numberphile src_nbc_news_now src_livenow_fox,,unclassified:540,1968,2017,NONE,,,,category news; route SOURCE_ROUTED; source policy curated
910,Weather,HOLDING,live/video,0,0,0,0,,,0,0,false,true,true,false,false,false,false,true,,,NOT_MEASURED_SPECIAL,src_nbc_news_now src_livenow_fox,,,,,NEEDS_SOURCE,UNRESOLVED (INSUFFICIENT_INVENTORY): Weather-only reporting from official publishers is 1.2 h inside the window; the window is not extended.,,,category news; route SOURCE_ROUTED; source policy curated; film sources: ; dynamic identity (configured): Weather (news slot): the latest UK national forecast; status card UNRESOLVED
911,World Weather,ON_AIR,live/video,58,12295,3.42,13,src_dw_news src_bbc_news src_cna src_aljazeera_english src_france24_english src_wion src_abc_news_au src_sabc_news src_itv_news src_africanews src_trt_world src_reuters src_guardian_news,DW News BBC News CNA Al Jazeera English FRANCE 24 English WION ABC News (Australia) SABC News ITV News africanews TRT World Reuters Guardian News,0.172,0.204,true,false,true,false,false,false,true,false,,,NOT_MEASURED_ROLLING,src_nbc_news_now src_livenow_fox,src_abc_news_au src_africanews src_aljazeera_english src_bbc_news src_cna src_dw_news src_france24_english src_guardian_news src_itv_news src_reuters src_sabc_news src_trt_world src_wion,unclassified:58,,,NONE,,,,category news; route SOURCE_ROUTED; source policy curated; film sources: ; dynamic identity (configured): World Weather: weather and climate events around the world; status card DYNAMIC_EMPTY
912,Current Affairs,ON_AIR,live/video,63,166748,46.32,8,src_nbc_news src_newsnation src_abc_news src_pbs_newshour src_cna src_scripps_news src_cbs_news src_trt_world,NBC News NewsNation ABC News PBS NewsHour CNA Scripps News CBS News TRT World,0.254,0.233,true,false,true,false,false,false,true,false,,,NOT_MEASURED_ROLLING,src_nbc_news_now src_livenow_fox,src_abc_news src_cbs_news src_cna src_nbc_news src_newsnation src_pbs_newshour src_scripps_news src_trt_world,unclassified:63,,,NONE,,,,category news; route SOURCE_ROUTED; source policy curated; film sources: ; dynamic identity (configured): Current Affairs: full editions of current-affairs programmes; status card DYNAMIC_EMPTY
913,News Analysis,ON_AIR,live/video,140,146257,40.63,12,src_bbc_news src_aljazeera_english src_dw_news src_france24_english src_sky_news src_channel4_news src_abc_news_au src_itv_news src_trt_world src_npr src_reuters src_cna,BBC News Al Jazeera English DW News FRANCE 24 English Sky News Channel 4 News ABC News (Australia) ITV News TRT World NPR Reuters CNA,0.264,0.351,true,false,true,false,false,false,true,false,,,NOT_MEASURED_ROLLING,src_nbc_news_now src_livenow_fox,src_abc_news_au src_aljazeera_english src_bbc_news src_channel4_news src_cna src_dw_news src_france24_english src_guardian_news src_itv_news src_npr src_reuters src_sky_news src_trt_world,unclassified:140,,,NONE,,,,category news; route SOURCE_ROUTED; source policy curated; film sources: ; dynamic identity (configured): News Analysis: explainers and analysis; status card DYNAMIC_EMPTY
914,News Documentary,ON_AIR,curated/video,730,2225180,618.11,3,src_frontline src_cna_insider src_abc_news_indepth,FRONTLINE PBS CNA Insider ABC News In-depth,0.401,0.439,true,false,false,false,false,false,true,false,20,6,MEETS_TARGET,src_nbc_news_now src_livenow_fox src_frontline src_abc_news_indepth src_cna_insider,,unclassified:730,,,NONE,,,,category news; route SOURCE_ROUTED; source policy curated; film sources: 
915,Press Review,ON_AIR,curated/video,7,14790,4.11,2,src_livenow_fox src_nbc_news_now,LiveNOW from FOX NBC News NOW,0.857,0.797,true,false,false,false,false,false,true,false,20,6,BELOW_VIABLE,src_nbc_news_now src_livenow_fox,,unclassified:7,,,BELOW_TARGET,7 programmes / 4.11 h against the LONGFORM target of 20 / 6 h.,,,category news; route SOURCE_ROUTED; source policy curated
916,Politics & Policy,ON_AIR,live/video,12,23024,6.4,5,src_berkman_klein src_cbc_news src_royal_institution src_harvard_chan src_abc_news_indepth,Berkman Klein Center for Internet & Society CBC News Royal Institution Harvard T.H. Chan School of Public Health ABC News In-depth,0.417,0.324,true,false,true,false,false,false,true,false,20,6,VIABLE_BELOW_TARGET,src_nbc_news_now src_livenow_fox,src_abc_news_indepth src_berkman_klein,unclassified:12,,,BELOW_TARGET,12 programmes / 6.4 h against the LONGFORM target of 20 / 6 h. Generation 3 candidates held by editorial or code decisions.,"imported 1.0.7: 2 routed, 2 in today's pool (1.45 h)","imported 1.0.10: 1 routed, 1 in today's pool (1 h); editorial: 2 held, 0 rejected; code-blocked: 1 LEGITIMATE_BOUNDED_REUSE (not implemented)",category news; route CURATED_AGGREGATE; source policy curated
917,Economy Today,ON_AIR,live/video,30,20813,5.78,6,src_bloomberg_tv src_abc_news_au src_reuters src_cna src_france24_english src_cnbc_international,Bloomberg Television ABC News (Australia) Reuters CNA FRANCE 24 English CNBC International,0.433,0.551,true,false,true,false,false,false,true,false,,,NOT_MEASURED_ROLLING,src_nbc_news_now src_livenow_fox,src_abc_news_au src_bloomberg_tv src_cna src_cnbc_international src_france24_english src_reuters src_yahoo_finance,unclassified:30,,,NONE,,,,category news; route CURATED_AGGREGATE; source policy curated; film sources: ; dynamic identity (configured): Economy Today: same-week economy news; status card DYNAMIC_EMPTY
918,Markets Today,THIN,live/video,1,483,0.13,1,src_livenow_fox,LiveNOW from FOX,1,1,true,false,true,false,false,true,false,false,20,6,BELOW_VIABLE,src_nbc_news_now src_livenow_fox,,unclassified:1,,,NEEDS_DEPTH,0.13 h of distinct programming; the airing floor is 3 h.,,,category news; route CURATED_AGGREGATE; source policy curated
919,Global Affairs,ON_AIR,live/video,231,109666,30.46,17,src_aljazeera_english src_france24_english src_dw_news src_cna src_trt_world src_abc_news_au src_channel4_news src_pbs_newshour src_itv_news src_bbc_news src_sky_news src_reuters src_euronews src_wion src_africanews src_nyt src_guardian_news,Al Jazeera English FRANCE 24 English DW News CNA TRT World ABC News (Australia) Channel 4 News PBS NewsHour ITV News BBC News Sky News Reuters euronews WION africanews The New York Times Guardian News,0.234,0.259,true,false,true,false,false,false,true,false,,,NOT_MEASURED_ROLLING,src_nbc_news_now src_livenow_fox,src_abc_news_au src_africanews src_aljazeera_english src_bbc_news src_channel4_news src_cna src_dw_news src_euronews src_france24_english src_guardian_news src_itv_news src_nyt src_pbs_newshour src_reuters src_sky_news src_trt_world src_wion,unclassified:231,,,NONE,,,,category news; route SOURCE_ROUTED; source policy curated; film sources: ; dynamic identity (configured): Global Affairs: diplomacy and international relations; status card DYNAMIC_EMPTY
920,CNN,UNAVAILABLE,official/video,0,0,0,0,,,0,0,false,true,false,false,false,false,false,true,,,NOT_MEASURED_UNAVAILABLE,,,,,,OFF_AIR_BY_POLICY,Rights-holder or subscription programming with no free authorised source; kept off air.,,,category news; route DELIBERATELY_UNAVAILABLE; source policy official-source-required; provider hint CNN; status card OFF_AIR
921,Fox News,UNAVAILABLE,official/video,0,0,0,0,,,0,0,false,true,false,false,false,false,false,true,,,NOT_MEASURED_UNAVAILABLE,src_nbc_news_now src_livenow_fox,,,,,OFF_AIR_BY_POLICY,Rights-holder or subscription programming with no free authorised source; kept off air.,,,category news; route DELIBERATELY_UNAVAILABLE; source policy official-source-required; provider hint Fox News; status card OFF_AIR
922,Fox Weather,ON_AIR,official/video,53,13831,3.84,1,src_fox_weather,FOX Weather,1,1,true,false,true,false,false,false,true,false,,,NOT_MEASURED_LIVE,src_nbc_news_now src_livenow_fox,src_fox_weather,unclassified:53,,,NONE,,,,category news; route SOURCE_ROUTED; source policy official-source-required; provider hint Fox Weather; film sources: ; dynamic identity (configured): FOX Weather: live US weather coverage and its own recent forecasts; official live stream: FOX Weather Live; status card LIVE_INTERRUPTED
923,LiveNOW from FOX,ON_AIR,official/video,94,88941,24.71,1,src_livenow_fox,LiveNOW from FOX,1,1,true,false,false,false,false,false,true,false,20,6,MEETS_TARGET,,,unclassified:94,,,NONE,,,,category news; route SOURCE_ROUTED; source policy official-source-required; provider hint LiveNOW from FOX
924,ABC News Live,HOLDING,official/video,0,0,0,0,,,0,0,false,true,true,false,false,false,false,true,,,NOT_MEASURED_LIVE,src_nbc_news_now src_livenow_fox,,,,,NEEDS_LIVE_PROVIDER,Live-only channel with no verified official stream.,,,category news; route SOURCE_ROUTED; source policy official-source-required; provider hint ABC News; live streams only; status card OFF_AIR
925,NBC News NOW,ON_AIR,official/video,64,44843,12.46,1,src_nbc_news_now,NBC News NOW,1,1,true,false,false,false,false,false,true,false,120,5,VIABLE_BELOW_TARGET,src_nbc_news_now src_livenow_fox,,unclassified:64,,,BELOW_TARGET,64 programmes / 12.46 h against the SHORT_FORM target of 120 / 5 h.,,,category news; route SOURCE_ROUTED; source policy official-source-required; provider hint NBC News
926,International News 5,ON_AIR,live/video,42,12514,3.48,1,src_france24_english,FRANCE 24 English,1,1,true,false,true,false,false,false,true,false,,,NOT_MEASURED_LIVE,src_nbc_news_now src_livenow_fox,src_france24_english,unclassified:42,,,NONE,,,,category news; route SOURCE_ROUTED; source policy curated; film sources: ; dynamic identity (configured): International News 5: FRANCE 24 English; official live stream: FRANCE 24 English Live; status card LIVE_INTERRUPTED
927,International News 6,ON_AIR,live/video,0,0,0,0,,,0,0,true,false,true,false,false,false,true,false,,,NOT_MEASURED_LIVE,src_nbc_news_now src_livenow_fox,,,,,NONE,,,,category news; route SOURCE_ROUTED; source policy curated; film sources: ; dynamic identity (configured): International News 6: TRT World; official live stream: TRT World Live; status card LIVE_INTERRUPTED
928,International News 7,ON_AIR,live/video,68,16110,4.47,1,src_wion,WION,1,1,true,false,true,false,false,false,true,false,,,NOT_MEASURED_LIVE,src_nbc_news_now src_livenow_fox,src_wion,unclassified:68,,,NONE,,,,category news; route SOURCE_ROUTED; source policy curated; film sources: ; dynamic identity (configured): International News 7: WION; official live stream: WION Live; status card LIVE_INTERRUPTED
929,International News 8,ON_AIR,live/video,0,0,0,0,,,0,0,true,false,true,false,false,false,true,false,,,NOT_MEASURED_LIVE,src_nbc_news_now src_livenow_fox,,,,,NONE,,,,category news; route SOURCE_ROUTED; source policy curated; film sources: ; dynamic identity (configured): International News 8: NHK WORLD-JAPAN (on-demand uploads are not embeddable); official live stream: NHK WORLD-JAPAN News Live; status card LIVE_INTERRUPTED
930,US News Network,ON_AIR,live/video,55,13907,3.86,3,src_newsnation src_pbs_newshour src_scripps_news,NewsNation PBS NewsHour Scripps News,0.709,0.82,true,false,true,false,false,false,true,false,,,NOT_MEASURED_ROLLING,src_nbc_news_now src_livenow_fox,src_newsnation src_pbs_newshour src_scripps_news,unclassified:55,,,NONE,,,,category news; route SOURCE_ROUTED; source policy curated; film sources: ; dynamic identity (configured): US News Network: rolling US news; status card DYNAMIC_EMPTY
931,European News Network,ON_AIR,live/video,0,0,0,0,,,0,0,true,false,true,false,false,false,true,false,,,NOT_MEASURED_LIVE,src_nbc_news_now src_livenow_fox,,,,,NONE,,,,category news; route SOURCE_ROUTED; source policy curated; film sources: ; dynamic identity (configured): European News Network: rolling Europe news; official live stream: DW News Live; status card LIVE_INTERRUPTED
932,Asia-Pacific News,ON_AIR,live/video,38,8242,2.29,1,src_abc_news_au,ABC News (Australia),1,1,true,false,true,false,false,false,true,false,,,NOT_MEASURED_LIVE,src_nbc_news_now src_livenow_fox,src_abc_news_au,unclassified:38,,,NONE,,,,category news; route SOURCE_ROUTED; source policy curated; film sources: ; dynamic identity (configured): Asia-Pacific News: rolling Asia-Pacific news; official live stream: ABC News Australia Live; status card LIVE_INTERRUPTED
933,Africa Report,ON_AIR,live/video,204,79012,21.95,6,src_sabc_news src_aljazeera_english src_dw_news src_trt_world src_bbc_news src_channel4_news,SABC News Al Jazeera English DW News TRT World BBC News Channel 4 News,0.721,0.746,true,false,true,false,false,false,true,false,,,NOT_MEASURED_ROLLING,,src_aljazeera_english src_bbc_news src_channel4_news src_dw_news src_sabc_news src_trt_world,unclassified:204,,,NONE,,,,category news; route SOURCE_ROUTED; source policy curated; film sources: ; dynamic identity (configured): Africa Report: rolling Africa news; status card DYNAMIC_EMPTY
934,Middle East Report,ON_AIR,live/video,73,19116,5.31,5,src_trt_world src_dw_news src_bbc_news src_sky_news src_france24_english,TRT World DW News BBC News Sky News FRANCE 24 English,0.726,0.406,true,false,true,false,false,false,true,false,,,NOT_MEASURED_ROLLING,,src_bbc_news src_dw_news src_france24_english src_sky_news src_trt_world,unclassified:73,,,NONE,,,,category news; route SOURCE_ROUTED; source policy curated; film sources: ; dynamic identity (configured): Middle East Report: rolling Middle East news; status card DYNAMIC_EMPTY
935,Americas Report,ON_AIR,live/video,47,20294,5.64,11,src_cbc_news src_aljazeera_english src_bbc_news src_dw_news src_france24_english src_pbs_newshour src_trt_world src_cbs_news src_africanews src_channel4_news src_sky_news,CBC News Al Jazeera English BBC News DW News FRANCE 24 English PBS NewsHour TRT World CBS News africanews Channel 4 News Sky News,0.468,0.647,true,false,true,false,false,false,true,false,,,NOT_MEASURED_ROLLING,,src_abc_news_au src_africanews src_aljazeera_english src_bbc_news src_cbc_news src_cbs_news src_channel4_news src_dw_news src_france24_english src_pbs_newshour src_sky_news src_trt_world,unclassified:47,,,NONE,,,,category news; route SOURCE_ROUTED; source policy curated; film sources: ; dynamic identity (configured): Americas Report: rolling Americas news; status card DYNAMIC_EMPTY
936,World Business,ON_AIR,live/video,23,11387,3.16,2,src_cnbc src_cnbc_international,CNBC CNBC International,0.783,0.676,true,false,true,false,false,false,true,false,,,NOT_MEASURED_ROLLING,,src_cnbc src_cnbc_international,unclassified:23,,,NONE,,,,category news; route SOURCE_ROUTED; source policy curated; film sources: ; dynamic identity (configured): World Business: international business stories; status card DYNAMIC_EMPTY
937,World Technology,ON_AIR,live/video,5,18801,5.22,2,src_chm src_computerphile,Computer History Museum Computerphile,0.8,0.959,true,false,true,false,false,false,true,false,20,6,BELOW_VIABLE,src_chm src_computerphile src_numberphile,,unclassified:5,,,BELOW_TARGET,5 programmes / 5.22 h against the LONGFORM target of 20 / 6 h.,,,category news; route SOURCE_ROUTED; source policy curated
938,World Science,ON_AIR,live/video,126,53427,14.84,20,src_new_scientist src_bbc_news src_france24_english src_dw_news src_sky_news src_sabc_news src_aljazeera_english src_abc_news_au src_pbs_newshour src_scripps_news src_newsnation src_wion src_euronews src_cna src_cbs_news src_africanews src_itv_news src_trt_world src_guardian_news src_npr,New Scientist BBC News FRANCE 24 English DW News Sky News SABC News Al Jazeera English ABC News (Australia) PBS NewsHour Scripps News NewsNation WION euronews CNA CBS News africanews ITV News TRT World Guardian News NPR,0.302,0.421,true,false,true,false,false,false,true,false,,,NOT_MEASURED_ROLLING,src_chm src_computerphile src_numberphile,src_abc_news_au src_africanews src_aljazeera_english src_bbc_news src_cbs_news src_cna src_dw_news src_euronews src_france24_english src_guardian_news src_itv_news src_new_scientist src_newsnation src_npr src_pbs_newshour src_sabc_news src_scripps_news src_sky_news src_trt_world src_wion,unclassified:126,,,NONE,,,,category news; route SOURCE_ROUTED; source policy curated; film sources: ; dynamic identity (configured): World Science: science news; status card DYNAMIC_EMPTY
939,Environment News,ON_AIR,live/video,45,15375,4.27,14,src_trt_world src_france24_english src_cna src_bbc_news src_abc_news_au src_pbs_newshour src_aljazeera_english src_dw_news src_guardian_news src_wion src_euronews src_sabc_news src_channel4_news src_nbc_news,TRT World FRANCE 24 English CNA BBC News ABC News (Australia) PBS NewsHour Al Jazeera English DW News Guardian News WION euronews SABC News Channel 4 News NBC News,0.2,0.244,true,false,true,false,false,false,true,false,,,NOT_MEASURED_ROLLING,src_nbc_news_now src_livenow_fox,src_abc_news_au src_aljazeera_english src_bbc_news src_channel4_news src_cna src_dw_news src_euronews src_france24_english src_guardian_news src_nbc_news src_pbs_newshour src_sabc_news src_trt_world src_wion,unclassified:45,,,NONE,,,,category news; route SOURCE_ROUTED; source policy curated; film sources: ; dynamic identity (configured): Environment News: environment and climate news; status card DYNAMIC_EMPTY
940,Sports News,ON_AIR,live/video,39,47700,13.25,9,src_fivb_archive src_world_rugby src_one src_fih src_top_rank src_fifa src_wwe src_icc src_nbc_news_now,FIVB / Volleyball World historical free replays World Rugby ONE Championship International Hockey Federation (FIH) Top Rank Boxing FIFA WWE ICC NBC News NOW,0.308,0.541,true,false,true,false,false,false,true,false,20,6,MEETS_TARGET,src_nbc_news_now src_livenow_fox,,unclassified:39,2023,2026,NONE,,,,category news; route SOURCE_ROUTED; source policy curated; sport routing: any sport
941,Culture News,ON_AIR,live/video,79,19451,5.4,20,src_sabc_news src_france24_english src_pbs_newshour src_sky_news src_cna src_cbs_news src_euronews src_africanews src_dw_news src_itv_news src_bbc_news src_abc_news src_wion src_newsnation src_aljazeera_english src_abc_news_au src_npr src_trt_world src_guardian_news src_nyt,SABC News FRANCE 24 English PBS NewsHour Sky News CNA CBS News euronews africanews DW News ITV News BBC News ABC News WION NewsNation Al Jazeera English ABC News (Australia) NPR TRT World Guardian News The New York Times,0.152,0.237,true,false,true,false,false,false,true,false,,,NOT_MEASURED_ROLLING,src_nbc_news_now src_livenow_fox,src_abc_news src_abc_news_au src_africanews src_aljazeera_english src_bbc_news src_cbs_news src_cna src_dw_news src_euronews src_france24_english src_guardian_news src_itv_news src_newsnation src_npr src_nyt src_pbs_newshour src_sabc_news src_sky_news src_trt_world src_wion,unclassified:79,,,NONE,,,,category news; route SOURCE_ROUTED; source policy curated; film sources: ; dynamic identity (configured): Culture News: arts and culture news; status card DYNAMIC_EMPTY
942,Media News,ON_AIR,live/video,118,51336,14.26,22,src_aljazeera_english src_pbs_newshour src_hollywood_reporter src_france24_english src_sky_news src_dw_news src_cbs_news src_scripps_news src_itv_news src_channel4_news src_npr src_bbc_news src_abc_news_au src_sabc_news src_nbc_news src_abc_news src_trt_world src_guardian_news src_nyt src_euronews src_africanews src_wion,Al Jazeera English PBS NewsHour The Hollywood Reporter FRANCE 24 English Sky News DW News CBS News Scripps News ITV News Channel 4 News NPR BBC News ABC News (Australia) SABC News NBC News ABC News TRT World Guardian News The New York Times euronews africanews WION,0.136,0.148,true,false,true,false,false,false,true,false,,,NOT_MEASURED_ROLLING,src_nbc_news_now src_livenow_fox,src_abc_news src_abc_news_au src_africanews src_aljazeera_english src_bbc_news src_cbs_news src_channel4_news src_dw_news src_euronews src_france24_english src_guardian_news src_hollywood_reporter src_itv_news src_nbc_news src_npr src_nyt src_pbs_newshour src_sabc_news src_scripps_news src_sky_news src_trt_world src_wion,unclassified:118,,,NONE,,,,"category news; route SOURCE_ROUTED; source policy curated; film sources: ; dynamic identity (configured): Media News: the news, film, television and press industries; status card DYNAMIC_EMPTY"
943,Longform News,ON_AIR,curated/video,23,49025,13.62,9,src_cnbc_international src_aljazeera_english src_trt_world src_france24_english src_cna src_itv_news src_dw_news src_cnbc src_sky_news,CNBC International Al Jazeera English TRT World FRANCE 24 English CNA ITV News DW News CNBC Sky News,0.478,0.569,true,false,false,false,false,false,true,false,,,NOT_MEASURED_ROLLING,src_nbc_news_now src_livenow_fox,src_aljazeera_english src_cna src_cnbc src_cnbc_international src_dw_news src_france24_english src_itv_news src_sky_news src_trt_world,unclassified:23,,,NONE,,,,category news; route SOURCE_ROUTED; source policy curated; film sources: ; dynamic identity (configured): Longform News: documentary-length reporting; status card DYNAMIC_EMPTY
944,News Interviews,ON_AIR,curated/video,31,43689,12.14,14,src_aljazeera_english src_cnbc_international src_npr src_nbc_news src_cbs_news src_trt_world src_sabc_news src_bbc_news src_pbs_newshour src_abc_news_au src_euronews src_nyt src_france24_english src_channel4_news,Al Jazeera English CNBC International NPR NBC News CBS News TRT World SABC News BBC News PBS NewsHour ABC News (Australia) euronews The New York Times FRANCE 24 English Channel 4 News,0.226,0.269,true,false,false,false,false,false,true,false,,,NOT_MEASURED_ROLLING,src_chm src_computerphile src_numberphile src_nbc_news_now src_livenow_fox,src_abc_news_au src_aljazeera_english src_bbc_news src_cbs_news src_channel4_news src_cnbc_international src_euronews src_france24_english src_nbc_news src_npr src_nyt src_pbs_newshour src_sabc_news src_trt_world,unclassified:31,,,NONE,,,,category news; route SOURCE_ROUTED; source policy curated; film sources: ; dynamic identity (configured): News Interviews: long-form news interviews; status card DYNAMIC_EMPTY
945,News Archive,ON_AIR,curated/video,399,366879,101.91,2,src_british_movietone src_ap_archive,British Movietone AP Archive,0.729,0.612,true,false,false,false,false,false,true,false,20,6,MEETS_TARGET,src_nbc_news_now src_livenow_fox src_ap_archive src_british_movietone,,unclassified:399,,,NONE,,,,category news; route SOURCE_ROUTED; source policy curated
946,Newsroom,ON_AIR,live/video,0,0,0,0,,,0,0,true,false,true,false,false,false,true,false,,,NOT_MEASURED_LIVE,src_nbc_news_now src_livenow_fox,,,,,NONE,,,,category news; route SOURCE_ROUTED; source policy curated; film sources: ; dynamic identity (configured): Newsroom: rolling UK and world news; official live stream: Sky News Live; status card LIVE_INTERRUPTED
947,Headlines,THIN,live/video,7,661,0.18,3,src_reuters src_itv_news src_bbc_news,Reuters ITV News BBC News,0.571,0.431,true,false,true,false,false,true,false,false,,,NOT_MEASURED_ROLLING,src_nbc_news_now src_livenow_fox,src_bbc_news src_channel4_news src_guardian_news src_itv_news src_reuters src_sky_news,unclassified:7,,,NEEDS_DEPTH,0.18 h of distinct programming; the airing floor is 3 h.,,,category news; route SOURCE_ROUTED; source policy curated; film sources: ; dynamic identity (configured): Headlines: short news reports; status card DYNAMIC_EMPTY
948,News Extra,UNAVAILABLE,live/video,0,0,0,0,,,0,0,false,true,true,false,false,false,false,true,,,NOT_MEASURED_UNAVAILABLE,src_nbc_news_now src_livenow_fox,,,,,OFF_AIR_BY_POLICY,News Extra has no editorial definition distinct from 900 News.,,,category news; route SOURCE_ROUTED; source policy curated; film sources: ; status card INTENTIONALLY_UNAVAILABLE → 900
949,Information,UNAVAILABLE,live/video,0,0,0,0,,,0,0,false,true,true,false,false,false,false,true,,,NOT_MEASURED_UNAVAILABLE,src_nbc_news_now src_livenow_fox,,,,,OFF_AIR_BY_POLICY,Information has no editorial definition distinct from 900 News and 894 Teletext.,,,category news; route SOURCE_ROUTED; source policy curated; film sources: ; status card INTENTIONALLY_UNAVAILABLE → 900
950,Radio One,HOLDING,radio/audio,0,0,0,0,,,0,0,false,true,false,true,false,false,false,true,,,NOT_MEASURED_AUDIO,,,,,,NEEDS_AUDIO_PROVIDER,Audio channel with no verified audio stream.,,,category radio; route SOURCE_ROUTED; source policy curated; status card OFF_AIR
951,Radio Two,HOLDING,radio/audio,0,0,0,0,,,0,0,false,true,false,true,false,false,false,true,,,NOT_MEASURED_AUDIO,,,,,,NEEDS_AUDIO_PROVIDER,Audio channel with no verified audio stream.,,,category radio; route SOURCE_ROUTED; source policy curated; status card OFF_AIR
952,Radio Three,HOLDING,radio/audio,0,0,0,0,,,0,0,false,true,false,true,false,false,false,true,,,NOT_MEASURED_AUDIO,,,,,,NEEDS_AUDIO_PROVIDER,Audio channel with no verified audio stream.,,,category radio; route SOURCE_ROUTED; source policy curated; status card OFF_AIR
953,Radio Four,HOLDING,radio/audio,0,0,0,0,,,0,0,false,true,false,true,false,false,false,true,,,NOT_MEASURED_AUDIO,,,,,,NEEDS_AUDIO_PROVIDER,Audio channel with no verified audio stream.,,,category radio; route SOURCE_ROUTED; source policy curated; status card OFF_AIR
954,Radio Five,HOLDING,radio/audio,0,0,0,0,,,0,0,false,true,false,true,false,false,false,true,,,NOT_MEASURED_AUDIO,,,,,,NEEDS_AUDIO_PROVIDER,Audio channel with no verified audio stream.,,,category radio; route SOURCE_ROUTED; source policy curated; status card OFF_AIR
955,Radio Six,HOLDING,radio/audio,0,0,0,0,,,0,0,false,true,false,true,false,false,false,true,,,NOT_MEASURED_AUDIO,,,,,,NEEDS_AUDIO_PROVIDER,Audio channel with no verified audio stream.,,,category radio; route SOURCE_ROUTED; source policy curated; status card OFF_AIR
956,Radio Seven,HOLDING,radio/audio,0,0,0,0,,,0,0,false,true,false,true,false,false,false,true,,,NOT_MEASURED_AUDIO,,,,,,NEEDS_AUDIO_PROVIDER,Audio channel with no verified audio stream.,,,category radio; route SOURCE_ROUTED; source policy curated; status card OFF_AIR
957,Radio Eight,HOLDING,radio/audio,0,0,0,0,,,0,0,false,true,false,true,false,false,false,true,,,NOT_MEASURED_AUDIO,,,,,,NEEDS_AUDIO_PROVIDER,Audio channel with no verified audio stream.,,,category radio; route SOURCE_ROUTED; source policy curated; status card OFF_AIR
958,Radio Nine,HOLDING,radio/audio,0,0,0,0,,,0,0,false,true,false,true,false,false,false,true,,,NOT_MEASURED_AUDIO,,,,,,NEEDS_AUDIO_PROVIDER,Audio channel with no verified audio stream.,,,category radio; route SOURCE_ROUTED; source policy curated; status card OFF_AIR
959,Radio Ten,HOLDING,radio/audio,0,0,0,0,,,0,0,false,true,false,true,false,false,false,true,,,NOT_MEASURED_AUDIO,,,,,,NEEDS_AUDIO_PROVIDER,Audio channel with no verified audio stream.,,,category radio; route SOURCE_ROUTED; source policy curated; status card OFF_AIR
960,Rock Radio,HOLDING,radio/audio,0,0,0,0,,,0,0,false,true,false,true,false,false,false,true,,,NOT_MEASURED_AUDIO,,,,,,NEEDS_AUDIO_PROVIDER,Audio channel with no verified audio stream.,,,category radio; route SOURCE_ROUTED; source policy curated; status card OFF_AIR
961,Alternative Radio,HOLDING,radio/audio,0,0,0,0,,,0,0,false,true,false,true,false,false,false,true,,,NOT_MEASURED_AUDIO,,,,,,NEEDS_AUDIO_PROVIDER,Audio channel with no verified audio stream.,,,category radio; route SOURCE_ROUTED; source policy curated; status card OFF_AIR
962,Indie Radio,HOLDING,radio/audio,0,0,0,0,,,0,0,false,true,false,true,false,false,false,true,,,NOT_MEASURED_AUDIO,,,,,,NEEDS_AUDIO_PROVIDER,Audio channel with no verified audio stream.,,,category radio; route SOURCE_ROUTED; source policy curated; status card OFF_AIR
963,Metal Radio,HOLDING,radio/audio,0,0,0,0,,,0,0,false,true,false,true,false,false,false,true,,,NOT_MEASURED_AUDIO,,,,,,NEEDS_AUDIO_PROVIDER,Audio channel with no verified audio stream.,,,category radio; route SOURCE_ROUTED; source policy curated; status card OFF_AIR
964,Punk Radio,HOLDING,radio/audio,0,0,0,0,,,0,0,false,true,false,true,false,false,false,true,,,NOT_MEASURED_AUDIO,,,,,,NEEDS_AUDIO_PROVIDER,Audio channel with no verified audio stream.,,,category radio; route SOURCE_ROUTED; source policy curated; status card OFF_AIR
965,Jazz Radio,HOLDING,radio/audio,0,0,0,0,,,0,0,false,true,false,true,false,false,false,true,,,NOT_MEASURED_AUDIO,src_jalc,,,,,NEEDS_AUDIO_PROVIDER,Audio channel with no verified audio stream.,,,category radio; route SOURCE_ROUTED; source policy curated; status card OFF_AIR
966,Blues Radio,HOLDING,radio/audio,0,0,0,0,,,0,0,false,true,false,true,false,false,false,true,,,NOT_MEASURED_AUDIO,,,,,,NEEDS_AUDIO_PROVIDER,Audio channel with no verified audio stream.,,,category radio; route SOURCE_ROUTED; source policy curated; status card OFF_AIR
967,Soul Radio,HOLDING,radio/audio,0,0,0,0,,,0,0,false,true,false,true,false,false,false,true,,,NOT_MEASURED_AUDIO,,,,,,NEEDS_AUDIO_PROVIDER,Audio channel with no verified audio stream.,,,category radio; route SOURCE_ROUTED; source policy curated; status card OFF_AIR
968,Funk Radio,HOLDING,radio/audio,0,0,0,0,,,0,0,false,true,false,true,false,false,false,true,,,NOT_MEASURED_AUDIO,,,,,,NEEDS_AUDIO_PROVIDER,Audio channel with no verified audio stream.,,,category radio; route SOURCE_ROUTED; source policy curated; status card OFF_AIR
969,Classical Radio,HOLDING,radio/audio,0,0,0,0,,,0,0,false,true,false,true,false,false,false,true,,,NOT_MEASURED_AUDIO,src_hr_symphony,,,,,NEEDS_AUDIO_PROVIDER,Audio channel with no verified audio stream.,,,category radio; route SOURCE_ROUTED; source policy curated; status card OFF_AIR
970,Ambient Radio,HOLDING,radio/audio,0,0,0,0,,,0,0,false,true,false,true,false,false,false,true,,,NOT_MEASURED_AUDIO,src_national_rail_scenic,,,,,NEEDS_AUDIO_PROVIDER,Audio channel with no verified audio stream.,,,category radio; route SOURCE_ROUTED; source policy curated; status card OFF_AIR
971,Electronic Radio,HOLDING,radio/audio,0,0,0,0,,,0,0,false,true,false,true,false,false,false,true,,,NOT_MEASURED_AUDIO,,,,,,NEEDS_AUDIO_PROVIDER,Audio channel with no verified audio stream.,,,category radio; route SOURCE_ROUTED; source policy curated; status card OFF_AIR
972,Dance Radio,HOLDING,radio/audio,0,0,0,0,,,0,0,false,true,false,true,false,false,false,true,,,NOT_MEASURED_AUDIO,,,,,,NEEDS_AUDIO_PROVIDER,Audio channel with no verified audio stream.,,,category radio; route SOURCE_ROUTED; source policy curated; status card OFF_AIR
973,Hip-Hop Radio,HOLDING,radio/audio,0,0,0,0,,,0,0,false,true,false,true,false,false,false,true,,,NOT_MEASURED_AUDIO,,,,,,NEEDS_AUDIO_PROVIDER,Audio channel with no verified audio stream.,,,category radio; route SOURCE_ROUTED; source policy curated; status card OFF_AIR
974,Reggae Radio,HOLDING,radio/audio,0,0,0,0,,,0,0,false,true,false,true,false,false,false,true,,,NOT_MEASURED_AUDIO,,,,,,NEEDS_AUDIO_PROVIDER,Audio channel with no verified audio stream.,,,category radio; route SOURCE_ROUTED; source policy curated; status card OFF_AIR
975,World Radio,HOLDING,radio/audio,0,0,0,0,,,0,0,false,true,false,true,false,false,false,true,,,NOT_MEASURED_AUDIO,,,,,,NEEDS_AUDIO_PROVIDER,Audio channel with no verified audio stream.,,,category radio; route SOURCE_ROUTED; source policy curated; status card OFF_AIR
976,Folk Radio,HOLDING,radio/audio,0,0,0,0,,,0,0,false,true,false,true,false,false,false,true,,,NOT_MEASURED_AUDIO,,,,,,NEEDS_AUDIO_PROVIDER,Audio channel with no verified audio stream.,,,category radio; route SOURCE_ROUTED; source policy curated; status card OFF_AIR
977,Country Radio,HOLDING,radio/audio,0,0,0,0,,,0,0,false,true,false,true,false,false,false,true,,,NOT_MEASURED_AUDIO,src_opry,,,,,NEEDS_AUDIO_PROVIDER,Audio channel with no verified audio stream.,,,category radio; route SOURCE_ROUTED; source policy curated; status card OFF_AIR
978,Oldies Radio,HOLDING,radio/audio,0,0,0,0,,,0,0,false,true,false,true,false,false,false,true,,,NOT_MEASURED_AUDIO,,,,,,NEEDS_AUDIO_PROVIDER,Audio channel with no verified audio stream.,,,category radio; route SOURCE_ROUTED; source policy curated; status card OFF_AIR
979,90s Radio,HOLDING,radio/audio,0,0,0,0,,,0,0,false,true,false,true,false,false,false,true,,,NOT_MEASURED_AUDIO,,,,,,NEEDS_AUDIO_PROVIDER,Audio channel with no verified audio stream.,,,category radio; route SOURCE_ROUTED; source policy curated; status card OFF_AIR
980,Talk Radio,HOLDING,radio/audio,0,0,0,0,,,0,0,false,true,false,true,false,false,false,true,,,NOT_MEASURED_AUDIO,,,,,,NEEDS_AUDIO_PROVIDER,Audio channel with no verified audio stream.,,,category radio; route SOURCE_ROUTED; source policy curated; status card OFF_AIR
981,News Radio,HOLDING,radio/audio,0,0,0,0,,,0,0,false,true,false,true,false,false,false,true,,,NOT_MEASURED_AUDIO,src_nbc_news_now src_livenow_fox,,,,,NEEDS_AUDIO_PROVIDER,Audio channel with no verified audio stream.,,,category radio; route SOURCE_ROUTED; source policy curated; status card OFF_AIR
982,Business Radio,HOLDING,radio/audio,0,0,0,0,,,0,0,false,true,false,true,false,false,false,true,,,NOT_MEASURED_AUDIO,,,,,,NEEDS_AUDIO_PROVIDER,Audio channel with no verified audio stream.,,,category radio; route SOURCE_ROUTED; source policy curated; status card OFF_AIR
983,Science Radio,HOLDING,radio/audio,0,0,0,0,,,0,0,false,true,false,true,false,false,false,true,,,NOT_MEASURED_AUDIO,src_chm src_computerphile src_numberphile,,,,,NEEDS_AUDIO_PROVIDER,Audio channel with no verified audio stream.,,,category radio; route SOURCE_ROUTED; source policy curated; status card OFF_AIR
984,History Radio,HOLDING,radio/audio,0,0,0,0,,,0,0,false,true,false,true,false,false,false,true,,,NOT_MEASURED_AUDIO,,,,,,NEEDS_AUDIO_PROVIDER,Audio channel with no verified audio stream.,,,category radio; route SOURCE_ROUTED; source policy curated; status card OFF_AIR
985,Culture Radio,HOLDING,radio/audio,0,0,0,0,,,0,0,false,true,false,true,false,false,false,true,,,NOT_MEASURED_AUDIO,,,,,,NEEDS_AUDIO_PROVIDER,Audio channel with no verified audio stream.,,,category radio; route SOURCE_ROUTED; source policy curated; status card OFF_AIR
986,Books Radio,HOLDING,radio/audio,0,0,0,0,,,0,0,false,true,false,true,false,false,false,true,,,NOT_MEASURED_AUDIO,,,,,,NEEDS_AUDIO_PROVIDER,Audio channel with no verified audio stream.,,,category radio; route SOURCE_ROUTED; source policy curated; status card OFF_AIR
987,Drama Radio,HOLDING,radio/audio,0,0,0,0,,,0,0,false,true,false,true,false,false,false,true,,,NOT_MEASURED_AUDIO,,,,,,NEEDS_AUDIO_PROVIDER,Audio channel with no verified audio stream.,,,category radio; route SOURCE_ROUTED; source policy curated; status card OFF_AIR
988,Comedy Radio,HOLDING,radio/audio,0,0,0,0,,,0,0,false,true,false,true,false,false,false,true,,,NOT_MEASURED_AUDIO,,,,,,NEEDS_AUDIO_PROVIDER,Audio channel with no verified audio stream.,,,category radio; route SOURCE_ROUTED; source policy curated; status card OFF_AIR
989,Sport Radio,HOLDING,radio/audio,0,0,0,0,,,0,0,false,true,false,true,false,false,false,true,,,NOT_MEASURED_AUDIO,,,,,,NEEDS_AUDIO_PROVIDER,Audio channel with no verified audio stream.,,,category radio; route SOURCE_ROUTED; source policy curated; sport routing: any sport; status card OFF_AIR
990,Late Night Radio,HOLDING,radio/audio,0,0,0,0,,,0,0,false,true,false,true,false,false,false,true,,,NOT_MEASURED_AUDIO,,,,,,NEEDS_AUDIO_PROVIDER,Audio channel with no verified audio stream.,,,category radio; route SOURCE_ROUTED; source policy curated; status card OFF_AIR
991,Night Music,HOLDING,radio/audio,0,0,0,0,,,0,0,false,true,false,true,false,false,false,true,,,NOT_MEASURED_AUDIO,,,,,,NEEDS_AUDIO_PROVIDER,Audio channel with no verified audio stream.,,,category radio; route SOURCE_ROUTED; source policy curated; status card OFF_AIR
992,Concert Hall,HOLDING,radio/audio,0,0,0,0,,,0,0,false,true,false,true,false,false,false,true,,,NOT_MEASURED_AUDIO,,,,,,NEEDS_AUDIO_PROVIDER,Audio channel with no verified audio stream.,,,category radio; route SOURCE_ROUTED; source policy curated; status card OFF_AIR
993,The Third Programme,HOLDING,radio/audio,0,0,0,0,,,0,0,false,true,false,true,false,false,false,true,,,NOT_MEASURED_AUDIO,,,,,,NEEDS_AUDIO_PROVIDER,Audio channel with no verified audio stream.,,,category radio; route CURATED_AGGREGATE; source policy curated; status card OFF_AIR
994,World Service,HOLDING,radio/audio,0,0,0,0,,,0,0,false,true,false,true,false,false,false,true,,,NOT_MEASURED_AUDIO,,,,,,NEEDS_AUDIO_PROVIDER,Audio channel with no verified audio stream.,,,category radio; route CURATED_AGGREGATE; source policy curated; status card OFF_AIR
995,Community Radio,HOLDING,radio/audio,0,0,0,0,,,0,0,false,true,false,true,false,false,false,true,,,NOT_MEASURED_AUDIO,,,,,,NEEDS_AUDIO_PROVIDER,Audio channel with no verified audio stream.,,,category radio; route SOURCE_ROUTED; source policy curated; status card OFF_AIR
996,Experimental Radio,HOLDING,radio/audio,0,0,0,0,,,0,0,false,true,false,true,false,false,false,true,,,NOT_MEASURED_AUDIO,,,,,,NEEDS_AUDIO_PROVIDER,Audio channel with no verified audio stream.,,,category radio; route SOURCE_ROUTED; source policy curated; status card OFF_AIR
997,Archive Radio,HOLDING,radio/audio,0,0,0,0,,,0,0,false,true,false,true,false,false,false,true,,,NOT_MEASURED_AUDIO,,,,,,NEEDS_AUDIO_PROVIDER,Audio channel with no verified audio stream.,,,category radio; route SOURCE_ROUTED; source policy curated; status card OFF_AIR
998,Radio Test,HOLDING,radio/audio,0,0,0,0,,,0,0,false,true,false,true,false,false,false,true,,,NOT_MEASURED_AUDIO,,,,,,NEEDS_AUDIO_PROVIDER,Audio channel with no verified audio stream.,,,category radio; route SOURCE_ROUTED; source policy curated; status card OFF_AIR
999,Closedown,ON_AIR,radio/audio,0,0,0,0,,,0,0,true,false,false,true,true,false,true,false,,,NOT_MEASURED_AUDIO,,,,,,NONE,,,,category radio; route RETROTV_ORIGINAL_GENERATED; source policy curated; RetroTV original format: test-card
